,Li,B,O,F,Na,Mg,Al,Si,P,K,Ca,Ti,Fe,Sr,Zr,Ba,Pb,Expansion
1,0,0,63.3,0,0,0,0,29.96666667,0,6.733333333,0,0,0,0,0,0,0,62
2,0,0,62.06666667,0,0,0,0,28.73333333,0,9.2,0,0,0,0,0,0,0,88
3,0,0,60.83333333,0,0,0,0,27.5,0,11.66666667,0,0,0,0,0,0,0,107
4,0,0,59.5,0,0,0,0,26.16666667,0,14.33333333,0,0,0,0,0,0,0,127
5,0,0,58.13333333,0,0,0,0,24.8,0,17.06666667,0,0,0,0,0,0,0,155
6,0,0,56.7,0,0,0,0,23.36666667,0,19.93333333,0,0,0,0,0,0,0,177
7,0,0,55.23333333,0,0,0,0,21.9,0,22.86666667,0,0,0,0,0,0,0,196
8,0,0,50.36666667,0,0,0,0,17.03333333,0,32.6,0,0,0,0,0,0,0,230
27,0,3.941046617,64.2384106,0,1.895857681,1.214128035,0.766134268,27.07115959,0,0,0.873263213,0,0,0,0,0,0,34
28,0,5.528883868,64.24111205,0,2.48517368,0.238476262,0.753082933,26.58382754,0,0,0.16944366,0,0,0,0,0,0,33
29,0,5.128043396,64.87006434,0,1.28043396,0,0.775829444,27.42840923,0,0,0,0,0,0,0,0.517219629,0,33
31,0,6.044472283,64.42530536,0,2.467898528,0,0,27.06232383,0,0,0,0,0,0,0,0,0,31
36,0,0,62.05743863,0,0,0,4.004169512,22.11279249,0,0,11.82559937,0,0,0,0,0,0,61
37,0,0,62.37436738,0,0,0,3.97747523,22.75999715,0,0,10.88816024,0,0,0,0,0,0,59
38,0,0,62.7285563,0,0,0,3.946346629,23.48393929,0,0,9.841157783,0,0,0,0,0,0,56
39,0,0,63.14742426,0,0,0,3.908976686,24.34036018,0,0,8.603238866,0,0,0,0,0,0,51
40,0,0,62.95346795,0,0,2.619841967,3.856014047,23.97892888,0,0,6.591747147,0,0,0,0,0,0,46
41,0,0,62.83971941,0,0,4.155944869,3.821072297,23.76890268,0,0,5.414360746,0,0,0,0,0,0,44
42,0,0,63.47441828,0,0,0,4.011599807,24.94303666,0,0,6.8563143,0,0,0,0,0.714630947,0,52
43,0,0,63.67876003,0,0,0,4.066936424,25.32405185,0,0,5.767779988,0,0,0,0,1.16247171,0,54
46,0,0,62.59282612,0,0,0,4.756900659,22.80720191,0,0,9.843071318,0,0,0,0,0,0,53
47,0,0,62.40657171,0,0,2.644196869,4.681991257,22.47214779,0,0,7.795092371,0,0,0,0,0,0,49
48,0,0,62.2965322,0,0,4.193205945,4.642604388,22.27176221,0,0,6.595895258,0,0,0,0,0,0,47
49,0,0,62.07130125,0,0,7.361853832,4.556149733,21.86452763,0,0,4.146167558,0,0,0,0,0,0,45
50,0,0,62.90892709,0,0,0,4.872470197,23.38161907,0,0,8.112697533,0,0,0,0,0.72428611,0,55
51,0,0,63.10662904,0,0,0,4.949404557,23.73855579,0,0,7.031734013,0,0,0,0,1.173676602,0,56
54,0,0,61.96949368,0,0,0,5.451592402,21.21319116,0,0,11.36572276,0,0,0,0,0,0,58
55,0,0,62.48563569,0,0,0,5.390535223,22.27600376,0,0,9.84782533,0,0,0,0,0,0,54
56,0,0,62.83625328,0,0,0,5.352462409,22.99627535,0,0,8.815008967,0,0,0,0,0,0,51
57,0,0,63.22435329,0,0,0,5.30339226,23.79701044,0,0,7.675244011,0,0,0,0,0,0,46
58,0,0,63.52683841,0,0,0,3.506700924,25.30032637,0,0,7.666134296,0,0,0,0,0,0,46
62,0,0,63.11255083,0,1.364670205,0,3.487490523,25.1636915,0,0,6.87159694,0,0,0,0,0,0,51
63,0,0,62.7031095,0,2.716108508,0,3.468682653,25.02993193,0,0,6.082167414,0,0,0,0,0,0,55
67,0,1.196430986,63.21481682,0,1.345139922,0,3.433824523,24.78707584,0,0,6.02271191,0,0,0,0,0,0,49
68,0,2.371488694,63.71622299,0,0,0,3.400247169,24.54657804,0,0,5.965463108,0,0,0,0,0,0,41
69,0,1.205311542,63.6227443,0,0,0,3.452502554,24.91658155,0,0,6.802860061,0,0,0,0,0,0,43
70,0,20.63492063,62.96296296,0,0.529100529,0,0,15.87301587,0,0,0,0,0,0,0,0,0,45
71,0,15.73033708,63.48314607,0,1.123595506,0,0,19.66292135,0,0,0,0,0,0,0,0,0,36
72,0,20.21276596,62.76595745,0,1.063829787,0,0,15.95744681,0,0,0,0,0,0,0,0,0,46
73,0,19.78609626,62.56684492,0,1.604278075,0,0,16.04278075,0,0,0,0,0,0,0,0,0,45
74,0,12.28070175,63.4502924,0,2.339181287,0,0,21.92982456,0,0,0,0,0,0,0,0,0,32
75,0,14.77272727,63.06818182,0,2.272727273,0,0,19.88636364,0,0,0,0,0,0,0,0,0,33
76,0,17.12707182,62.70718232,0,2.209944751,0,0,17.9558011,0,0,0,0,0,0,0,0,0,40
77,0,19.35483871,62.3655914,0,2.150537634,0,0,16.12903226,0,0,0,0,0,0,0,0,0,43
78,0,21.46596859,62.04188482,0,2.094240838,0,0,14.39790576,0,0,0,0,0,0,0,0,0,50
79,0,18.91891892,62.16216216,0,2.702702703,0,0,16.21621622,0,0,0,0,0,0,0,0,0,45
80,0,13.79310345,62.64367816,0,3.448275862,0,0,20.11494253,0,0,0,0,0,0,0,0,0,41
81,0,18.47826087,61.95652174,0,3.260869565,0,0,16.30434783,0,0,0,0,0,0,0,0,0,46
82,0,10.17964072,62.5748503,0,4.790419162,0,0,22.45508982,0,0,0,0,0,0,0,0,0,42
83,0,12.79069767,62.20930233,0,4.651162791,0,0,20.34883721,0,0,0,0,0,0,0,0,0,47
84,0,15.25423729,61.86440678,0,4.519774011,0,0,18.36158192,0,0,0,0,0,0,0,0,0,49
85,0,17.58241758,61.53846154,0,4.395604396,0,0,16.48351648,0,0,0,0,0,0,0,0,0,51
86,0,19.78609626,61.22994652,0,4.278074866,0,0,14.70588235,0,0,0,0,0,0,0,0,0,57
87,0,15.73033708,60.6741573,0,6.741573034,0,0,16.85393258,0,0,0,0,0,0,0,0,0,64
88,0,20.21276596,62.76595745,0,0,0,0,15.95744681,0,1.063829787,0,0,0,0,0,0,0,47
89,0,19.35483871,62.3655914,0,0,0,0,16.12903226,0,2.150537634,0,0,0,0,0,0,0,50
90,0,18.47826087,61.95652174,0,0,0,0,16.30434783,0,3.260869565,0,0,0,0,0,0,0,56
91,0,17.58241758,61.53846154,0,0,0,0,16.48351648,0,4.395604396,0,0,0,0,0,0,0,65
92,0,16.66666667,61.11111111,0,0,0,0,16.66666667,0,5.555555556,0,0,0,0,0,0,0,74
93,0,19.78609626,61.22994652,0,0,0,0,14.70588235,0,4.278074866,0,0,0,0,0,0,0,65
94,0,15.25423729,61.86440678,0,0,0,0,18.36158192,0,4.519774011,0,0,0,0,0,0,0,63
95,0,12.79069767,62.20930233,0,0,0,0,20.34883721,0,4.651162791,0,0,0,0,0,0,0,60
96,0,10.17964072,62.5748503,0,0,0,0,22.45508982,0,4.790419162,0,0,0,0,0,0,0,56
97,0,14.77272727,63.06818182,0,0,0,0,19.88636364,0,2.272727273,0,0,0,0,0,0,0,58
98,13.33333333,0,60,0,0,0,0,25.83333333,0,0,0,0,0,0,0.833333333,0,0,64
99,13.33333333,0,60,0,0,0,0,25,0,0,0,0,0,0,1.666666667,0,0,62
100,13.33333333,0,60,0,0,0,0,24.16666667,0,0,0,0,0,0,2.5,0,0,64
101,13.33333333,0,60,0,0,0,0,23.33333333,0,0,0,0,0,0,3.333333333,0,0,65
102,16.66666667,0,58.33333333,0,0,0,0,24.16666667,0,0,0,0,0,0,0.833333333,0,0,82
103,16.66666667,0,58.33333333,0,0,0,0,23.33333333,0,0,0,0,0,0,1.666666667,0,0,79
104,16.66666667,0,58.33333333,0,0,0,0,22.5,0,0,0,0,0,0,2.5,0,0,77
105,16.66666667,0,58.33333333,0,0,0,0,21.66666667,0,0,0,0,0,0,3.333333333,0,0,75
106,20,0,56.66666667,0,0,0,0,21.66666667,0,0,0,0,0,0,1.666666667,0,0,88
107,20,0,56.66666667,0,0,0,0,20,0,0,0,0,0,0,3.333333333,0,0,86
109,0,0,61.85600579,0,0,12.46382055,3.936324168,21.74384949,0,0,0,0,0,0,0,0,0,38.5
110,0,0,61.52234141,0,0,12.47424877,5.917454003,20.08595581,0,0,0,0,0,0,0,0,0,37
111,0,0,61.18877462,0,0,12.48387659,7.899599094,18.42774969,0,0,0,0,0,0,0,0,0,37
112,0,0,61.02228144,0,0,14.96409801,3.938115331,20.07550522,0,0,0,0,0,0,0,0,0,42.5
113,0,0,60.68857704,0,0,14.97491456,5.918708645,18.41779975,0,0,0,0,0,0,0,0,0,41.5
114,0,0,60.3534452,0,0,14.99107462,7.897179579,16.75830061,0,0,0,0,0,0,0,0,0,39
115,0,0,60.18844364,0,0,17.46320051,3.942937148,18.4054187,0,0,0,0,0,0,0,0,0,47
116,0,0,59.85423174,0,0,17.47731667,5.919976201,16.74847538,0,0,0,0,0,0,0,0,0,45
117,0,0,59.35493851,0,0,19.96287416,3.94462062,16.73756671,0,0,0,0,0,0,0,0,0,50.5
118,0,0,58.52068434,0,0,22.46631633,3.94326129,15.06973804,0,0,0,0,0,0,0,0,0,55
119,0,0,63.33333333,0,0,0,6.666666667,23.33333333,0,0,6.666666667,0,0,0,0,0,0,45.6
120,0,0,62.5,0,0,0,12.5,18.75,0,0,6.25,0,0,0,0,0,0,43.8
121,0,0,62.12121212,0,0,0,15.15151515,16.66666667,0,0,6.060606061,0,0,0,0,0,0,39.9
122,0,0,60,0,0,0,13.33333333,13.33333333,0,0,13.33333333,0,0,0,0,0,0,67.5
123,0,0,59.375,0,0,0,18.75,9.375,0,0,12.5,0,0,0,0,0,0,61.7
124,0,0,63.62252664,0,0,0,11.87214612,21.30898021,0,0,0,0,0,0,0,3.196347032,0,31
125,0,0,63.55140187,0,0,0,10.59190031,21.80685358,0,0,0,0,0,0,0,4.049844237,0,38
126,0,0,63.46153846,0,0,0,8.974358974,22.43589744,0,0,0,0,0,0,0,5.128205128,0,44
127,0,0,63.39869281,0,0,0,7.843137255,22.87581699,0,0,0,0,0,0,0,5.882352941,0,50
128,0,0,63.04347826,0,0,0,11.80124224,20.1863354,0,0,0,0,0,0,0,4.968944099,0,38
129,0,0,62.97468354,0,0,0,10.75949367,20.56962025,0,0,0,0,0,0,0,5.696202532,0,44
130,0,0,62.86644951,0,0,0,9.120521173,21.17263844,0,0,0,0,0,0,0,6.840390879,0,51
131,0,0,62.79069767,0,0,0,7.973421927,21.59468439,0,0,0,0,0,0,0,7.641196013,0,56
132,0,0,62.35864297,0,0,0,10.66235864,19.38610662,0,0,0,0,0,0,0,7.592891761,0,52
133,0,0,62.27347611,0,0,0,9.555189456,19.7693575,0,0,0,0,0,0,0,8.401976936,0,57
134,0,0,62.16216216,0,0,0,8.108108108,20.27027027,0,0,0,0,0,0,0,9.459459459,0,63
135,0,0,61.76470588,0,0,0,11.11111111,17.97385621,0,0,0,0,0,0,0,9.150326797,0,57
136,0,0,61.61616162,0,0,0,9.427609428,18.51851852,0,0,0,0,0,0,0,10.43771044,0,64
137,0,0,61.48531952,0,0,0,7.944732297,18.99827288,0,0,0,0,0,0,0,11.5716753,0,70
139,0,11.17191472,64.51063066,0,0,0,0,23.43530397,0,0,0,0,0,0,0,0,0.882150653,28
140,0,6.525752849,64.90736614,0,0,0,0,26.55185586,0,0,0,0,0,0,0,0,2.015025148,25
141,0,15.87777621,63.76856698,0,0,0,0,19.59824586,0,0,0,0,0,0,0,0,0.755410949,34
142,0,11.982009,64.02698651,0,0,0,0,22.06296852,0,0,0,0,0,0,0,0,1.928035982,32
143,0,7.106436199,64.38123336,0,0,0,0,25.20924863,0,0,0,0,0,0,0,0,3.303081807,31
144,0,20.7172377,62.97826956,0,0,0,0,15.59792028,0,0,0,0,0,0,0,0,0.706572457,47
145,0,17.1875,63.20227888,0,0,0,0,17.81080776,0,0,0,0,0,0,0,0,1.799413357,37
146,0,15.31534149,63.29198501,0,0,0,0,18.92629928,0,0,0,0,0,0,0,0,2.466374227,40
147,0,13.19288137,63.39245521,0,0,0,0,20.18846973,0,0,0,0,0,0,0,0,3.226193692,39
148,0,8.028961148,63.66280949,0,0,0,0,23.31113841,0,0,0,0,0,0,0,0,4.997090956,42
149,0,24.86584995,62.25574567,0,0,0,0,12.07856637,0,0,0,0,0,0,0,0,0.799838007,54
150,0,22.61980156,62.30472873,0,0,0,0,13.29955668,0,0,0,0,0,0,0,0,1.775913025,48
151,0,19.14274523,62.45033854,0,0,0,0,15.32930446,0,0,0,0,0,0,0,0,3.077611773,46
152,0,15.01301966,62.56322768,0,0,0,0,17.61994553,0,0,0,0,0,0,0,0,4.803807129,47
153,0,9.275627018,62.74746421,0,0,0,0,20.8571149,0,0,0,0,0,0,0,0,7.119793875,53
154,0,26.95990425,61.58487931,0,0,0,0,9.689806503,0,0,0,0,0,0,0,0,1.765409934,59
155,0,24.34882868,61.62150831,0,0,0,0,11.06860227,0,0,0,0,0,0,0,0,2.961060741,55
156,0,20.98638224,61.66142193,0,0,0,0,12.82965273,0,0,0,0,0,0,0,0,4.522543095,54
157,0,16.95624869,61.61667514,0,0,0,0,14.75522593,0,0,0,0,0,0,0,0,6.671850235,53
158,0,10.73621657,61.62099703,0,0,0,0,17.87388577,0,0,0,0,0,0,0,0,9.768900627,79
159,0,32.49465399,61.00596023,0,0,0,0,5.764593476,0,0,0,0,0,0,0,0,0.734792302,78
160,0,31.37245711,60.87700384,0,0,0,0,6.067779132,0,0,0,0,0,0,0,0,1.682759914,71
161,0,29.30058101,60.83449781,0,0,0,0,7.018705107,0,0,0,0,0,0,0,0,2.846216077,63
162,0,27.0039151,60.7407789,0,0,0,0,7.979600247,0,0,0,0,0,0,0,0,4.275705749,60
163,0,23.54402429,60.62655258,0,0,0,0,9.481093017,0,0,0,0,0,0,0,0,6.348330113,62
164,0,18.93786671,60.44531368,0,0,0,0,11.421694,0,0,0,0,0,0,0,0,9.195125621,63
165,0,12.45881799,60.15262556,0,0,0,0,14.07584213,0,0,0,0,0,0,0,0,13.31271431,79
166,0,35.25770005,60.26046388,0,0,0,0,2.892077741,0,0,0,0,0,0,0,0,1.58975833,89
167,0,33.93503459,60.12507445,0,0,0,0,3.282631603,0,0,0,0,0,0,0,0,2.657259358,82
168,0,32.30081087,59.93015524,0,0,0,0,3.70990504,0,0,0,0,0,0,0,0,4.059128854,69
169,0,30.02832861,59.69243221,0,0,0,0,4.370700121,0,0,0,0,0,0,0,0,5.908539053,64
170,0,26.96653629,59.35462842,0,0,0,0,5.225988701,0,0,0,0,0,0,0,0,8.452846588,70
171,0,22.36076974,58.84539296,0,0,0,0,6.510401055,0,0,0,0,0,0,0,0,12.28343624,76
172,0,14.97946364,57.99882649,0,0,0,0,8.507921168,0,0,0,0,0,0,0,0,18.5137887,98
173,0,0,69.31818182,0,0,0,0,0.909090909,15.90909091,0,0,13.86363636,0,0,0,0,0,55
174,0,0,69.04761905,0,0,0,0,0.476190476,14.28571429,0,0,16.19047619,0,0,0,0,0,47
175,0,0,68.75,0,0,0,0,0.5,12.5,0,0,18.25,0,0,0,0,0,45.3
176,0,0,68.42105263,0,0,0,0,1.315789474,10.52631579,0,0,19.73684211,0,0,0,0,0,39.8
177,0,5.809049688,65.38668865,0,0,0,0,27.86885246,0,0,0,0,0,0,0,0,0.935409202,21
178,0,7.125992702,64.10020544,0,2.45914206,0,0.895348481,25.41931132,0,0,0,0,0,0,0,0,0,32.5
179,0,0,59.74632616,0,10.74704218,1.48999284,0.893313785,24.73660882,0,0.654642163,1.588871083,0,0.020457568,0,0,0.122745406,0,102
195,0,0,62.06896552,0,0,0,6.896551724,20.68965517,0,0,0,0,0,0,0,10.34482759,0,79
199,0,0,62.06896552,0,0,0,6.896551724,20.68965517,0,0,0,0,0,10.34482759,0,0,0,73
206,0,0,59.25925926,0,0,0,7.407407407,14.81481481,0,0,0,0,0,0,0,18.51851852,0,106
207,0,0,59.25925926,0,0,0,7.407407407,14.81481481,0,0,0,0,0,18.51851852,0,0,0,97
208,0,0,59.25925926,0,0,18.51851852,7.407407407,14.81481481,0,0,0,0,0,0,0,0,0,63
209,0,0,59.64912281,0,0,0,10.52631579,14.03508772,0,0,0,0,0,0,0,15.78947368,0,94
210,0,0,59.64912281,0,0,0,10.52631579,14.03508772,0,0,0,0,0,15.78947368,0,0,0,89
211,0,0,59.64912281,0,0,0,10.52631579,14.03508772,0,0,15.78947368,0,0,0,0,0,0,79
212,0,0,60,0,0,0,7.272727273,16.36363636,0,0,0,0,0,0,0,16.36363636,0,101
213,0,0,60.34482759,0,0,0,10.34482759,15.51724138,0,0,0,0,0,0,0,13.79310345,0,90
214,0,0,60.34482759,0,0,0,10.34482759,15.51724138,0,0,0,0,0,13.79310345,0,0,0,84
215,0,0,60.34482759,0,0,13.79310345,10.34482759,15.51724138,0,0,0,0,0,0,0,0,0,52.5
216,0,0,60.6557377,0,0,0,13.1147541,14.75409836,0,0,11.47540984,0,0,0,0,0,0,66
217,0,0,60.71428571,0,0,0,7.142857143,17.85714286,0,0,0,0,0,0,0,14.28571429,0,96
218,0,0,60.71428571,0,0,0,7.142857143,17.85714286,0,0,0,0,0,14.28571429,0,0,0,87
219,0,0,61.01694915,0,0,0,10.16949153,16.94915254,0,0,0,0,0,0,0,11.86440678,0,85
220,0,0,61.01694915,0,0,0,10.16949153,16.94915254,0,0,0,0,0,11.86440678,0,0,0,79
221,0,0,61.11111111,0,0,0,3.703703704,20.37037037,0,0,0,0,0,0,0,14.81481481,0,103
222,0,0,61.11111111,0,0,0,3.703703704,20.37037037,0,0,0,0,0,14.81481481,0,0,0,92
223,0,0,61.11111111,0,0,0,3.703703704,20.37037037,0,0,14.81481481,0,0,0,0,0,0,82
224,0,0,61.11111111,0,0,14.81481481,3.703703704,20.37037037,0,0,0,0,0,0,0,0,0,58
225,0,0,61.40350877,0,0,0,7.01754386,19.29824561,0,0,0,0,0,0,0,12.28070175,0,87.5
226,0,0,61.40350877,0,0,0,7.01754386,19.29824561,0,0,0,0,0,12.28070175,0,0,0,80
227,0,0,61.66666667,0,0,0,10,18.33333333,0,0,0,0,0,0,0,10,0,81
228,0,0,61.66666667,0,0,0,10,18.33333333,0,0,0,0,0,10,0,0,0,73
229,0,0,62.71186441,0,0,0,6.779661017,22.03389831,0,0,0,0,0,0,0,8.474576271,0,75
230,0,0,62.71186441,0,0,0,6.779661017,22.03389831,0,0,0,0,0,8.474576271,0,0,0,67
231,0,9.090909091,62.12121212,0,5.454545455,0,0,22.72727273,0,0.606060606,0,0,0,0,0,0,0,60.1
232,0,9.090909091,62.12121212,0,4.242424242,0,0,22.72727273,0,1.818181818,0,0,0,0,0,0,0,61.4
233,0,9.090909091,62.12121212,0,3.636363636,0,0,22.72727273,0,2.424242424,0,0,0,0,0,0,0,60.9
234,0,9.090909091,62.12121212,0,3.03030303,0,0,22.72727273,0,3.03030303,0,0,0,0,0,0,0,62.2
235,0,9.090909091,62.12121212,0,2.424242424,0,0,22.72727273,0,3.636363636,0,0,0,0,0,0,0,64.2
236,0,9.090909091,62.12121212,0,1.818181818,0,0,22.72727273,0,4.242424242,0,0,0,0,0,0,0,65.4
237,0,9.090909091,62.12121212,0,0.606060606,0,0,22.72727273,0,5.454545455,0,0,0,0,0,0,0,70.7
238,0,9.090909091,62.12121212,0,0,0,0,22.72727273,0,6.060606061,0,0,0,0,0,0,0,66.5
247,0,0,55.56666667,0,22.2,0,0,22.23333333,0,0,0,0,0,0,0,0,0,155.4
248,0,9.666117682,63.389729,0,2.53331337,0,0.509058242,23.27294505,0,0.628836652,0,0,0,0,0,0,0,40
249,0,10.26003892,62.53021994,0,2.665251489,0,1.291349726,21.49596085,0,1.757179079,0,0,0,0,0,0,0,52
250,0,15.61432013,64.00638691,0,0,0,0.347358395,20.03193456,0,0,0,0,0,0,0,0,0,30.3
251,0,14.98601418,64.12849999,0,0,0,0.242985901,20.64249993,0,0,0,0,0,0,0,0,0,32.6
252,0,11.7356973,64.67549241,0,0,0,0.211348226,23.37746206,0,0,0,0,0,0,0,0,0,33.5
253,0,12.12279178,64.48016218,0,0,0,0.996235158,22.40081089,0,0,0,0,0,0,0,0,0,29.1
254,0,11.12199055,64.39926276,0,0,0,2.482432899,21.99631379,0,0,0,0,0,0,0,0,0,28.6
255,0,10.05480242,64.42169022,0,0,0,3.415056245,22.10845111,0,0,0,0,0,0,0,0,0,25.2
256,0,7.509083569,64.41836323,0,0,0,5.980737067,22.09181614,0,0,0,0,0,0,0,0,0,26.2
257,0,4.461010184,64.67290817,0,0,0,7.501540809,23.36454084,0,0,0,0,0,0,0,0,0,26.6
258,0,12.02016058,64.6515853,0,0,0,0.070327609,23.25792651,0,0,0,0,0,0,0,0,0,30.8
259,0,10.9886202,64.81744903,0,0,0,0.106685633,24.08724514,0,0,0,0,0,0,0,0,0,29.6
260,0,9.895770936,64.97544028,0,0,0,0.251587397,24.87720139,0,0,0,0,0,0,0,0,0,28
261,0,8.802369869,65.11395925,0,0,0,0.513874615,25.56979626,0,0,0,0,0,0,0,0,0,24
262,0,8.507310029,65.04121292,0,0,0,1.24541243,25.20606462,0,0,0,0,0,0,0,0,0,18.7
263,0,7.393559281,65.07658907,0,0,0,2.146906284,25.38294536,0,0,0,0,0,0,0,0,0,18.7
264,0,6.049434943,65.10847888,0,0,0,3.299691787,25.54239439,0,0,0,0,0,0,0,0,0,18.2
266,0,3.645707376,65.11487304,0,0,0,5.665054414,25.57436518,0,0,0,0,0,0,0,0,0,20.5
267,0,2.712131784,65.16700543,0,0,0,6.285835634,25.83502715,0,0,0,0,0,0,0,0,0,18.9
268,0,9.40459673,65.08113651,0,0,0,0.108584183,25.40568257,0,0,0,0,0,0,0,0,0,20.7
269,0,7.43597655,65.42733724,0,0,0,0,27.13668621,0,0,0,0,0,0,0,0,0,21.3
270,0,5.931220414,65.67290511,0,0,0,0.031348945,28.36452553,0,0,0,0,0,0,0,0,0,15.7
330,0,0,57.8125,0,15.625,0,6.25,20.3125,0,0,0,0,0,0,0,0,0,122
349,0,0,60.37735849,0,0,0,3.773584906,18.86792453,0,0,0,0,0,16.98113208,0,0,0,82
350,0,0,59.61538462,0,0,0,3.846153846,17.30769231,0,0,0,0,0,19.23076923,0,0,0,85.5
351,0,0,62.50042969,0,0,9.374033206,6.249355471,21.87618164,0,0,0,0,0,0,0,0,0,34
352,0,0,62.68632215,0,0,7.46273557,8.956595968,20.89434631,0,0,0,0,0,0,0,0,0,32
353,0,0,61.53899408,0,0,11.53726332,7.691508879,19.23223372,0,0,0,0,0,0,0,0,0,38
354,0,0,61.81812232,0,0,9.090611604,10.91004287,18.18122321,0,0,0,0,0,0,0,0,0,37
355,0,0,62.06939358,0,0,6.895909627,13.79181925,17.24287754,0,0,0,0,0,0,0,0,0,31
356,0,0,60.86956522,0,0,13.04347826,8.695652174,17.39130435,0,0,0,0,0,0,0,0,0,40
357,0,0,61.2244898,0,0,10.20408163,12.24489796,16.32653061,0,0,0,0,0,0,0,0,0,35
358,0,0,61.53846154,0,0,7.692307692,15.38461538,15.38461538,0,0,0,0,0,0,0,0,0,36
359,0,0,60,0,0,14.99912511,10.00174978,14.99912511,0,0,0,0,0,0,0,0,0,42
360,0,0,60.13069636,0,9.190235807,0.867851463,0.684599959,24.85651061,0,0.698430261,3.530184635,0,0.013830302,0,0,0.027660604,0,90
361,0,4.043633628,61.85505611,0,6.168892232,0,2.959062128,23.50636324,0,0.426305561,0.645727541,0,0,0,0,0.394959564,0,47
362,0,7.025300909,64.02910833,0,2.161631049,0,0.859739622,25.43908131,0,0.485138787,0,0,0,0,0,0,0,32
365,0,0,59.06373149,0,11.78828645,1.474385107,1.569506726,23.52221769,0,0.570729719,2.011142818,0,0,0,0,0,0,98
366,1.13750221,10.26109507,62.35928567,0,0.241645547,0,1.331997407,21.29722402,0,3.371250074,0,0,0,0,0,0,0,51
367,0,6.445240153,62.97999753,0,3.685640202,0,1.518706013,24.14804297,0,0.654401778,0.518582541,0,0,0,0,0.049388813,0,49
368,0.243189253,12.92377175,63.63452129,0,0.880113488,0,0.318462117,21.44118584,0,0.463217625,0.095538635,0,0,0,0,0,0,32
370,0,0.245549417,61.07700703,0,4.208444172,0,0,26.72737194,0,5.183821022,2.557806425,0,0,0,0,0,0,93
371,0.908608569,0,60.70102136,0,5.120042446,0,2.228412256,25.29181589,0,3.999204138,0,0,0.019896538,0,0,1.730998806,0,90
381,0,0,61.66666667,0,0,10,10,18.33333333,0,0,0,0,0,0,0,0,0,41.5
382,0,0,61.01694915,0,0,11.86440678,10.16949153,16.94915254,0,0,0,0,0,0,0,0,0,45
383,16.66666667,0,58.33333333,0,0,0,0,20.83333333,0,0,0,0,0,0,4.166666667,0,0,74
384,13.33333333,0,60,0,0,0,0,22.5,0,0,0,0,0,0,4.166666667,0,0,64
385,0,32.15739484,54.77159656,0,13.07100859,0,0,0,0,0,0,0,0,0,0,0,0,114.9
386,0,33.74558304,55.83038869,0,10.42402827,0,0,0,0,0,0,0,0,0,0,0,0,104.3
387,0,34.06593407,56.04395604,0,9.89010989,0,0,0,0,0,0,0,0,0,0,0,0,101.4
388,0,36.52137114,57.68091409,0,5.797714769,0,0,0,0,0,0,0,0,0,0,0,0,93.7
389,0,37.10691824,58.07127883,0,4.821802935,0,0,0,0,0,0,0,0,0,0,0,0,101.1
390,0,34.89583333,56.59722222,0,8.506944444,0,0,0,0,0,0,0,0,0,0,0,0,97.2
391,0,35.23316062,56.82210708,0,7.944732297,0,0,0,0,0,0,0,0,0,0,0,0,95
392,0,35.51160791,57.00773861,0,7.480653482,0,0,0,0,0,0,0,0,0,0,0,0,94.3
393,0,35.84260051,57.22840034,0,6.928999145,0,0,0,0,0,0,0,0,0,0,0,0,93.7
394,0,35.95217763,57.30145175,0,6.746370623,0,0,0,0,0,0,0,0,0,0,0,0,94.9
401,0.836334069,12.88186781,64.10152166,0,0,0,0,22.18027645,0,0,0,0,0,0,0,0,0,30
402,0.978461906,10.50653302,63.95501462,0,0.942664519,0,0,23.61732594,0,0,0,0,0,0,0,0,0,31
403,0.606042776,11.75016916,64.16404342,0,0.288311612,0,0,22.99726398,0,0.194169045,0,0,0,0,0,0,0,30
404,0,10.58749888,64.0108498,0,1.782467436,0,0,23.61918388,0,0,0,0,0,0,0,0,0,32
405,0.603574568,11.74333431,64.17521242,0,0.23439789,0,0.357456783,22.77468503,0,0.111338998,0,0,0,0,0,0,0,31
409,11.82942836,4.468150465,57.87930409,0.094948197,0.022340752,0,12.07517663,12.63928063,0,0,0,0.868496747,0,0,0,0,0.122874138,72.1
410,12.48300169,5.05092554,57.44178947,0,0,0.32747759,12.07781756,12.56070824,0,0,0,0,0,0,0,0,0.05827991,74
411,12.49197264,4.294290102,57.38656987,0,0,0.653357532,12.60365769,12.57015217,0,0,0,0,0,0,0,0,0,73
412,12.0083045,4.855363322,57.56401384,0,0.542560554,0,12.10795848,12.07750865,0,0,0,0.844290657,0,0,0,0,0,76.8
413,11.81648514,4.456948662,57.85955041,0,0,0,12.06161732,12.62152149,0,0.239560991,0,0.866319396,0,0,0,0,0.077996602,72.9
414,12.5289107,4.309809895,57.4011395,0,0,0.874372426,11.94787612,12.60788628,0,0,0,0.330005077,0,0,0,0,0,74.4
415,12.19164002,3.52900868,57.49200548,0,0,0,12.19164002,12.1944952,0,0,0,1.025011421,0,0,0,0,1.376199178,75.3
416,10.57695045,6.483932485,57.6267327,0,0,0,10.76480802,10.78757863,0,0,0,1.129991746,0,0,0,0,2.630005977,78.1
417,9.261698068,11.35807778,58.09928239,0,0,0,9.428333378,9.447147042,0,0,0,0.989061198,0,0,0,0,1.41640014,71.2
418,9.955143973,7.240630878,57.45912314,0,0,0,10.01302272,10.00723484,0,0,0,1.26175662,0,0,0,0,4.063087831,78
419,10.52122454,6.452714237,57.46841926,0,0,0,10.70900193,10.73176283,0,0.477978832,0,1.123819278,0,0,0,0,2.515079094,79.2
420,9.115924261,11.18103801,57.97030377,0,0,0.964446261,9.279389729,9.295736276,0,0,0,0.972619534,0,0,0,0,1.22054216,70.5
421,9.055246813,11.10929498,57.76397516,0,0,0.958919037,9.213250518,9.235044132,0,0.615669609,0,0.967091642,0,0,0,0,1.081508118,73.8
422,9.012379642,11.04814305,57.87620358,0,0,1.669876204,9.166437414,9.188445667,0,0,0,0.962861073,0,0,0,0,1.07565337,70.7
424,2.032146958,12.85878301,62.66647532,0,0.574052813,0,1.050516648,20.06027555,0,0.757749713,0,0,0,0,0,0,0,40
425,2.373972524,12.73782836,63.18330747,0,0,0,1.040409266,20.66448238,0,0,0,0,0,0,0,0,0,35
448,0,0,59.70060091,0,9.579365358,0.298696279,0.737955512,23.82190674,0,0,5.759567066,0,0,0,0,0.101908142,0,97.5
449,0,0,59.73161417,0,9.943589923,0.203216425,0.511544795,24.1792509,0,0,5.360709155,0,0,0,0,0.070074629,0,101
450,0,0,59.74598509,0,10.13960323,0.153948427,0.391868724,24.36583744,0,0,5.150274658,0,0,0,0,0.052482418,0,100
451,0,0,59.76521557,0,10.33470757,0.108308294,0.265530012,24.56501991,0,0,4.926280484,0,0,0,0,0.034938159,0,96
452,0,0,59.79230555,0,10.67744633,0.017424031,0.048787287,24.89894062,0,0,4.558126568,0,0,0,0,0.006969612,0,90
453,0,0,59.80013232,0,10.75942756,0,0,24.97997841,0,0,4.460461715,0,0,0,0,0,0,89.5
454,0,0,50.81967213,0,31.14754098,0,1.639344262,16.39344262,0,0,0,0,0,0,0,0,0,192
455,0,0,51.14006515,0,30.29315961,0,2.280130293,16.28664495,0,0,0,0,0,0,0,0,0,184
456,0,0,51.61290323,0,29.03225806,0,3.225806452,16.12903226,0,0,0,0,0,0,0,0,0,179
457,0,0,52.07667732,0,27.79552716,0,4.153354633,15.97444089,0,0,0,0,0,0,0,0,0,173
458,0,0,52.38095238,0,26.98412698,0,4.761904762,15.87301587,0,0,0,0,0,0,0,0,0,166
459,0,0,53.03694427,0,25.23481528,0,6.073888541,15.65435191,0,0,0,0,0,0,0,0,0,157
460,0,0,53.41614907,0,24.22360248,0,6.832298137,15.52795031,0,0,0,0,0,0,0,0,0,154
461,0,0,54.12844037,0,22.32415902,0,8.256880734,15.29051988,0,0,0,0,0,0,0,0,0,140
462,0,0,54.81927711,0,20.48192771,0,9.638554217,15.06024096,0,0,0,0,0,0,0,0,0,131
463,0,0,55.2238806,0,19.40298507,0,10.44776119,14.92537313,0,0,0,0,0,0,0,0,0,125
464,0,0,55.4631829,0,18.76484561,0,10.9263658,14.8456057,0,0,0,0,0,0,0,0,0,122
465,0,0,56.19158879,0,16.82242991,0,12.38317757,14.60280374,0,0,0,0,0,0,0,0,0,114
466,0,0,56.84695052,0,15.07479862,0,13.69390104,14.38434983,0,0,0,0,0,0,0,0,0,107
467,0,0,56.06060606,0,18.18181818,0,9.090909091,16.66666667,0,0,0,0,0,0,0,0,0,114
468,0,0,51.5625,0,28.125,0,6.25,14.0625,0,0,0,0,0,0,0,0,0,170
469,0,0,61.53846154,0,7.692307692,0,7.692307692,23.07692308,0,0,0,0,0,0,0,0,0,71
470,0,0,59.9880024,0,10.0179964,0,10.0179964,19.9760048,0,0,0,0,0,0,0,0,0,89
471,0,0,62.07324643,0,0,6.890130354,13.78026071,17.25636251,0,0,0,0,0,0,0,0,0,39
472,0,0,60,0,0,10,0,20,0,0,10,0,0,0,0,0,0,84
473,16.66666667,0,50,0,16.66666667,0,0,16.66666667,0,0,0,0,0,0,0,0,0,192
474,0,0,57.14285714,0,14.28571429,0,14.28571429,14.28571429,0,0,0,0,0,0,0,0,0,104
488,4.479638009,9.204912734,58.63283775,3.787976729,1.667744021,0,2.760180995,16.84227537,0,0,0.355526826,0,0,0,1.302521008,0.966386555,0,59.1
489,4.52666925,9.29226398,58.56580137,3.813121529,1.666020922,0,2.815446209,16.34379439,0,0,0.358388222,0,0,0,1.643419863,0.975074261,0,60.1
490,4.797035978,8.651564887,58.5199389,3.82527869,1.683512626,0,2.834021255,17.04637785,0,0,0.360752706,0,0,0,1.316259872,0.965257239,0,59
491,4.895448149,8.115448804,58.48686148,3.897378841,1.701626362,0,2.879675382,17.35986125,0,0,0.369776498,0,0,0,1.312215714,0.981707517,0,59.7
492,4.759129759,8.566433566,58.53405853,3.784641285,1.664076664,0,3.192178192,16.87710438,0,0,0.359362859,0,0,0,1.307951308,0.955063455,0,59
493,4.413998126,9.054189421,58.7649853,3.719261964,1.628590817,0,2.746631337,16.56703396,0,0,0.348983746,0.520244289,0,0,1.282838401,0.953242641,0,59.4
500,4.476021314,9.203939932,58.64040045,3.772000646,1.65993864,0,2.796705958,16.81898918,0,0,0.355239787,0,0,0.490876796,1.301469401,0.484417891,0,58.8
501,4.410150449,9.220636663,58.67501776,3.767676115,1.659456318,0,2.79589333,16.83993026,0,0,0,0,0,0.371279137,1.304319752,0.955640214,0,59.7
506,4.503345342,9.276891405,58.70432321,3.805326814,1.666237777,0,2.817807514,16.94222851,0,0,0,0,0,0,1.309186824,0.974652599,0,58.1
507,4.455318053,9.181045583,58.95892351,3.788951841,0.630955447,0,2.781354623,16.77504507,0,0.65670873,0,0.524723152,0,0,1.297321659,0.949652331,0,58.4
510,4.428068134,9.11470959,58.88684185,3.768706164,0.627040305,0,2.766734542,16.64888975,0,0.652897637,0.358770484,0.52037881,0,0,1.286402275,0.940560458,0,57.6
511,4.532025897,9.328053303,59.39091081,2.548871708,1.672009554,0,2.834873342,17.03438305,0,0,0.364573512,0,0,0,1.316864668,0.977434157,0,58.5
512,4.43103672,9.134553004,58.57337485,3.74983781,1.647852602,0,2.770208901,16.6926171,0,0,0.353574672,0,0,0.408719346,1.291034125,0.947190865,0,60.1
513,4.475732231,9.216262473,58.6463009,3.774986276,1.653372945,0,2.790066845,16.82759066,0,0,0.358446088,0,0,0.955856234,1.301385346,0,0,58.5
514,4.444444444,9.167883212,58.75425791,3.759935118,1.654501217,0,2.355231144,16.74290349,0,0,0.360097324,0.522303325,0,0,1.291159773,0.947283049,0,59.7
515,4.588592427,8.921552964,58.59082921,3.652340629,1.60409011,0,3.802524365,16.30611919,0,0,0.34829845,0,0,0,1.262182457,0.923470203,0,58.5
516,4.570100697,9.391944229,58.48179706,3.853601859,1.684740511,0,2.840175574,15.84366124,0,0,0.361476891,0,0,0,1.98489543,0.987606507,0,60.4
517,4.738999903,9.200374471,58.52083804,3.767311231,1.659295606,0,2.795622559,17.03199148,0,0,0.355102173,0,0,0,0.978145075,0.952319463,0,59.7
523,0,17.71804717,61.053209,0,5.320899616,0,0,15.90784421,0,0,0,0,0,0,0,0,0,60.7
524,0,15.42761319,62.68865288,0,0,0,3.297931805,16.01453326,0,0,0,0,0,0,0,2.571268865,0,60.4
525,0,10.79778788,61.08525434,0,5.20724963,0,7.068937195,15.84077096,0,0,0,0,0,0,0,0,0,55.3
526,0,7.565789474,61.04714912,0,5.317982456,0,10.19736842,15.87171053,0,0,0,0,0,0,0,0,0,66.2
527,0,11.71277222,61.91877575,0,5.591524426,0,0,20.7769276,0,0,0,0,0,0,0,0,0,60.5
528,0,7.848905625,61.91751,0,5.583666745,0,3.895034126,20.7548835,0,0,0,0,0,0,0,0,0,72.7
529,0,3.939519225,61.86876144,0,5.794105487,0,7.465595653,20.93201819,0,0,0,0,0,0,0,0,0,58.9
530,0,14.59317884,62.93913341,0,2.590673575,0,0,19.87701418,0,0,0,0,0,0,0,0,0,32.5
531,0,13.69390104,61.91887227,0,4.930955121,0,0,19.45627158,0,0,0,0,0,0,0,0,0,49
532,0,7.624091637,60.50314078,0,9.785687893,0,0,22.08707969,0,0,0,0,0,0,0,0,0,77
557,0,27.27272727,59.09090909,0,0,0,0,0,0,0,0,0,9.090909091,0,0,0,4.545454545,75
558,0,29.22445611,59.02432315,0,0,0,0,0,0,0,0,0,6.872836478,0,0,0,4.878384264,73
559,0,27.31871838,58.63647314,0,0,0,0,0,0,0,0,0,7.227174175,0,0,0,6.817634305,74
560,0,29.26829268,58.53658537,0,0,0,0,0,0,0,0,0,4.87804878,0,0,0,7.317073171,73
561,0,30.2747792,58.48871443,0,0,0,0,0,0,0,0,0,3.680078508,0,0,0,7.55642787,75
562,0,32.29813665,58.38509317,0,0,0,0,0,0,0,0,0,1.242236025,0,0,0,8.074534161,77
563,0,22.81879195,57.71812081,0,0,0,0,0,0,0,0,0,8.053691275,0,0,0,11.40939597,89
564,0,24.65753425,57.53424658,0,0,0,0,0,0,0,0,0,5.479452055,0,0,0,12.32876712,86
565,0,25.60908084,57.43909192,0,0,0,0,0,0,0,0,0,4.147286822,0,0,0,12.80454042,89
566,0,27.56183746,57.24381625,0,0,0,0,0,0,0,0,0,1.413427562,0,0,0,13.78091873,90
567,0,19.56176564,56.08129565,0,0,0,0,0,0,0,0,0,4.763416958,0,0,0,19.59352175,112
568,0,18.75,56.25,0,0,0,0,0,0,0,0,0,6.25,0,0,0,18.75,108
569,0,21.31147541,55.73770492,0,0,0,0,0,0,0,0,0,1.639344262,0,0,0,21.31147541,115
581,0,4.334365325,64.39628483,0,2.167182663,0,2.786377709,26.31578947,0,0,0,0,0,0,0,0,0,49
582,0,5.454545455,63.63636364,0,3.03030303,0,3.636363636,24.24242424,0,0,0,0,0,0,0,0,0,65
583,0,8.092485549,62.42774566,0,4.046242775,0,5.202312139,20.23121387,0,0,0,0,0,0,0,0,0,81
584,0,10.49723757,61.32596685,0,4.972375691,0,6.629834254,16.57458564,0,0,0,0,0,0,0,0,0,93
585,0,12.23404255,60.10638298,0,6.382978723,0,7.978723404,13.29787234,0,0,0,0,0,0,0,0,0,101
586,0,14.28571429,59.18367347,0,7.142857143,0,9.183673469,10.20408163,0,0,0,0,0,0,0,0,0,104
587,0,16.17647059,58.33333333,0,7.843137255,0,10.29411765,7.352941176,0,0,0,0,0,0,0,0,0,111
588,0,17.53554502,57.34597156,0,9.004739336,0,11.37440758,4.739336493,0,0,0,0,0,0,0,0,0,115
598,0,6.99923254,64.10437452,0,2.21028396,0,0.896392939,25.50729087,0,0.282425173,0,0,0,0,0,0,0,33
599,0,0,60.28821662,0,9.323423706,1.790013608,0.321016086,25.07763704,0,0,3.199692941,0,0,0,0,0,0,88
613,0,28.53092327,59.46938052,0,1.250601251,0,0.141768563,5.483405483,0,0.511379459,0,0,0,0,0,0,4.612541455,51.2
617,0,4.542184127,62.05774705,0,0.638158101,4.413926862,8.139644008,18.09365909,0,0,2.114680765,0,0,0,0,0,0,41
618,0,5.520288773,64.62845407,0,1.860841424,0,1.126462534,26.8639532,0,0,0,0,0,0,0,0,0,27.5
620,0,8.104654291,60.9362389,0,0,0,2.764326069,16.43798762,0,0,4.025423729,0,0,0,0,7.731369384,0,80
621,0,9.391266628,59.15630422,0,0,0,0,13.61697513,0,0,0,0,0,0,0,0,17.83545402,80
622,0,0,59.92934303,0,5.537060942,0.849242476,1.569400095,24.39364087,0,5.102248794,1.426727359,0,0,0,0,1.192336436,0,98.5
642,0,0,63.83792545,0,0,4.739059968,7.494327391,22.2560778,0,0,0,1.6726094,0,0,0,0,0,29.7
643,0,0,63.78718165,0,0,4.824703519,7.627503078,22.65893332,0,0,0,0,0,0,1.10167844,0,0,29.6
644,1.789645216,12.84199091,63.36087367,0,0,0,1.400840504,20.53231939,0,0.074330312,0,0,0,0,0,0,0,32
645,0,15.61485957,60.27749804,1.10775428,5.203088285,0,2.679870203,15.11692962,0,0,0,0,0,0,0,0,0,64
646,0,23.68144015,61.84335193,0,0,0,0,11.84598379,0,0,0,0,0,0,0,2.629224129,0,52
651,0,0,58.45408726,0,0,22.46810521,4.339266026,14.7385415,0,0,0,0,0,0,0,0,0,55.6
652,0,0,58.65358514,0,0,21.47205956,5.134370031,14.73998526,0,0,0,0,0,0,0,0,0,53.3
653,0,0,58.58898137,0,0,22.45739199,3.551327784,15.40229885,0,0,0,0,0,0,0,0,0,57.5
654,0,0,58.78816272,0,0,21.46482392,4.34137581,15.40563754,0,0,0,0,0,0,0,0,0,53.3
655,0,0,58.98727364,0,0,20.47368219,5.12899381,15.41005037,0,0,0,0,0,0,0,0,0,51.5
656,0,0,58.92225454,0,0,21.460577,3.545318764,16.0718497,0,0,0,0,0,0,0,0,0,53.6
657,0,0,59.12117693,0,0,20.46844754,4.33604336,16.07433217,0,0,0,0,0,0,0,0,0,51.9
658,0,0,59.32080649,0,0,19.47250067,5.130159698,16.07653314,0,0,0,0,0,0,0,0,0,50.9
659,0,0,59.25565082,0,0,20.4598597,3.546375682,16.7381138,0,0,0,0,0,0,0,0,0,53.1
660,0,0,59.45427332,0,0,19.46885674,4.336646582,16.74022336,0,0,0,0,0,0,0,0,0,51
661,0,0,59.65469039,0,0,18.4706638,5.130530054,16.74411576,0,0,0,0,0,0,0,0,0,49
662,0,0,59.92162717,0,0,17.47340922,5.523418548,17.08154506,0,0,0,0,0,0,0,0,0,49
663,0,0,59.88903148,0,0,17.966332,4.733147128,17.41148939,0,0,0,0,0,0,0,0,0,50
664,0,0,60.155085,0,0,16.96987772,5.129734566,17.74530271,0,0,0,0,0,0,0,0,0,48.2
665,0,0,53.82144005,0,0,0,0,3.287759255,0,20.9688359,0,14.83953879,0,0,0,0,7.082426016,167.7
666,0,0,54.41992883,0,0,0,0,9.40569395,0,19.99288256,0,9.430604982,0,0,0,0,6.75088968,168.8
667,0,0,54.96416152,0,0,0,0,14.97764531,0,19.10439287,0,4.502874175,0,0,0,0,6.450926123,167.5
668,0,0,55.21811545,0,0,0,0,17.58035366,0,18.68953542,0,2.200644956,0,0,0,0,6.311350509,162.7
669,0,0,55.46509982,0,0,0,0,20.07291519,0,18.28543112,0,0,0,0,0,0,6.176553872,160
670,0,0,59.45034564,0,0,0,0,19.28511212,0,13.66380037,0,6.447479346,0,0,0,0,1.153262519,109.5
671,0,0,59.67035189,0,0,0,0,22.84279358,0,13.24659566,0,3.121208036,0,0,0,0,1.119050829,109.2
672,0,0,59.88274142,0,0,0,0,26.1877485,0,12.8445313,0,0,0,0,0,0,1.084978772,115.4
673,0,0,59.44740636,0,0,0,0,11.0082822,0,14.04285283,0,14.90795695,0,0,0,0,0.59350166,117
674,0,0,59.56547978,0,0,0,0,12.99872594,0,13.81345135,0,13.0389593,0,0,0,0,0.583383625,115
675,0,0,59.67682457,0,0,0,0,14.92507292,0,13.59750578,0,11.22732911,0,0,0,0,0.573267625,116
676,0,0,59.89139907,0,0,0,0,18.59958437,0,13.17959375,0,7.773010659,0,0,0,0,0.556412147,111
677,0,0,60.0924964,0,0,0,0,22.05502865,0,12.78863233,0,4.524280304,0,0,0,0,0.539562318,109
678,0,0,60.18900171,0,0,0,0,23.70899099,0,12.60011394,0,2.969069401,0,0,0,0,0.532823967,107
679,0,0,60.28283234,0,0,0,0,25.31416507,0,12.41915485,0,1.461077042,0,0,0,0,0.522770685,104
680,0,0,60.37596756,0,0,0,0,26.87062293,0,12.2373756,0,0,0,0,0,0,0.516033911,111
681,0,0,60.00666667,0,0,0,0,12.53333333,0,13.32,0,14.14,0,0,0,0,0,110
682,0,0,60.10934427,0,0,0,0,14.39810648,0,13.1146448,0,12.37790446,0,0,0,0,0,112
683,0,0,60.30333333,0,0,0,0,17.96333333,0,12.72666667,0,9.006666667,0,0,0,0,0,108
684,0,0,60.82333333,0,0,0,0,27.49,0,11.68666667,0,0,0,0,0,0,0,107
685,0,12.86305534,56.94246054,0,0,0,0,7.4533934,0,0,0,0,0,0,0,0,22.74109072,117
686,0,0,58.3610926,0,0,0,0,16.72218521,0,0,0,0,0,0,0,0,24.91672219,108
687,0,20.8852718,55.22131795,0,0,0,0,0,0,0,0,0,0,0,0,0,23.89341025,124
688,0,25.0522833,56.26307082,0,0,0,0,0,0,0,0,0,0,0,0,0,18.68464588,108
689,0,28.58448532,57.14612133,0,0,0,0,0,0,0,0,0,0,0,0,0,14.26939335,93
690,0,17.11433172,59.23671498,0,0,0,0,9.91626409,0,0,0,0,0,0,0,0,13.73268921,85
691,0,0,61.52751058,0,0,0,0,23.05502116,0,0,0,0,0,0,0,0,15.41746826,74
692,0,27.29379841,58.08694669,0,0,0,0,2.526994177,0,0,0,0,0,0,0,0,12.09226073,75
693,0,24.26809164,59.44232846,0,0,0,0,6.750611108,0,0,0,0,0,0,0,0,9.538968791,64.5
694,0,15.17179212,57.74711368,0,0,0,0,7.908331311,0,0,0,0,0,0,0,0,19.17276289,95.5
695,0,13.69244967,58.97392077,0,0,0,0,11.10161671,0,0,0,0,0,0,0,0,16.23201285,84
696,0,12.47213026,59.98243362,0,0,0,0,13.72880211,0,0,0,0,0,0,0,0,13.81663401,72.3
697,0,10.43011821,61.67345452,0,0,0,0,18.13184994,0,0,0,0,0,0,0,0,9.764577332,55.3
698,0,9.710716634,62.27153189,0,0,0,0,19.68770546,0,0,0,0,0,0,0,0,8.330046022,47.2
699,0,9.081405985,62.79236901,0,0,0,0,21.04403502,0,0,0,0,0,0,0,0,7.082189991,45.2
702,4.837167803,6.921164999,55.16219489,0,9.33018928,0,0,16.37881588,0,4.862660124,1.790835511,0,0,0.356892486,0,0.360079026,0,130
706,0,0,63.89891697,0,11.9133574,0,2.527075812,0,21.66064982,0,0,0,0,0,0,0,0,138
707,0,0,60.83333333,0,11.66666667,0,0,19.16666667,0,0,0,8.333333333,0,0,0,0,0,89
708,0,0,59.16666667,0,15,0,0,17.5,0,0,0,8.333333333,0,0,0,0,0,107
709,0,0,57.5,0,18.33333333,0,0,15.83333333,0,0,0,8.333333333,0,0,0,0,0,124
710,0,0,60.83333333,0,11.66666667,0,0,20.83333333,0,0,0,6.666666667,0,0,0,0,0,89
711,0,0,58.33333333,0,16.66666667,0,0,18.33333333,0,0,0,6.666666667,0,0,0,0,0,116
712,0,0,55.98666667,0,21.36,0,0,16.18,0,0,0,6.473333333,0,0,0,0,0,134
729,0,0,64.51332,0,0,0,6.469715539,25.79178224,0,0,0,0,0,3.225182223,0,0,0,36.2
730,0,0,64.5123839,0,0,0.64499484,6.475748194,25.7868937,0,0,0,0,0,2.57997936,0,0,0,31.9
731,0,0,64.50769678,0,0,1.323135508,6.441410914,25.7946881,0,0,0,0,0,1.933068706,0,0,0,27.8
732,0,0,64.51768955,0,0,0,6.463056729,25.80385074,0,0,0.622440094,0,0,2.592962879,0,0,0,34
733,0,0,64.51269478,0,0,0,6.458689551,25.79604478,0,0,1.303351937,0,0,1.929218957,0,0,0,33.9
734,0,0,64.51560888,0,0,0,6.475748194,25.79334365,0,0,0,0,0,1.28998968,0,1.925309598,0,36.9
739,0,0,64.35409027,0,0,0,6.399065451,25.50864782,0,0,0.869649869,0,0,2.550540286,0,0.318006295,0,36.6
740,0,0,64.19386423,0,0,0,6.338120104,25.21866841,0,0,1.726501305,0,0,1.892950392,0,0.629895561,0,36
741,0,0,64.12103746,0,0,0,6.261461881,25.11134399,0,0,2.148283993,0,0,1.571915117,0,0.785957558,0,37.2
742,0,0,64.35707798,0,0,0,6.409757363,25.50927728,0,0,1.797067601,0,0,1.268327494,0,0.65849228,0,34.5
743,0,0,63.7480085,0,0,0,6.127190653,24.43242167,0,0,4.168879448,0,0,0,0,1.523499734,0,39.3
744,0,0,64.39943049,0,0,0,6.484597463,25.55656226,0,0,0,0,0,3.559409785,0,0,0,38
745,0,0,64.11797921,0,0,0,5.334307636,25.5688046,0,0,0,0,0,4.978908559,0,0,0,45.1
746,0,0,64.16495651,0,0,0,6.521385061,25.0692205,0,0,0,0,0,4.24443793,0,0,0,41.2
747,0,0,64.22493762,0,0,0,7.581088862,24.65933082,0,0,0,0,0,3.534642697,0,0,0,37
748,0,0,63.87875949,0,0,0,5.339399819,25.08781908,0,0,0,0,0,5.694021612,0,0,0,48.3
749,0,0,63.9296957,0,0,0,6.558237146,24.58027282,0,0,0,0,0,4.931794334,0,0,0,44.3
750,0,0,63.99510751,0,0,0,7.634865456,24.17278228,0,0,0,0,0,4.197244753,0,0,0,41.2
751,0,0,63.63085418,0,0,0,5.400491566,24.56146258,0,0,0,0,0,6.407191677,0,0,0,51.6
752,0,0,63.69578134,0,0,0,6.588763452,24.09718096,0,0,0,0,0,5.618274246,0,0,0,48
753,0,0,63.76661264,0,0,0,7.643435981,23.71150729,0,0,0,0,0,4.878444084,0,0,0,44.1
754,0,0,63.49826803,0,0,0,9.444815203,22.27412845,0,0,0,0,0,4.782788318,0,0,0,43.9
755,0,0,63.52104868,0,0,0,7.741220204,23.17148727,0,0,0,0,0,5.566243845,0,0,0,48.3
756,0,0,64.45300821,0,0,0,4.651008272,26.58051228,0,0,0,0,0,4.315471247,0,0,0,38.1
757,0,0,64.26018819,0,0,0,5.901445854,25.56965345,0,0,0,0,0,4.268712501,0,0,0,37
758,0,0,64.07691561,0,0,0,7.102392283,24.60263507,0,0,0,0,0,4.218057039,0,0,0,39.5
759,0,0,64.48207826,0,0,0,5.268003946,26.33015455,0,0,0,0,0,3.919763236,0,0,0,38.4
760,0,0,64.38723168,0,0,0,5.881007613,25.83395955,0,0,0,0,0,3.897801157,0,0,0,35.3
761,0,0,64.29267026,0,0,0,6.498734013,25.33597351,0,0,0,0,0,3.872622216,0,0,0,38.6
762,0,0,64.19681434,0,0,0,7.119365448,24.83394596,0,0,0,0,0,3.84987425,0,0,0,41.2
763,0,0,64.68141301,0,0,0,4.608781776,27.05843513,0,0,0,0,0,3.651370089,0,0,0,36.1
764,0,0,64.58845511,0,0,0,5.264365555,26.54472744,0,0,0,0,0,3.602451896,0,0,0,35.4
765,0,0,64.49322564,0,0,0,5.875455967,26.04872329,0,0,0,0,0,3.582595102,0,0,0,36.4
766,0,0,64.37491911,0,0,0,6.5419956,25.47884043,0,0,0,0,0,3.604244856,0,0,0,37.1
767,0,0,64.70761285,0,0,0,5.210342235,26.81005459,0,0,0,0,0,3.271990325,0,0,0,35.5
768,0,0,64.60280374,0,0,0,5.89953271,26.25584112,0,0,0,0,0,3.24182243,0,0,0,33.7
769,0,0,64.42051972,0,0,0,7.074882246,25.30359832,0,0,0,0,0,3.200999712,0,0,0,40.4
770,0,0,64.34014603,0,0,0,7.550298122,24.905143,0,0,0,0,0,3.204412843,0,0,0,33.1
771,0,0,64.24680096,0,0,0,8.159128342,24.41403775,0,0,0,0,0,3.180032941,0,0,0,31.6
772,0,0,64.81819367,0,0,0,5.206568487,27.03310309,0,0,0,0,0,2.942134758,0,0,0,30.4
773,0,0,64.71768322,0,0,0,5.850186054,26.51027342,0,0,0,0,0,2.921857305,0,0,0,34.1
774,0,0,64.62493167,0,0,0,6.449953378,26.02488666,0,0,0,0,0,2.900228288,0,0,0,32.1
775,0,0,64.45348505,0,0,0,7.526300734,25.14381972,0,0,0,0,0,2.876394495,0,0,0,31.8
776,0,0,64.36150057,0,0,0,8.121763294,24.66211949,0,0,0,0,0,2.854616648,0,0,0,30.4
777,0,0,64.93489626,0,0,0,5.195311232,27.2721369,0,0,0,0,0,2.597655616,0,0,0,29.8
778,0,0,64.83410183,0,0,0,5.836262213,26.75007255,0,0,0,0,0,2.579563409,0,0,0,27.4
779,0,0,64.74301461,0,0,0,6.427839016,26.27210972,0,0,0,0,0,2.557036657,0,0,0,31.3
780,0,0,64.85018846,0,0,0,6.414105922,26.49332396,0,0,0,0,0,2.242381652,0,0,0,27.1
781,0,0,64.52122855,0,0,0,6.43308814,25.82591302,0,0,0,0,0,0.961414376,0,2.258355917,0,38
782,0,0,64.5155045,0,0,0,6.434126037,25.81394598,0,0,0,0,0,0.655028879,0,2.581394598,0,38
785,2.516325344,5.326677835,61.88929536,0,0,2.379568532,0,19.56306199,0,0,0,0.875243598,0,0,1.935108893,5.514718452,0,64.6
786,4.062807339,5.310814935,61.39993896,0,0,0,0,19.40177027,0,0,0,0.868179198,0,0,1.905924645,7.050564656,0,72.3
787,2.517482517,5.369264881,61.94439707,0,0,0,0,19.65205526,0,0,0,0.880095514,0,2.152481665,1.930752175,5.553470919,0,70.7
788,2.515637283,5.352565198,61.88604437,0,0,0,0,19.55771268,0,0,1.575691288,0.875004272,0,0,1.920907817,6.316437092,0,70.8
826,0,0,60.08106543,0,1.590426559,0,0,21.48233932,0,1.049990349,0,0,0,0,0,0,15.79617834,86
827,0,0,60.9414851,0,3.650805218,0,0,24.50630329,0,1.595860963,0,0,0,0,0,0,9.305545435,74
828,0,0,60.81879672,0,2.164471342,0,0,25.22249911,0,5.005339979,0,0,0,0,0,0,6.788892844,85
832,0,25.3101737,59.87593052,0,1.339950372,0,3.970223325,5.781637717,0,0,0,0,0,0,0,3.722084367,0,66
838,3.322758936,0,59.96337116,0.150439873,8.647022272,0,1.798737613,24.34182556,0,0,0,0.25836413,0.896098375,0,0.114465121,0.506916964,0,91.1
839,3.33322419,0,59.90635539,0.150617203,8.683409188,0,1.800857863,24.45564978,0,0,0,0,0.897154645,0,0.166988638,0.605743099,0,90.5
841,3.325695581,0,59.92144026,0.150572831,8.661211129,0,1.800327332,24.3797054,0,0,0,0.258592471,0.896890344,0,0,0.605564648,0,88.2
842,2.653562654,0,60.14414414,0.150696151,9.041769042,0,1.605241605,24.6977887,0,0,0,0,0.897624898,0,0.337428337,0.471744472,0,87.3
844,2.634079219,0,60.18084723,0.150706025,8.989942011,0,1.598794352,24.56180585,0,0,0,0.514366216,0.897683714,0,0,0.471775382,0,88.2
845,3.343714145,0,59.84264875,0.150794952,8.706769382,0,1.80953942,24.50745779,0,0,0,0,0.898213408,0,0,0.740862154,0,89.4
846,4.014322788,0,59.73522552,0.151111987,8.324299465,0,1.596530994,24.54584278,0,0,0,0,0.89353175,0,0,0.73913472,0,90.5
847,2.332304054,0,60.18986926,0.151107023,9.086131003,0,1.609618291,24.98193286,0,0,0,0,0.906642139,0,0,0.742395375,0,90.6
850,0,14.39595037,57.52206926,0,0,0,8.833878634,3.429224026,0,0,0,0,0,0,0,0,15.81887771,84
852,0,1.92388664,59.19352227,3.209716599,5.363562753,0,6.406477733,19.35546559,1.165991903,1.982186235,0.524696356,0,0,0,0,0.874493927,0,81.7
899,0,0,61.5,0,10.33333333,0,0,23.5,0,0,0,4.666666667,0,0,0,0,0,84
900,0,0,61.16666667,0,11,0,0,18.9,0,0,0,8.933333333,0,0,0,0,0,110
901,0,0,58.91666667,0,15.5,0,0,23.78666667,0,0,0,1.796666667,0,0,0,0,0,110
902,0,0,57.94333333,0,17.44666667,0,0,20.31333333,0,0,0,4.296666667,0,0,0,0,0,118
903,0,0,58.81666667,0,15.7,0,0,18.23,0,0,0,7.253333333,0,0,0,0,0,107
904,0,0,59.43333333,0,14.46666667,0,0,17.8,0,0,0,8.3,0,0,0,0,0,112
905,0,0,59,0,15.33333333,0,0,15.6,0,0,0,10.06666667,0,0,0,0,0,116
906,0,0,59.15666667,0,15.02,0,0,13.39333333,0,0,0,12.43,0,0,0,0,0,108
907,0,0,57.43333333,0,18.46666667,0,0,18.83333333,0,0,0,5.266666667,0,0,0,0,0,127
908,0,0,57.46666667,0,18.4,0,0,15.53333333,0,0,0,8.6,0,0,0,0,0,116
909,0,0,56.98666667,0,19.36,0,0,13.20666667,0,0,0,10.44666667,0,0,0,0,0,130
910,0,0,57.34240091,0,18.64853152,0,0,12.08787545,0,0,0,11.92119212,0,0,0,0,0,142
911,0,0,58.33333333,0,16.66666667,0,0,11.66666667,0,0,0,13.33333333,0,0,0,0,0,115
912,0,0,56.66666667,0,20,0,0,16.66666667,0,0,0,6.666666667,0,0,0,0,0,131
913,0,0,54.06666667,0,25.2,0,0,13,0,0,0,7.733333333,0,0,0,0,0,162
914,0,0,55.93333333,0,21.46666667,0,0,11.23333333,0,0,0,11.36666667,0,0,0,0,0,161
915,0,0,56.66666667,0,20,0,0,10,0,0,0,13.33333333,0,0,0,0,0,124
916,0,0,63.61031519,0,0,0,15.47277937,19.48424069,0,0,0,0,0,0,0,1.432664756,0,28.7
917,0,0,63.76811594,0,0,0,14.49275362,20.28985507,0,0,0,0,0,0,0,1.449275362,0,27.7
918,0,0,63.79310345,0,0,0,14.94252874,20.11494253,0,0,0,0,0,0,0,1.149425287,0,26
919,0,0,63.90532544,0,0,0,13.01775148,21.30177515,0,0,0,0,0,0,0,1.775147929,0,26.8
920,0,0,64.37125749,0,0,0,11.37724551,23.05389222,0,0,0,0,0,0,0,1.19760479,0,23.1
921,0,0,64.39169139,0,0,0,11.8694362,22.84866469,0,0,0,0,0,0,0,0.890207715,0,26.8
922,0,0,64.41176471,0,0,0,12.35294118,22.64705882,0,0,0,0,0,0,0,0.588235294,0,24.2
923,0,0,64.54545455,0,0,0,10.3030303,23.93939394,0,0,0,0,0,0,0,1.212121212,0,21.6
924,0,0,64.51612903,0,0,0,6.451612903,25.80645161,0,0,0,0,0,3.225806452,0,0,0,36.2
925,0,0,64.51612903,0,0,0.64516129,6.451612903,25.80645161,0,0,0,0,0,2.580645161,0,0,0,31.9
926,0,0,64.51612903,0,0,1.290322581,6.451612903,25.80645161,0,0,0,0,0,1.935483871,0,0,0,27.8
927,0,0,64.51612903,0,0,0,6.451612903,25.80645161,0,0,0.64516129,0,0,2.580645161,0,0,0,34
928,0,0,64.51612903,0,0,0,6.451612903,25.80645161,0,0,1.290322581,0,0,1.935483871,0,0,0,33.9
929,0,0,64.51612903,0,0,0,6.451612903,25.80645161,0,0,0,0,0,1.290322581,0,1.935483871,0,36.9
934,0,0,64.4012945,0,0,0,6.472491909,25.56634304,0,0,0,0,0,3.55987055,0,0,0,38
935,0,0,64.11960133,0,0,0,5.315614618,25.58139535,0,0,0,0,0,4.983388704,0,0,0,45.1
936,0,0,64.16938111,0,0,0,6.51465798,25.08143322,0,0,0,0,0,4.234527687,0,0,0,41.2
937,0,0,64.2172524,0,0,0,7.667731629,24.60063898,0,0,0,0,0,3.514376997,0,0,0,37
938,0,0,63.87959866,0,0,0,5.351170569,25.08361204,0,0,0,0,0,5.685618729,0,0,0,48.3
939,0,0,63.93442623,0,0,0,6.557377049,24.59016393,0,0,0,0,0,4.918032787,0,0,0,44.3
940,0,0,63.98713826,0,0,0,7.717041801,24.11575563,0,0,0,0,0,4.180064309,0,0,0,41.2
941,0,0,63.63636364,0,0,0,5.387205387,24.57912458,0,0,0,0,0,6.397306397,0,0,0,51.6
942,0,0,63.69636964,0,0,0,6.600660066,24.09240924,0,0,0,0,0,5.610561056,0,0,0,48
943,0,0,63.75404531,0,0,0,7.766990291,23.62459547,0,0,0,0,0,4.854368932,0,0,0,44.1
944,0,0,63.51791531,0,0,0,7.817589577,23.12703583,0,0,0,0,0,5.537459283,0,0,0,48.3
945,0,0,64.45182724,0,0,0,4.651162791,26.57807309,0,0,0,0,0,4.318936877,0,0,0,38.1
946,0,0,64.26229508,0,0,0,5.901639344,25.57377049,0,0,0,0,0,4.262295082,0,0,0,37
947,0,0,64.0776699,0,0,0,7.1197411,24.59546926,0,0,0,0,0,4.207119741,0,0,0,39.5
948,0,0,64.47368421,0,0,0,5.263157895,26.31578947,0,0,0,0,0,3.947368421,0,0,0,38.4
949,0,0,64.37908497,0,0,0,5.882352941,25.81699346,0,0,0,0,0,3.921568627,0,0,0,35.3
950,0,0,64.28571429,0,0,0,6.493506494,25.32467532,0,0,0,0,0,3.896103896,0,0,0,38.6
951,0,0,64.19354839,0,0,0,7.096774194,24.83870968,0,0,0,0,0,3.870967742,0,0,0,41.2
952,0,0,64.68646865,0,0,0,4.620462046,27.06270627,0,0,0,0,0,3.630363036,0,0,0,36.1
953,0,0,64.59016393,0,0,0,5.245901639,26.55737705,0,0,0,0,0,3.606557377,0,0,0,35.4
954,0,0,64.49511401,0,0,0,5.863192182,26.05863192,0,0,0,0,0,3.583061889,0,0,0,36.4
955,0,0,64.379307,0,0,0,6.535313339,25.49095733,0,0,0,0,0,3.594422337,0,0,0,37.1
956,0,0,64.70588235,0,0,0,5.22875817,26.79738562,0,0,0,0,0,3.267973856,0,0,0,35.5
957,0,0,64.61038961,0,0,0,5.844155844,26.2987013,0,0,0,0,0,3.246753247,0,0,0,33.7
958,0,0,64.42307692,0,0,0,7.051282051,25.32051282,0,0,0,0,0,3.205128205,0,0,0,40.4
959,0,0,64.33121019,0,0,0,7.643312102,24.84076433,0,0,0,0,0,3.184713376,0,0,0,33.1
960,0,0,64.24050633,0,0,0,8.227848101,24.36708861,0,0,0,0,0,3.164556962,0,0,0,31.6
961,0,0,64.72491909,0,0,0,5.825242718,26.53721683,0,0,0,0,0,2.912621359,0,0,0,34.1
962,0,0,64.63022508,0,0,0,6.430868167,26.04501608,0,0,0,0,0,2.893890675,0,0,0,32.1
963,0,0,64.44444444,0,0,0,7.619047619,25.07936508,0,0,0,0,0,2.857142857,0,0,0,31.8
964,0,0,64.3533123,0,0,0,8.201892744,24.60567823,0,0,0,0,0,2.839116719,0,0,0,30.4
965,0,0,64.93506494,0,0,0,5.194805195,27.27272727,0,0,0,0,0,2.597402597,0,0,0,29.4
966,0,0,64.74358974,0,0,0,6.41025641,26.28205128,0,0,0,0,0,2.564102564,0,0,0,31.3
967,0,0,64.85623003,0,0,0,6.389776358,26.51757188,0,0,0,0,0,2.236421725,0,0,0,27.1
968,0,0,64.51612903,0,0,0,6.451612903,25.80645161,0,0,0,0,0,0.967741935,0,2.258064516,0,38
969,0,0,64.51612903,0,0,0,6.451612903,25.80645161,0,0,0,0,0,0.64516129,0,2.580645161,0,38
977,0,11.11802346,66.66592606,0,0,0,0,11.10247067,11.11357981,0,0,0,0,0,0,0,0,53
1024,0,0,64.51612903,0,0,0,6.451612903,25.80645161,0,0,0.322580645,0,0,2.580645161,0,0.322580645,0,36.6
1025,0,0,64.51612903,0,0,0,6.451612903,25.80645161,0,0,0.64516129,0,0,1.935483871,0,0.64516129,0,36
1026,0,0,64.51612903,0,0,0,6.451612903,25.80645161,0,0,0.806451613,0,0,1.612903226,0,0.806451613,0,37.2
1027,0,0,64.51612903,0,0,0,6.451612903,25.80645161,0,0,0.967741935,0,0,1.290322581,0,0.967741935,0,34.5
1028,0,0,64.51612903,0,0,0,6.451612903,25.80645161,0,0,1.612903226,0,0,0,0,1.612903226,0,39.3
1029,0,9.383595899,62.49687422,0,0,0,3.11327832,17.17616904,0,0,0,0,0,0,1.569142286,3.128907227,3.132033008,51
1030,0,6.640906412,62.28633178,0,0,0,3.300805554,18.09221298,0,0,1.601283647,0,0,0,1.509594603,3.287707119,3.281157902,57
1031,0,9.061979088,62.12456433,0,0,0,6.079709047,16.67828459,0,0,0,0,0,0,0,3.030762237,3.024700712,53
1032,0,9.363670459,62.51093887,0,0,0,3.112889111,18.78359795,0,0,0,0,0,0,0,3.10663833,3.122265283,53
1033,0,9.364548495,62.50117213,0,0,0,3.119432376,18.76035383,0,0,1.57847029,0,0,0,0,3.113181008,1.562841872,53
1034,0,3.370749092,63.33810745,0,0,0,3.337441295,23.32211971,0,0,0,0,0,0,0,3.314125837,3.317456617,49
1041,0,10.96751245,64.82096277,0,0,0,0.106710932,24.10481385,0,0,0,0,0,0,0,0,0,29.6
1047,0,24.99937502,58.33354166,0,0,0,8.33479163,0,0,0,8.332291693,0,0,0,0,0,0,64
1048,0,23.12029112,58.95904874,0,0,0,7.708472144,0,0,0,7.708472144,2.503715853,0,0,0,0,0,65
1049,0,24.99937502,58.33354166,0,0,0,8.33479163,0,0,0,0,0,0,8.332291693,0,0,0,72
1050,0,22.72762395,59.09079202,0,0,0,7.577591758,0,0,0,0,3.028976175,0,7.575016098,0,0,0,71
1051,0,24.99937502,58.33354166,0,0,0,8.33479163,0,0,0,0,0,0,0,0,8.332291693,0,78
1052,0,22.02755394,59.32414869,0,0,0,7.340785027,0,0,0,0,3.964127892,0,0,0,7.343384455,0,76
1053,0,27.58454223,58.62077289,0,0,0,6.898549325,0,0,0,6.896135557,0,0,0,0,0,0,61
1054,0,25.84902862,59.12798458,0,0,0,6.461021306,0,0,0,6.461021306,2.100944189,0,0,0,0,0,60
1055,0,25.84902862,59.12798458,0,0,0,6.461021306,0,0,0,0,2.100944189,0,6.461021306,0,0,0,68
1056,0,25.11607009,59.34052219,0,0,0,6.280265588,0,0,0,0,2.982876541,0,0,0,6.280265588,0,72
1057,0,30.46864136,59.41222825,0,0,0,4.352663051,0,0,0,4.352663051,1.413804292,0,0,0,0,0,56
1058,0,30.36787745,59.43599861,0,0,0,4.34025763,0,0,0,0,1.517929674,0,4.337936637,0,0,0,62
1059,0,30.27147639,59.45983637,0,0,0,4.323168464,0,0,0,0,1.622350316,0,0,0,4.323168464,0,66
1060,0,0,58.33333333,0,16.66666667,0,0,25,0,0,0,0,0,0,0,0,0,121
1083,0,0,62.6180148,0,1.866365326,0,0,26.16921226,0,0,9.346407611,0,0,0,0,0,0,59.1
1084,14.16430595,11.33144476,55.66572238,0,2.83286119,0,3.682719547,11.33144476,0,0,0,0,0,0,0.991501416,0,0,96
1085,2.99850075,11.994003,55.02248876,0,14.99250375,0,0,11.994003,0,0,0,0,0,0,1.049475262,1.949025487,0,110
1106,0,4.237156121,61.52288376,0,7.92597439,1.134062373,0.380097828,21.54095398,2.106115836,0,0,0,0,0,0,1.152755709,0,85.5
1109,2.051739518,7.34038486,60.66968268,0,2.472282401,0,2.000764623,19.47240984,0,1.083216516,1.363578438,0,0,0,0,0,3.545941124,65
1110,2.077180228,7.445392879,59.9655967,0,2.512089838,0,2.03174191,18.03576645,0,1.097010808,3.235857324,0,0,0,0,0,3.599363864,65
1111,2.081172199,7.462396266,59.98768154,0,2.515560166,0,2.035788382,18.07572614,0,1.102178423,2.778137967,0,0,0.249610996,0,0.337136929,3.374610996,65
1112,2.085559766,7.480812202,60.01165841,0,2.519511642,0,2.04022151,18.11587163,0,1.101071926,2.318727938,0,0,0.50195926,0,0.67683539,3.147770329,65
1113,2.099822323,7.507672428,60.04845744,0,2.532708771,0,2.048134389,18.19092231,0,1.111290583,1.395574221,0,0,1.007914715,0,1.363269262,2.694233565,65
1114,2.107773624,7.541575351,60.09410855,0,2.539641614,0,2.056207297,18.2705943,0,1.115121825,0.46731984,0,0,1.521206652,0,2.052984401,2.233466546,65
1115,2.150044246,7.689030186,59.40152732,0,2.589230114,0,2.097604143,16.84638327,0,1.13401724,3.343056603,0,0,1.032414539,0,0,3.71669234,65
1116,2.161138679,7.743536171,59.46395926,0,2.61164795,0,2.115434839,16.95612431,0,1.142595978,3.362496735,0,0,0,0,0.701880387,3.741185688,65
1117,1.992431348,7.141701976,60.38748908,0,2.406443057,0,1.947148818,18.95720801,0,1.054436071,3.105087816,0,0,0,0,0,3.008053822,65
1119,0,0,59.7622854,0,10.37047334,1.942726072,0.521303955,24.4908598,0,0.083408633,2.828942796,0,0,0,0,0,0,89
1120,0,20.01722441,57.87709154,0,2.085383858,1.608636811,0.633612205,6.471456693,0,0,3.177288386,0,0,0,0,0,8.129306102,86.5
1121,0,15.78187545,59.21648402,0,0,0,0.164052759,10.46000394,0,0,0,0,0,0,0,0,14.37758383,84
1123,0,18.73475138,55.93622212,0,0,0,0.666643758,2.171746675,0,0,0,0,0,0,0,0,22.49063606,77
1124,0,0,62.41200383,0,7.760187725,0,0.859305285,25.84525895,0,0.462702846,0,0,0,0,2.660541362,0,0,64
1125,0,0,59.94212484,0,10.57599559,1.829268293,0.399614166,25.09990354,0,0.254926278,1.898167287,0,0,0,0,0,0,93
1126,0,7.085573821,64.13888462,0,2.445844216,0,0.743585804,25.58611154,0,0,0,0,0,0,0,0,0,33
1128,0,0,64.12413178,0,0,0,8.029057542,24.23373479,0,0,3.613075894,0,0,0,0,0,0,33.1
1129,0,0,62.66059132,0,0,0,6.15985474,22.24125527,0,0,8.938298674,0,0,0,0,0,0,54.7
1130,0,0,60.09579564,0,0,0,8.848678375,15.76725208,0,0,15.2882739,0,0,0,0,0,0,76.5
1131,0,0,59.26024582,0,0,0,5.37311161,15.83393584,0,0,19.53270672,0,0,0,0,0,0,88.7
1132,0,0,60.04277723,0,0,0,14.10332346,13.03389273,0,0,12.82000658,0,0,0,0,0,0,59.5
1133,0,0,56.36870945,0,0,0,20.02891048,2.72296366,0,0,20.87941641,0,0,0,0,0,0,84
1134,0,0,62.66255989,0,0,0,6.228610541,22.21081451,0,0,8.898015058,0,0,0,0,0,0,55
1135,0,0.679809653,62.57647859,0,0,0,6.186267845,21.71991842,0,0,8.837525493,0,0,0,0,0,0,55
1136,0,1.350438893,62.49155976,0,0,0,6.144496962,21.23565159,0,0,8.777852802,0,0,0,0,0,0,55
1137,0,2.012072435,62.40778001,0,0,0,6.103286385,20.75788062,0,0,8.71898055,0,0,0,0,0,0,55
1138,0,4.572175049,62.08360549,0,0,0,5.943827564,18.90920967,0,0,8.491182234,0,0,0,0,0,0,57
1139,0,4.603094091,61.5743089,0,0.811564798,4.412883591,8.039563784,17.23307127,0,0,3.325513568,0,0,0,0,0,0,41
1140,0,0.614137444,62.98286557,0,0,2.226248234,10.61843641,18.26751827,1.387950623,0,3.165878524,0,0,0,0,0.736964933,0,31
1141,0,0,57.16344555,5.631720927,9.230996637,0,2.542404198,23.30290824,0,0,2.128524445,0,0,0,0,0,0,91.1
1142,0,0.35296713,57.63659093,5.665857784,7.875579087,0,2.963453195,23.21861902,0,0,2.286932863,0,0,0,0,0,0,86.6
1143,0,0,58.8446754,4.103787016,8.826879271,0,2.306378132,25.05338838,0,0,0,0,0,0,0,0.8648918,0,75.2
1144,0,7.340134362,62.62751928,0.799328191,4.012192088,0,1.188106494,23.79634237,0,0,0.236377208,0,0,0,0,0,0,43.6
1145,0,7.245355541,62.95323511,0,1.575912876,2.158872518,1.217168482,21.47661755,0,0,2.386290839,0,0,0,0.986547085,0,0,44
1147,0,7.92490241,63.13898011,0.65059793,2.819257699,0,0.749736663,23.20775761,0.266435343,0,0.848875395,0.393456844,0,0,0,0,0,38.2
1149,0,7.278903312,62.72898217,0.491325974,3.815358486,0,2.304986049,22.32803591,0.491325974,0,0.56108213,0,0,0,0,0,0,46.5
1153,0,0,63.29333333,0,0,0,0,29.96,0,6.746666667,0,0,0,0,0,0,0,62
1154,0,0,63.2496583,0,0,0,0,28.57619095,0,6.834016735,0,1.340134013,0,0,0,0,0,54
1155,0,0,63.1796513,0,0,0,0,26.42264226,0,6.974030736,0,3.423675701,0,0,0,0,0,62
1156,0,0,63.1096443,0,0,0,0,24.18241824,0,7.114044738,0,5.593892723,0,0,0,0,0,67
1157,0,0,62.8996233,0,0,0,0,17.71843851,0,7.534086742,0,11.84785145,0,0,0,0,0,77
1158,0,0,62.08333333,0,0,0,0,28.75,0,9.166666667,0,0,0,0,0,0,0,88
1159,0,0,60,0,0,0,0,25,0,13.33333333,0,1.666666667,0,0,0,0,0,84
1160,0,0,61.89,0,0,0,0,24.33333333,0,9.553333333,0,4.223333333,0,0,0,0,0,81
1161,0,0,61.82333333,0,0,0,0,22.78,0,9.686666667,0,5.71,0,0,0,0,0,86
1162,0,0,61.53333333,0,0,0,0,16.09333333,0,10.26666667,0,12.10666667,0,0,0,0,0,96
1163,0,0,59.51261793,0,0,0,0,26.1792846,0,14.30809748,0,0,0,0,0,0,0,127
1164,0,0,59.30593059,0,0,0,0,23.08230823,0,14.72147215,0,2.890289029,0,0,0,0,0,123
1165,0,0,59.2,0,0,0,0,21.46333333,0,14.93333333,0,4.403333333,0,0,0,0,0,120
1166,0,0,58.86,0,0,0,0,16.32,0,15.61333333,0,9.206666667,0,0,0,0,0,128
1167,0,0,58.61666667,0,0,0,0,12.62333333,0,16.1,0,12.66,0,0,0,0,0,138
1168,0,0,58.14581458,0,0,0,0,24.81248125,0,17.04170417,0,0,0,0,0,0,0,155
1169,0,0,57.89578958,0,0,0,0,21.60882755,0,17.54175418,0,2.953628696,0,0,0,0,0,146
1170,0,0,57.63242991,0,0,0,0,18.21182118,0,18.06847351,0,6.087275394,0,0,0,0,0,150
1171,0,0,57.35240191,0,0,0,0,14.60479381,0,18.62852952,0,9.414274761,0,0,0,0,0,153
1172,0,0,57.05333333,0,0,0,0,10.76333333,0,19.22666667,0,12.95666667,0,0,0,0,0,158
1173,0,0,56.89666667,0,0,0,0,8.75,0,19.54,0,14.81333333,0,0,0,0,0,156
1174,0,0,56.72,0,0,0,0,23.38666667,0,19.89333333,0,0,0,0,0,0,0,177
1175,0,0,56.57333333,0,0,0,0,21.75333333,0,20.18666667,0,1.486666667,0,0,0,0,0,171
1176,0,0,56.4223089,0,0,0,0,20.0720072,0,20.48871554,0,3.016968364,0,0,0,0,0,176
1177,0,0,56.10894423,0,0,0,0,16.55165517,0,21.11544488,0,6.223955729,0,0,0,0,0,179
1178,0,0,55.41666667,0,0,0,0,8.816666667,0,22.5,0,13.26666667,0,0,0,0,0,188
1179,0,0,55.23552355,0,0,0,0,21.90219022,0,22.86228623,0,0,0,0,0,0,0,196
1180,0,0,55.06217288,0,0,0,0,20.2120212,0,23.20898757,0,1.516818349,0,0,0,0,0,199
1181,0,0,54.88548855,0,0,0,0,18.46851352,0,23.56235624,0,3.083641698,0,0,0,0,0,201
1182,0,0,54.51545155,0,0,0,0,14.81481481,0,24.30243024,0,6.367303397,0,0,0,0,0,205
1183,0,0,54.12,0,0,0,0,10.92666667,0,25.09333333,0,9.86,0,0,0,0,0,208
1184,0,0,53.6987032,0,0,0,0,6.774010734,0,25.93592693,0,13.59135914,0,0,0,0,0,210
1185,0,0,49.83333333,0,0,0,0,13.19333333,0,33.66666667,0,3.306666667,0,0,0,0,0,265
1186,0,0,61.09419337,0,6.637137518,0,0.242231296,26.25095162,0,1.730223545,4.045262648,0,0,0,0,0,0,87
1188,0,4.376945571,62.24884445,0,5.993145301,0,1.955790334,24.47253404,0,0.289280885,0.663459422,0,0,0,0,0,0,60
1190,0,1.591298217,61.72827072,0,6.123476684,1.839728741,1.685298956,24.8799812,0,0,2.15194548,0,0,0,0,0,0,63.1
1191,0,4.609985139,63.05371992,0.313023682,4.104088279,0.132797926,1.827552408,25.29484301,0,0.101179372,0.104341227,0,0.018971132,0,0,0.439497897,0,49
1192,0,4.070264282,63.29799019,0,4.260167748,0,1.690140845,25.80471594,0,0,0.250039563,0,0.082291502,0,0,0.544389935,0,46.4
1193,0,4.347143261,63.13094827,0,4.171247291,0,2.336903603,24.97094575,0,0,0.395765933,0,0.069101988,0,0,0.577943902,0,48
1194,0,7.804136253,63.61009732,0,2.816301703,0,1.332116788,24.06021898,0,0,0,0,0,0,0,0.377128954,0,39.6
1195,0,3.768385298,63.80299292,0,3.255679815,0.499887846,1.288172525,26.70554683,0,0,0.105745506,0,0,0,0,0.573589259,0,32.5
1196,0,5.691946833,63.68412823,0,3.227521501,0.412822518,1.1696638,25.55121188,0,0,0.262705238,0,0,0,0,0,0,34.6
1197,0,6.707784835,63.34039093,0,3.356960938,0,1.884071312,24.06333425,0,0,0.174905643,0,0,0,0,0.472552088,0,36.6
1198,0,6.923571363,63.64665912,0,1.793639619,0.180588289,2.399681675,23.71522145,0,0.373419852,0.407088856,0,0,0,0,0.560129779,0,37.9
1199,0,6.325748207,63.65941133,0,3.45659164,0,1.007914915,25.34627752,0,0,0.136037596,0,0.068018798,0,0,0,0,36
1200,0,0,59.06712869,0,11.78149205,1.474385107,1.569506726,23.52561489,0,0.570729719,2.011142818,0,0,0,0,0,0,98
1201,0,1.353413388,60.30650833,0,9.181981026,0,1.685132356,24.09606581,0,0.82266304,2.554236051,0,0,0,0,0,0,89
1203,0,0,60.74020569,0,3.418979809,0,0.323324046,26.0207065,0,5.984934475,0,0,0,0,0,0,3.511849482,94
1204,0,1.331126052,58.47156999,0,10.16926248,0,0,21.37234366,0,3.466333322,1.665596811,1.459508767,0.527044833,0,0,0.912192979,0.625021116,110
1205,0,1.396380001,59.16746633,0,10.57542768,0,0.946361801,22.21964859,0,2.574368816,0,1.518811423,0,0,0,0.949670759,0.651864597,110
1207,0,11.52501228,62.53793024,0,3.820477993,0,1.785972315,20.33060717,0,0,0,0,0,0,0,0,0,46
1211,0,7.718564532,63.18152465,0,3.075125311,0,0.571973308,24.14588394,0,0.781081829,0.273686153,0,0,0,0,0.252160276,0,49
1212,0,10.94824307,62.40088944,0,2.299657685,0,1.28734018,20.9105006,0,2.153369028,0,0,0,0,0,0,0,53
1213,0,5.581914597,62.74382113,0,4.384904022,0,1.90405309,24.2472168,0,0.620212733,0.517877632,0,0,0,0,0,0,50
1214,0,10.85925452,62.6298484,0,2.048476736,0,2.054296273,20.62152646,0,1.588733378,0.19786423,0,0,0,0,0,0,47
1215,0,9.594895564,63.51050382,0,1.077469452,0,0.920965509,22.90375008,0,1.203876482,0.34912418,0,0,0,0,0,0.439414916,40
1216,0.237440278,12.92601708,63.64268134,0,0.87447517,0,0.318517446,21.44780657,0,0.457506877,0.095555234,0,0,0,0,0,0,32.5
1217,0,8.172016663,62.8522421,0,2.260475374,0,0.955648125,23.09789267,0,1.654006371,1.007718696,0,0,0,0,0,0,41
1218,0,8.347296268,63.38766184,0,2.796648896,0,0.402132521,24.17669459,0,0.755521706,0.134044174,0,0,0,0,0,0,35
1219,0,1.748206967,62.61206455,0,0,4.501793033,8.997182377,19.85143443,0,0,2.289318648,0,0,0,0,0,0,37
1220,0,4.750476894,62.6023014,0,0,0,8.510245523,18.57424159,0,0,5.159682481,0,0,0,0,0.40305212,0,43
1221,0,1.738413222,62.30054246,0,0.520255052,4.219141579,9.694508771,19.14475145,0,0,2.382387463,0,0,0,0,0,0,37
1222,0,0.674412188,62.98090187,0,0,2.124398394,10.70476074,18.23978419,1.354955397,0,3.166671776,0,0,0,0,0.754115447,0,40
1223,0,6.685751224,64.08101702,0,2.585649644,0,1.009634623,25.60716594,0,0,0.030781543,0,0,0,0,0,0,30
1224,0,7.256041603,63.45365555,0,3.132456409,0,1.523401652,24.08381768,0,0,0.17130621,0,0,0,0,0.379320893,0,38
1225,0,5.921420148,63.33560921,0,3.804853827,0,1.539320961,24.84327478,0,0,0.173794302,0,0,0,0,0.381726771,0,44
1226,0,11.30594085,62.73808485,0,1.814533717,0,1.465584925,20.890401,0,1.785454651,0,0,0,0,0,0,0,50
1227,0,0,61.1748653,2.193688335,1.343502904,2.067734938,6.339654328,22.04534322,0,0,4.835210972,0,0,0,0,0,0,54
1228,0,11.88395666,62.70826051,0,2.120470698,0,0.734009088,20.96295002,0,1.590353023,0,0,0,0,0,0,0,46
1229,0,8.048720774,63.62773901,0,2.833884196,0,0.661035622,24.31754193,0,0,0,0,0,0,0,0,0.511078467,36
1244,0,2.327856025,61.32303078,0,6.559728743,0.058685446,3.266823161,23.12858633,0,0,3.335289515,0,0,0,0,0,0,71
1245,0,2.323840521,61.3376729,0,5.877949552,1.103336046,3.293734744,23.17005696,0,0.729048007,2.164361269,0,0,0,0,0,0,69
1246,0,5.630609353,61.19666194,0,6.02109904,0.044087545,2.979058416,21.09903952,0,0,2.330341678,0,0,0,0,0.699102504,0,72
1248,0,2.314890287,61.32503016,0,6.559942617,0.058687359,3.266929673,23.13912165,0,0,3.335398259,0,0,0,0,0,0,70.4
1249,0,2.726918582,61.22906116,0,6.59005324,0.064926633,3.291780288,22.74379951,0,0,3.35346059,0,0,0,0,0,0,69.8
1250,0,2.293967715,61.57767466,0,5.744722567,0.058819685,3.450754853,23.15534932,0,0,3.718711195,0,0,0,0,0,0,66.6
1251,0,2.327716215,61.43531572,0,6.537276244,0.049177103,2.701462199,23.62468035,0,0,3.324372172,0,0,0,0,0,0,70
1252,0,3.078729372,61.3104168,0,6.587959037,0.048920488,2.491683517,23.12960668,0,0,3.352684104,0,0,0,0,0,0,71
1253,0,2.329253849,61.51138308,0,6.546914068,0,2.302934597,23.98012896,0,0,3.329385445,0,0,0,0,0,0,69
1254,0,2.282171361,61.68458545,0,5.718620144,0,2.67792362,23.74843348,0,0,3.888265946,0,0,0,0,0,0,67
1255,0,0,63.63636364,0,0,3.03030303,12.12121212,21.21212121,0,0,0,0,0,0,0,0,0,24.5
1256,0,0,63.63636364,0,0,0,12.12121212,21.21212121,0,0,3.03030303,0,0,0,0,0,0,30
1257,0,0,63.63636364,0,0,0,12.12121212,21.21212121,0,0,0,0,0,3.03030303,0,0,0,32
1258,0,0,63.63636364,0,0,0,12.12121212,21.21212121,0,0,0,0,0,0,0,3.03030303,0,33
1259,0,0,63.49206349,0,0,4.761904762,9.523809524,22.22222222,0,0,0,0,0,0,0,0,0,28
1260,0,0,63.49206349,0,0,0,9.523809524,22.22222222,0,0,4.761904762,0,0,0,0,0,0,39
1261,0,0,63.49206349,0,0,0,9.523809524,22.22222222,0,0,0,0,0,0,0,4.761904762,0,48
1262,0,0,64.12870341,0,0,0,8.028034406,24.24338961,0,0,3.599872571,0,0,0,0,0,0,33
1263,0,0,64.12870341,0,0,0.637145588,8.028034406,24.24338961,0,0,2.962726983,0,0,0,0,0,0,30
1264,0,0,64.12870341,0,0,0,8.028034406,24.24338961,0,0,2.962726983,0,0,0.637145588,0,0,0,33.5
1265,0,0,64.12870341,0,0,0,8.028034406,24.24338961,0,0,1.688435808,0,0,1.911436763,0,0,0,34
1266,0,0,64.12870341,0,0,0,8.028034406,24.24338961,0,0,2.962726983,0,0,0,0,0.637145588,0,33.5
1267,0,0,64.12870341,0,0,0,8.028034406,24.24338961,0,0,2.325581395,0,0,0,0,1.274291176,0,34
1268,0,0,64.12870341,0,0,0,8.028034406,24.24338961,0,0,1.688435808,0,0,0,0,1.911436763,0,34.5
1280,0,3.630209716,62.30753916,0,1.858242633,0,2.767454208,21.6053889,0,0.776479958,4.05826918,0,0,0,1.128218742,1.868197505,0,60.5
1281,0.776325393,3.636122354,62.30508924,0,1.857872736,0,2.766903324,21.59445292,0,0,4.060778979,0,0,0,1.131311791,1.871143255,0,58.3
1282,1.864693586,3.629848369,62.3046551,0,0,0,2.767178739,21.59992037,0,0.776402668,4.057865224,0,0,0,1.1314244,1.868011547,0,55.7
1283,0,3.628764761,62.28605546,0,1.884038742,2.026668436,2.792888417,21.57688736,0,0.78280483,2.043253284,0,0,0,1.117818761,1.860819955,0,56.6
1284,0.78280483,3.628764761,62.28605546,0,1.884038742,2.026668436,2.792888417,21.57688736,0,0,2.043253284,0,0,0,1.117818761,1.860819955,0,55.7
1285,0.789412584,3.694981591,62.77488474,0,0,2.05645295,2.839231815,21.93770938,0,0.796046303,2.079670968,0,0,0,1.137682842,1.89392683,0,52.8
1286,0.789255513,3.641187199,62.28817775,0,1.923395788,0,2.752445697,21.61167302,0,0,3.99933676,0,0,1.870336594,1.124191676,0,0,59.7
1287,1.87678228,3.647456728,62.31182439,0,0,0,2.758803634,21.62610253,0,0.782545262,3.998938922,0,0,1.87346641,1.124079846,0,0,60.5
1288,0,3.507028255,60.10577879,3.563822235,1.824506602,0,2.70481329,20.88598609,0,0.773817975,3.744853046,0,0,1.806758484,1.082635241,0,0,64.6
1289,0.759808273,3.500798864,60.11006568,3.571808983,1.817859045,0,2.705485532,20.89117699,0,0,3.74933428,0,0,1.807207527,1.08645482,0,0,61.1
1290,0.776196636,3.62888513,62.29807278,0,1.884101237,0,2.792981059,21.59418848,0,0,0,0,0,4.003715129,1.121172919,1.900686635,0,60.9
1291,1.870460651,3.628163035,62.29230922,0,0,0,2.799058137,21.57994229,0,0.795940702,0,0,0,4.006234869,1.124266242,1.903624847,0,62.3
1295,0,1.890484561,58.57517164,4.573645982,5.260190375,0,5.717886637,18.9545952,1.711386024,1.943550794,0.514079135,0,0,0,0,0.859009651,0,84.1
1296,0,1.955566954,59.34023659,2.388356362,5.462764082,0,5.994934761,19.34087776,1.192575257,2.609559837,1.12525246,0,0,0,0,0.589875934,0,88.7
1297,0,1.955253542,59.37880633,2.480928265,5.436245913,0,5.974741971,19.52048208,1.179562792,2.596320277,0,0,0,0,0,1.477658824,0,88.6
1298,0,2.067889192,59.7574457,2.412537391,5.780985824,0,4.233320328,20.86097022,1.248536871,2.132917154,0.56574327,0,0,0,0,0.939654051,0,82.1
1299,0,2.369485648,59.74764015,2.391960444,5.599434919,0,5.027932961,20.19520966,1.220060361,2.074102613,0.549027162,0,0,0,0,0.825146086,0,85
1300,0,1.187058482,59.97548466,2.445082417,5.664333409,0,5.264346311,20.81223186,1.451566079,1.974129867,0.554820812,0,0,0,0,0.670946099,0,85.9
1301,0,2.092862549,59.62354799,2.958307282,4.771463358,1.033268617,4.205469084,20.39224719,1.493961631,2.382441015,0,0,0,0,0,1.046431274,0,86.5
1302,0,1.90896695,60.05454191,2.37646906,5.629504578,0.889552626,5.343808844,20.32660217,1.194727615,0.889552626,0.561651841,0,0,0,0,0.824621778,0,77.8
1303,0,1.436846704,60.00776674,2.394744507,5.715025404,0,5.410828129,20.83104107,1.184427688,1.527458658,0.592213844,0,0,0,0,0.899647261,0,81.5
1304,0,2.705978706,59.7968878,3.017199017,5.346437346,1.064701065,4.173628174,20.19000819,1.493857494,1.172809173,0,0,0,0,0,1.038493038,0,81.2
1305,0,0.594707107,59.93656458,2.47464235,5.907423927,0.776423167,5.206991112,21.171573,1.202629927,1.149767073,0.667393531,0,0,0,0,0.91188423,0,78.2
1306,0,1.945627252,59.61349492,3.223059286,5.404520144,0.602685883,5.928594825,19.85587946,1.179168031,0.818866689,0.547002948,0,0,0,0,0.881100557,0,81
1307,0,1.746000133,60.80793999,1.752638917,4.932616345,3.843855806,3.883688508,20.85905862,1.440616079,0,0.733585607,0,0,0,0,0,0,76.8
1308,0,1.802343046,60.89916892,1.859083475,6.32155135,2.286305531,1.809018391,22.73956143,1.515303228,0,0.767664631,0,0,0,0,0,0,79
1309,0,0,59.76105909,2.382951243,5.753955441,0,6.80658702,20.58120762,1.233451727,2.105263158,0.597352276,0,0,0,0,0.778172425,0,82.1
1310,0,1.935673086,59.9048457,2.939355427,6.054681135,0.580050184,5.872193437,20.13230358,1.160100368,0,0.540945677,0,0,0,0,0.879851403,0,73.7
1311,0,2.804102298,60.50564715,1.418278593,7.990393353,0,1.733091004,21.82915747,1.551343632,0,0,0,0,2.167986499,0,0,0,63
1312,0,1.568357696,59.03697334,3.779879622,8.123817713,1.097162511,1.891659501,21.83319003,1.568357696,0,0,0,0,0,0,1.100601892,0,85.1
1313,0,1.905703924,58.68117376,4.04220244,5.321463897,0,6.356742499,19.18562479,1.153972964,1.965051105,0.520936367,0,0,0,0,0.867128256,0,85.6
1314,0,1.93890849,59.72156003,2.348939957,5.409872541,0,6.471504402,19.52576205,1.176059248,1.996122183,0.527637392,0,0,0,0,0.883633705,0,80.9
1315,0,1.95192368,60.0734325,1.766773363,5.441536434,0,6.508504362,19.6416243,1.179941003,2.0146865,0.533483964,0,0,0,0,0.888093893,0,82.3
1316,0,1.969412561,60.60867157,0.895467274,5.495891928,0,6.560605594,19.8172139,1.193956365,2.024802289,0.538511247,0,0,0,0,0.895467274,0,84.1
1320,11.81714349,4.45719698,57.8599883,0,0,0,12.05671783,12.62501045,0,0.239574338,0,0.866367663,0,0,0,0,0.078000947,72.9
1324,0,5.226315289,61.86056824,0,3.129454246,1.865636185,1.976497419,22.98628488,0,2.603655253,0.351588483,0,0,0,0,0,0,77
1325,0,5.693371289,63.67503988,0,3.228329215,0.42856696,1.169956518,25.53258047,0,0,0.272155661,0,0,0,0,0,0,32
1327,0,0.842978524,60.40342544,0,7.34595571,0,1.732789188,24.37612899,0,2.368368234,2.930353917,0,0,0,0,0,0,70
1329,0,8.534001731,62.24748605,0,0.232745502,3.571748277,7.059946886,16.77259571,0,0,1.539701012,0,0,0,0.041774834,0,0,38
1332,0.365365656,13.17056197,61.73229716,0,3.137505075,0,0,19.56446094,0,1.867424462,0.162384736,0,0,0,0,0,0,43
1334,0,10.05477424,62.79496669,0,3.541080681,0,1.131014064,22.00444115,0,0.473723168,0,0,0,0,0,0,0,56
1335,0,8.983737943,45.70616467,22.10521411,0,0,6.42094963,5.815199665,0,0,0,0,0,0,0,0,10.96873398,107
1336,0,11.62164671,45.84609672,21.87412977,0,0,3.861505616,5.824747053,0,0,0,0,0,0,0,0,10.97187413,100
1337,0,15.89027348,48.59914694,18.33653927,0,0,3.28677762,5.946307602,0,0,0,0,0,0,0,0,7.940955089,81
1338,0,15.85749511,47.90834113,19.04174815,0,0,3.299039197,5.280163251,0,0,0,0,0,0,0,0,8.613213162,94
1339,0,16.56147639,50.05192938,15.43101382,0,0,3.451306224,5.528481265,0,0,0,0,0,0,0,0,8.975792922,79
1340,0,17.47970453,52.87427777,10.66700797,0,0,3.642214583,5.854603964,0,0,0,0,0,0,0,0,9.48219118,82
1341,0,9.347556013,49.98929015,16.57027803,0,0,5.003641349,9.37325965,0,0,0,0,0,0,0,0,9.71597481,86
1342,0,9.924894813,53.04156345,11.47811726,0,0,5.347803861,9.924894813,0,0,0,0,0,0,0,0,10.28272581,80
1349,0,0,56.05207313,5.660300359,2.073130917,9.218903036,0.979431929,19.91919687,0,3.223963435,2.864838394,0,0.008161933,0,0,0,0,90
1350,0,3.430531732,58.51506984,4.90426016,7.470157874,0,1.862288655,23.12808485,0,0.210032555,0.479574334,0,0,0,0,0,0,73.5
1352,0,3.433745429,58.4259098,4.903360613,7.473445934,0,2.388995299,22.68500784,0,0.208950026,0.48058506,0,0,0,0,0,0,74.5
1353,0,3.445972081,58.32483561,4.922817258,7.496747424,0,1.870670558,22.76802982,0,0.210977882,0.959949365,0,0,0,0,0,0,75.5
1354,0,3.452018345,58.67730981,4.932955222,6.259846655,0,1.876553583,23.27486609,0,1.043307776,0.483142527,0,0,0,0,0,0,73.6
1355,0,3.44657457,58.87017198,4.926698619,6.251762052,0,1.874823795,23.23794756,0,0.211446293,1.180575134,0,0,0,0,0,0,69.7
1356,0,2.339633247,58.50137006,4.946251669,7.538818239,0,2.648773976,23.32958617,0,0.21077777,0.484788871,0,0,0,0,0,0,73.4
1357,0,2.354346757,58.66188769,4.979267693,6.318082789,0,2.66357439,23.48021646,0,1.054185115,0.488439103,0,0,0,0,0,0,73.4
1358,0,2.349278234,58.86286442,4.970987829,6.304840079,0,2.660628361,23.4503255,0,0.212284178,1.188791395,0,0,0,0,0,0,70.2
1375,0,7.861519608,62.48468137,0,4.908088235,0,0.992647059,21.59926471,0,0,0.361519608,0,0,0,1.397058824,0.395220588,0,52.9
1376,0,7.585636881,62.9779288,0,4.255058622,0,0.991826614,22.31303762,0,0,0,0,0,0,1.481617535,0.39489393,0,46.5
1377,0,7.43354068,62.76421255,0,4.338811005,0,0.810819175,22.73697892,0,0,0,0,0,0,0.838671742,1.076965927,0,49.7
1378,0.841761827,6.394779772,61.31158238,0,3.673735726,0,0.691680261,20.62316476,0,0.535073409,0,0,0,0,0.982055465,4.946166395,0,75.4
1379,2.897371715,7.459324155,60.43178974,0,3.491864831,0,0.638297872,20.16270338,0,2.065081352,0,0,0,0,0.87922403,1.974342929,0,75
1380,4.567169883,6.535448118,59.11841519,0,3.669023505,0,0.891776546,18.92477228,0,2.407796675,0,0,0,0,0.920440792,2.965157016,0,87.8
1385,0,7.36715701,63.17021915,0,0,0.732512759,6.262383669,19.52566797,0,0,1.471029721,0,0,0.73551486,0,0.73551486,0,36.6
1386,0,7.366051328,63.16974336,0,0,0.729401171,6.261443794,19.52573916,0,0,1.473810596,0,0,0,0,1.473810596,0,37.5
1387,0,7.313797314,63.44017094,0,0,0.72039072,4.755799756,20.84554335,0,0,0,0,0,0,0,2.924297924,0,41.2
1388,0,8.105673972,63.17021915,0,0,0.729510657,5.523866707,19.52566797,0,0,0,0,0,0,0,2.945061543,0,40.8
1389,0,8.099669769,63.17021915,0,0,0.732512759,5.523866707,19.52867007,0,0,0,0,0,1.474031822,0,1.471029721,0,39.9
1390,0,8.098940354,63.16753219,0,0,0,5.529372917,19.52090775,0,0,0,0,0,0.735448624,0,2.947798157,0,43.5
1391,0,8.099912936,63.16911345,0,0,1.471073884,5.524032544,19.52625417,0,0,0,0,0,0,0,2.209613018,0,37.9
1392,0,7.393625133,63.03492451,0,0,0.735092268,5.54521885,19.60042702,0,0,0.738142443,0,0,0.735092268,0,2.217477505,0,42.9
1393,0,7.366493561,63.16753219,0,0,0.738450455,6.26181971,19.52090775,0,0,0,0,0,1.473899078,0,1.470897247,0,39.7
1394,0,8.63330755,62.58701731,0,3.111798655,0,3.5818409,20.62235973,0,0,0,0,0,0,0,1.463675849,0,49.9
1396,0,30.67084446,58.98140538,0,0,0,0,2.627388535,0,0,0,0,0,0,0,7.720361619,0,66.5
1397,0,28.33943393,59.02459143,0,0,0,2.062174563,2.848378615,0,0,0,0,0,0,0,7.725421457,0,80.9
1398,0,25.00697895,59.02238848,0,0,0,1.122215398,4.980179778,0,0,0,0,0,0,0,9.868237396,0,85.4
1399,0,28.25919259,58.34147596,0,2.597068655,0,1.038827462,3.332476215,0,0,0,0,0,0,0,6.430959115,0,78
1400,0,28.27976344,58.35176138,0,0,0,1.007971201,3.353047056,0,2.586783235,0,0,0,0,0,6.420673695,0,87.3
1401,0,28.66369768,59.10878454,0,0,0,1.031330573,3.370054952,0,0,0,0,0,0,0,5.219157747,2.606974503,71.9
1402,0,27.13554225,58.8063179,0,0,0,1.062014034,3.513857658,0,0,0,0,0,0,0,6.773048685,2.709219474,81.1
1403,5.309968066,26.35982159,57.24314481,0,0,0,1.066216252,3.428254731,0,0,0,0,0,0,0,6.592594548,0,84.8
1404,2.571619606,28.27238595,58.3551921,0,0,0,1.018361364,3.350820347,0,0,0,0,0,0,0,6.431620635,0,81.3
1405,5.13835999,27.90555979,57.58568165,0,0,0,1.015486164,3.28002031,0,0,0,0,0,0,0,5.074892105,0,77.6
1406,2.642165641,28.06717018,58.16657583,0,0,0,1.048560824,3.096368969,0,0,0,0,0,0,0,6.979158556,0,80.8
1407,2.591414944,27.14891362,58.11340753,0,0,0,1.038685745,3.42872284,0,0,0,0,0,0,0,7.678855326,0,85
1408,1.990716864,28.17947396,58.31356369,0,0.072202166,0,1.031459515,3.31872099,0,0.53120165,0,0,0,0.152140278,0,6.410520887,0,77.9
1409,1.537033216,28.14627605,58.30668455,0,0.072209614,0,1.036723747,3.337115742,0,1.021250258,0,0,0,0.154734888,0,6.387971941,0,79.1
1410,1.237623762,28.17141089,58.31528465,0,0.072194719,0,1.041666667,3.318378713,0,1.278877888,0,0,0,0.15470297,0,6.409859736,0,79.9
1411,1.985098868,28.20902833,58.35675063,0,0.510453995,0,1.02606409,3.34373147,0,0,0,0,0,0.152104978,0,6.41676764,0,77.9
1412,1.526323931,28.19574073,58.32774713,0,1.031299954,0,1.031299954,3.320785851,0,0,0,0,0,0.152116743,0,6.414685711,0,78.1
1413,2.558811391,29.17354519,58.30581923,0,0.072224515,0,0,3.340383822,0,0,0,0,0,0.149607924,0,6.399607924,0,78.2
1414,1.268609771,28.56468861,58.14111973,0,0.152023485,0,0,3.365485427,0,1.310547285,0,0,0,0.18347662,0,7.014049067,0,83.6
1416,0,18.07361002,59.63978074,0,0,0,0,9.039937353,0,0,0,0,0,0,1.202819107,2.408770556,9.635082224,74.6
1417,0,13.66091073,59.83398893,0,0,0,0,10.10734049,0,0,0,1.363424228,0,0,1.366757784,0,13.66757784,73.8
1418,0,18.07417617,59.63851648,0,0,0,0,9.037088084,0,0,0,0,0,0,1.202856785,0,12.04736249,74.8
1437,2.897643709,7.460024408,60.43433364,0,3.485934224,0,0.638357793,20.16772538,0,2.065275214,0,0,0,0,0.876177363,1.974528272,0,75
1442,0,7.366935847,63.16832278,0,0,0.73549278,6.262195671,19.52207979,0,0,1.473987572,0,0,0.73549278,0,0.73549278,0,36.6
1443,0,7.366493561,63.16753219,0,0,0.735448624,6.26181971,19.52090775,0,0,1.473899078,0,0,0,0,1.473899078,0,37.5
1444,0,7.315137082,63.43652684,0,0,0.732734933,4.750564817,20.84020272,0,0,0,0,0,0,0,2.924833608,0,41.2
1445,0,8.104944016,63.16753219,0,0,0.735448624,5.523369255,19.52090775,0,0,0,0,0,0,0,2.947798157,0,40.8
1446,0,8.104944016,63.16753219,0,0,0.735448624,5.523369255,19.52090775,0,0,0,0,0,1.473899078,0,1.473899078,0,39.9
1447,0,8.104944016,63.16753219,0,0,0,5.523369255,19.52090775,0,0,0,0,0,0.735448624,0,2.947798157,0,43.5
1448,0,8.104944016,63.16753219,0,0,1.473899078,5.523369255,19.52090775,0,0,0,0,0,0,0,2.209347702,0,37.9
1449,0,7.983269685,62.97508638,0,0,0.727404983,5.443413954,19.23683094,0,0,0.727404983,0,0,0.727404983,0,2.179184094,0,42.9
1450,0,7.503171631,63.22720957,0,0,0.749108923,5.630399323,19.88763366,0,0,0,0,0,1.501238446,0,1.501238446,0,39.7
1451,0,9.614010007,63.02418394,0,0,0,4.771265189,18.85573028,0,0,0,0,0,0,0,3.734810579,0,46.3
1452,0,9.614010007,63.02418394,0,0,0.738622826,4.771265189,18.85573028,0,0,0,0,0,0,0,2.996187753,0,43.3
1453,0,8.104944016,63.16753219,0,0,0,5.523369255,19.52090775,0,0,0,0,0,0,0,3.683246781,0,45.5
1454,0,8.810252371,63.29566456,0,0,0.733177811,3.999151695,20.18662708,0,0,1.469385282,0,0,0,0,1.505741206,0,38.4
1455,0,8.077564005,63.29647023,0,0,1.099833359,4.73261627,20.18785033,0,0,1.099833359,0,0,0,0,1.50583245,0,36.9
1457,0,8.200651626,62.75895986,0,0,1.49074814,4.807278539,19.01395463,0,0,1.49074814,0,0,0,0,2.237659064,0,44.3
1490,0,7.845540913,62.48850751,0,4.903463071,0,0.980692614,21.60588416,0,0,0.36775973,0,0,0,1.409745633,0.398406375,0,52.9
1491,0,7.591062137,62.96296296,0,4.285277013,0,0.979491889,22.31404959,0,0,0,0,0,0,1.469237833,0.39791858,0,46.5
1492,0,7.428040854,62.76694522,0,4.333023832,0,0.804704426,22.74837512,0,0,0,0,0,0,0.835654596,1.083255958,0,49.7
1493,0.848010437,6.392694064,61.31767776,0,3.652968037,0,0.717547293,20.61317678,0,0.521852577,0,0,0,0,0.978473581,4.957599478,0,75.4
1494,2.879679479,7.455865782,60.43257794,0,3.51195693,0,0.626017278,20.17653687,0,2.065857018,0,0,0,0,0.876424189,1.975084512,0,75
1495,4.520853231,6.558420885,59.12129895,0,3.693091372,0,0.891435848,18.91117479,0,2.419611589,0,0,0,0,0.923272843,2.960840497,0,87.8
1496,0,10.98901099,62.36263736,0,0,0.549450549,9.340659341,14.56043956,0,0,1.098901099,0,0,0.549450549,0,0.549450549,0,36.6
1497,0,12.37704457,62.08195155,0,0,1.124163903,7.256477994,14.34714181,0,0,1.124163903,0,0,0,0,1.689056264,0,44.3
1499,0,12.2324159,62.49652488,0,0,0.834028357,7.17264387,15.29051988,0,0,0.834028357,0,0,0,0,1.139838755,0,36.9
1500,0,13.34445371,62.49652488,0,0,0.556018905,6.060606061,15.29051988,0,0,1.112037809,0,0,0,0,1.139838755,0,38.4
1501,0,12.08791209,62.36263736,0,0,0,8.241758242,14.56043956,0,0,0,0,0,0,0,2.747252747,0,45.5
1502,0,14.14196356,62.22463965,0,0,0.543921675,7.016589611,13.87000272,0,0,0,0,0,0,0,2.202882785,0,43.3
1503,0,14.14196356,62.22463965,0,0,0,7.016589611,13.87000272,0,0,0,0,0,0,0,2.74680446,0,46.3
1504,0,10.98901099,62.36263736,0,0,0.549450549,9.340659341,14.56043956,0,0,0,0,0,1.098901099,0,1.098901099,0,39.7
1505,0,11.17318436,62.29050279,0,0,0.558659218,8.379888268,14.80446927,0,0,0.558659218,0,0,0.558659218,0,1.675977654,0,42.9
1506,0,12.08791209,62.36263736,0,0,1.098901099,8.241758242,14.56043956,0,0,0,0,0,0,0,1.648351648,0,37.9
1507,0,12.08791209,62.36263736,0,0,0,8.241758242,14.56043956,0,0,0,0,0,0.549450549,0,2.197802198,0,43.5
1508,0,12.08791209,62.36263736,0,0,0.549450549,8.241758242,14.56043956,0,0,0,0,0,1.098901099,0,1.098901099,0,39.9
1509,0,11.23595506,62.64044944,0,0,0.561797753,7.303370787,16.01123596,0,0,0,0,0,0,0,2.247191011,0,41.2
1510,0,10.98901099,62.36263736,0,0,0.549450549,9.340659341,14.56043956,0,0,1.098901099,0,0,0,0,1.098901099,0,37.5
1529,0,16.64708089,58.33229154,0,0,0,16.68208526,0,0,0,0,0,0,0,0,8.338542318,0,71.5
1530,0,16.66333467,58.33666533,0,0,0,16.68332667,0,0,0,0,0,0,8.316673331,0,0,0,66
1531,0,16.67666467,58.33583283,0,0,0,16.66666667,0,0,0,8.320835833,0,0,0,0,0,0,58.8
1532,5.555555556,16.66666667,61.11111111,0,0,0,0,16.66666667,0,0,0,0,0,0,0,0,0,59
1533,18.75,6.25,56.25,0,0,0,0,18.75,0,0,0,0,0,0,0,0,0,140
1534,0,0,61.76470588,0,11.76470588,0,0,16.91176471,5.882352941,0,0,0,0,0,3.676470588,0,0,89.8
1535,0,0,61.76470588,0,11.76470588,0,0,16.17647059,5.882352941,0,0,0,0,0,4.411764706,0,0,96.8
1536,0,0,61.76470588,0,11.76470588,0,0,15.44117647,5.882352941,0,0,0,0,0,5.147058824,0,0,84.1
1537,0,0,61.76470588,0,11.76470588,0,0,14.70588235,5.882352941,0,0,0,0,0,5.882352941,0,0,79
1538,0,0,62.5,0,11.11111111,0,0,13.19444444,8.333333333,0,0,0,0,0,4.861111111,0,0,79
1539,0,0,62.5,0,11.11111111,0,0,12.5,8.333333333,0,0,0,0,0,5.555555556,0,0,85.2
1540,0,0,62.34392736,0,11.12372304,0,0,12.06015891,7.434733258,0,0,0,0,0,7.037457435,0,0,77.1
1541,0,0,62.5,0,11.11111111,0,0,11.11111111,8.333333333,0,0,0,0,0,6.944444444,0,0,81.2
1542,0,0,58.82352941,0,17.64705882,0,0,13.97058824,5.882352941,0,0,0,0,0,3.676470588,0,0,138.4
1543,0,0,58.82352941,0,17.64705882,0,0,13.23529412,5.882352941,0,0,0,0,0,4.411764706,0,0,139.3
1544,0,0,58.82352941,0,17.64705882,0,0,12.5,5.882352941,0,0,0,0,0,5.147058824,0,0,118.6
1545,0,0,59.72222222,0,16.66666667,0,0,11.80555556,8.333333333,0,0,0,0,0,3.472222222,0,0,136.8
1546,0,0,59.72222222,0,16.66666667,0,0,11.11111111,8.333333333,0,0,0,0,0,4.166666667,0,0,118.9
1547,0,0,59.72222222,0,16.66666667,0,0,10.41666667,8.333333333,0,0,0,0,0,4.861111111,0,0,118.3
1548,0,0,59.72222222,0,16.66666667,0,0,9.722222222,8.333333333,0,0,0,0,0,5.555555556,0,0,115.3
1549,0,0,60.52631579,0,15.78947368,0,0,8.552631579,10.52631579,0,0,0,0,0,4.605263158,0,0,125
1550,0,0,60.52631579,0,15.78947368,0,0,7.894736842,10.52631579,0,0,0,0,0,5.263157895,0,0,119.3
1551,0,0,60.6223176,0,15.34334764,0,0,7.430257511,9.763948498,0,0,0,0,0,6.840128755,0,0,116.9
1552,0,12.5716602,62.073658,0,4.806300307,0,0.56749088,19.98089061,0,0,0,0,0,0,0,0,0,51.3
1553,0,14.10109133,62.07352096,0,3.153360138,1.421596783,1.154508903,17.22860425,0,0,0,0,0,0,0.867317634,0,0,42.9
1554,0,13.68904818,62.06029425,0,3.208370668,0.884469752,1.173512154,17.42636645,0,0,0.569413533,0,0,0,0.867127208,0.121397809,0,45.5
1601,4.199619719,14.90809887,57.72548155,0,1.34476012,0,7.881176114,7.382402381,0,1.107773706,2.722588112,0,0,0,0,2.728099424,0,81
1602,2.719373525,16.53078738,57.67270972,0,1.308732032,0,7.659300579,6.667024244,0,2.805192019,2.646964171,0,0,0,0,1.989916327,0,82.3
1603,2.693439128,15.78819529,57.62016571,0,1.948560171,0,7.578333738,7.267967506,0,2.779801905,2.617871697,0,0,0,0,1.705664858,0,85
1604,2.701682485,15.84339948,57.37435289,0,1.957506471,0,7.608930112,6.959124245,0,3.213977567,2.628882657,0,0,0,0,1.71214409,0,87.6
1605,2.744527122,16.07893885,57.47870161,0,1.321039577,0,7.721341529,6.721125849,0,3.262158956,2.666343147,0,0,0,0,2.005823358,0,85.7
1606,2.75351672,16.1347373,57.36402471,0,1.322341033,0,6.938209126,7.085135907,0,3.711261666,2.677332463,0,0,0,0,2.01344108,0,89.4
1607,2.783906731,15.73370379,57.23625072,0,1.340197761,0,7.436463185,6.829015826,0,3.759091281,2.710359293,0,0,0,0,2.171011413,0,89.7
1608,2.819543686,13.6176787,57.33715894,0,1.561508539,0,8.469666455,7.664082545,0,3.685822275,2.742295914,0,0,0,0,2.102242944,0,88.2
1609,2.817453649,13.31989021,57.60656472,0,2.716630258,0,7.690584216,8.592393435,0,2.234918501,2.741836106,0,0,0,0,2.279728897,0,87.4
1610,2.88227484,12.37552556,57.30803275,0,1.598805045,0,8.956627572,8.317658774,0,4.254259792,1.919672494,0,0,0,0,2.387143173,0,93.6
1611,3.562657031,12.60198176,57.36103661,0,1.64864636,0.527905598,7.667334782,8.864297208,0,3.342461113,1.99305536,0,0,0,0,2.430624171,0,90.1
1612,9.539087341,11.69325962,56.52410553,0,0,0,8.427626114,7.757311868,0,0,3.483342405,0,0,0,0,2.575267123,0,87.2
1613,9.028844513,13.51197588,56.59668885,0,0,0.540479035,7.373271889,7.265176082,0,0,3.362348524,0,0,0,0,2.321215224,0,85.5
1677,0,2.363114294,61.94923925,0,1.412587874,2.970395063,5.663553253,20.92148256,0,0.660087792,2.650252484,0,0,0,0,0,1.409287435,50
1678,0,1.714912426,61.65376051,0,1.023629898,5.42390907,7.019176443,19.69158164,0,0.478580212,1.970819901,0,0,0,0,0,1.023629898,46.8
1679,0,1.406854247,61.51153487,0,0.840112015,6.590878784,7.667689025,19.10254701,0,0.393385785,1.650220029,0,0,0,0,0,0.836778237,49.3
1680,0,1.10367893,61.37458194,0,0.662207358,7.725752508,8.294314381,18.53511706,0,0.307692308,1.337792642,0,0,0,0,0,0.658862876,45.1
1681,0,0.538231238,61.11279308,0,0.322938743,9.8832711,9.486325563,17.44878393,0,0.14801359,0.740067952,0,0,0,0,0,0.319574797,44.3
1722,0,6.538962993,56.86490823,0,7.347975796,0,0,16.24043058,0,5.522682446,0,0,0,0,0.655233511,0.635175342,6.194631097,127
1724,0,6.760620228,56.33513841,0,7.594766405,0,0,15.67051226,0,5.711210521,0,0,0,0,0.272442905,0.874508089,6.780801184,130
1727,0,5.012857878,55.55974627,0,7.879307389,0,0,16.25578604,0,7.406137494,0,0,0,0,0,0.226298646,7.659866278,137
1741,0,3.391735537,61.91735537,0,1.976859504,1.46446281,3.887603306,21.58347107,0,0.8,3.117355372,0,0,0,0,0,1.861157025,72
1742,0,3.335330537,63.03175554,0,0,1.501231609,4.027694561,22.38199854,0,0,3.235470342,0,0,0,0,0.645762599,1.840756275,63
1796,0,35.73085847,58.93271462,0,0,0,0,0,0,0,0,0,0,0,0,5.336426914,0,87
1797,0,34.91914694,59.10475744,0,0,0,0,0.749941411,0,0,0,0,0,0,0,4.077806421,1.148347785,77.8
1798,0,34.18439716,59.26713948,0,0,0,0,1.442080378,0,0,0,0,0,0,0,2.884160757,2.222222222,74.4
1799,0,35.9764386,59.35659266,0,0,0,0,0.724966017,0,0,0,0,0,0,0,2.854553693,1.087449026,72.9
1800,0,35.23221231,59.50583391,0,0,0,0,1.395561656,0,0,0,0,0,0,0,1.715854496,2.150537634,69.9
1801,0,34.52914798,59.19282511,0,0,0,2.242152466,0,0,0,0,0,0,0,0,4.035874439,0,76.6
1802,0,35.73085847,58.93271462,0,0,0,0,0,0,0,1.160092807,0,0,0,0,4.176334107,0,84.9
1803,0,33.77918839,59.35162095,0,0,0,2.176377239,0.72545908,0,0,0,0,0,0,0,2.856495126,1.110859216,72.4
1804,0,34.91914694,59.10475744,0,0,0,0,0.749941411,0,0,1.124912116,0,0,0,0,2.952894305,1.148347785,76.8
1805,0,37.63066202,59.40766551,0,0,0,0,0,0,0,0,0,0,0,0,2.961672474,0,69.3
1806,0,36.12679114,57.83760313,0,0,0,0,0,0,4.776378637,0,0,0,0,0,1.259227095,0,87.2
1807,0,36.85152057,59.21288014,0,0,0,0,0,0,0,0,0,0,0,0,3.935599284,0,75.5
1808,0,35.0056243,57.50281215,0,0,0,0,0,0,4.994375703,0,0,0,0,0,2.497187852,0,91.9
1809,0,35.79532299,58.94883075,0,0,0,0,0,0,0,0,0,0,0,0,5.255846261,0,76.9
1810,0,33.86046512,57.11627907,0,5.395348837,0,0,0,0,0,0,0,0,0,0,3.627906977,0,93.5
1811,0.898557579,34.334358,58.73729014,0,0,0,0,0.756680066,0,0,0,0,0,0,0,4.11444786,1.158666351,78.1
1812,0.88598741,34.78666356,58.84821637,0,0,0,0,0.746094661,0,0,0,0,0,0,0,3.613896013,1.119141991,79
1813,1.810879205,34.60636594,58.57033408,0,0,0,0,0.742924802,0,0,0,0,0,0,0,3.131892369,1.137603603,84.3
1814,1.862019575,33.70732872,58.34328002,0,0,0,0,0.763905467,0,0,0,0,0,0,0,4.153735975,1.169730246,85.6
1815,0,34.35202912,58.74163889,0,0.898154057,0,0,0.756340259,0,0,0,0,0,0,0,4.117327283,1.134510388,80.9
1816,0,34.78666356,58.84821637,0,0.88598741,0,0,0.746094661,0,0,0,0,0,0,0,3.613896013,1.119141991,84.6
1817,0,34.62520306,58.57507542,0,1.810164771,0,0,0.742631701,0,0,0,0,0,0,0,3.132977489,1.113947552,81.2
1818,0,33.73091603,58.34923664,0,1.860687023,0,0,0.763358779,0,0,0,0,0,0,0,4.150763359,1.145038168,87.9
1819,0,33.73750652,59.35226526,0,0,0,2.221063844,0.725245337,0,0,0,0,0,0,0,2.853387122,1.110531922,72.7
1820,0,33.22284957,59.00290306,0,0.868630992,0,2.19443619,0.73147873,0,0,0,0,0,0,0,2.88248337,1.097218095,75.3
1821,0,33.65666591,59.10218813,0,0.857207309,0,2.165576359,0.721858786,0,0,0,0,0,0,0,2.413715317,1.08278818,72.1
1822,0,33.22284957,59.00290306,0,0,0,2.19443619,0.73147873,0,0.868630992,0,0,0,0,0,2.88248337,1.097218095,77.1
1823,0,33.67533317,59.1065912,0,0,0,2.164746206,0.721582069,0,0.856878707,0,0,0,0,0,2.392495546,1.082373103,73.7
1824,0,32.61070111,58.62546125,0,1.798892989,0,2.21402214,0.73800738,0,0,0,0,0,0,0,2.905904059,1.10701107,76.9
1825,0,32.61070111,58.62546125,0,0,0,2.21402214,0.73800738,0,1.798892989,0,0,0,0,0,2.905904059,1.10701107,81.2
1826,0,32.01489065,58.25965565,0,2.698929735,0,2.233597022,0.744532341,0,0,0,0,0,0,0,2.931596091,1.116798511,83.3
1827,0,32.01489065,58.25965565,0,0,0,2.233597022,0.744532341,0,2.698929735,0,0,0,0,0,2.931596091,1.116798511,85.7
1828,0,33.08167467,59.50583391,0,0,0,2.150537634,1.395561656,0,0,0,0,0,0,0,1.715854496,2.150537634,68.6
1829,0,34.66420494,59.1507039,0,0.876990538,0,0,1.4078006,0,0,0,0,0,0,0,1.730902377,2.169397646,72.2
1830,0,34.08614668,58.78928987,0,1.769499418,0,0,1.420256112,0,0,0,0,0,0,0,1.746216531,2.188591385,73.4
1831,0,33.20139697,58.78928987,0,1.769499418,0,0.884749709,1.420256112,0,0,0,0,0,0,0,1.746216531,2.188591385,75.9
1832,0,34.66420494,59.1507039,0,0,0,0,1.4078006,0,0.876990538,0,0,0,0,0,1.730902377,2.169397646,73.4
1833,0,34.08614668,58.78928987,0,0,0,0,1.420256112,0,1.769499418,0,0,0,0,0,1.746216531,2.188591385,77.2
1834,0,33.20139697,58.78928987,0,0,0,0.884749709,1.420256112,0,1.769499418,0,0,0,0,0,1.746216531,2.188591385,77.2
1835,0,33.20918106,58.78998091,0,0.884584943,0,0.884584943,1.417663765,0,0.884584943,0,0,0,0,0,1.743563481,2.185855952,76.8
1838,0,0,57.0083682,0,16.24825662,1.708507671,0,22.14086471,0,0,2.894002789,0,0,0,0,0,0,86
1839,9.886159377,0,55.03295386,0,10.00599161,0,10.12582385,14.46974236,0,0,0,0,0,0,0.479328939,0,0,89.5
1841,0,0,56.27130198,0,18.60940695,1.465576005,0.681663258,21.2338105,0,0,1.465576005,0.272665303,0,0,0,0,0,93.5
1864,0,9.813975674,63.04853327,0,0,0,4.465776294,18.95719056,0,0,0,0,0,0,0,3.714524207,0,46
1865,0,7.376508013,63.21349259,0,0,0.720244883,6.176099874,19.65068123,0,0,1.440489767,0,0,0.720244883,0,0.702238761,0,36.5
1866,0,2.89591585,62.62580352,0,0,3.09720148,6.921628466,20.34283488,0,0,2.993312123,0,0,0,0,1.123303682,0,44
1867,0,1.294987675,63.10271159,0,0,0,6.764174199,22.17584224,0,0,4.726376335,0,0,0,0,1.93590797,0,50.7
1868,0,2.462798103,62.99954513,0,0,0,6.563129508,21.48612645,0,0,4.555201767,0,0,0.061732406,0,1.871466632,0,48.9
1869,0,3.652704221,62.90483069,0,0,0,6.348900658,20.80885893,0,0,4.419836302,0,0,0.060985396,0,1.803883807,0,48.5
1870,0,3.62702616,62.90804044,0,0,0,6.368159204,20.8184882,0,0,3.784304285,0,0,0.048146365,0,2.445835339,0,49.9
1871,0,2.37398374,63.08292683,0,0,0,6.42601626,21.76585366,0,0,4.471544715,0,0,0.03902439,0,1.840650407,0,47.7
1872,0,3.625397237,62.91264025,0,0,0,5.700758804,21.16220248,0,0,4.102081847,0,0,0.045398534,0,2.451520851,0,51.4
1873,0,3.612363168,62.84288474,0,0,0,6.316806182,20.7211848,0,0,3.441725692,0,0,0.637475853,0,2.427559562,0,49.4
1874,0,3.633678939,62.91207909,0,0,0,6.349308253,20.83266459,0,0,4.750746317,0,0,0.028889674,0,1.492633133,0,49
1875,0,3.004943617,62.99718892,0,0,0,6.384697405,21.29955734,0,0,4.446024104,0,0,0.038773466,0,1.828815148,0,48.2
1876,0,3.65246975,62.90400231,0,0,0,6.348493116,20.80752319,0,0,4.419552589,0,0,0.064191033,0,1.803768014,0,48.5
1877,0,3.626560544,62.90638339,0,0,0,6.37376039,20.81260631,0,0,3.783818479,0,0,0.048140184,0,2.448730704,0,49.9
1878,0,2.380178188,63.08122521,0,0,0,6.425180464,21.75977109,0,0,4.470963127,0,0,0.042270924,0,1.840411003,0,47.7
1879,0,3.625279678,62.91060021,0,0,0,5.700573949,21.15827361,0,0,4.105191478,0,0,0.045397062,0,2.454684004,0,51.4
1880,0,1.301475663,63.10185033,0,0,0,6.763729582,22.17109804,0,0,4.726065665,0,0,0,0,1.935780721,0,50.7
1881,0,3.612130578,62.84205782,0,0,0,6.316399459,20.71985062,0,0,3.444723456,0,0,0.637434808,0,2.427403258,0,49.4
1882,0,2.902220491,62.62498377,0,0,3.09700039,6.921179068,20.33826776,0,0,2.993117777,0,0,0,0,1.123230749,0,44
1883,0,2.468975375,62.99785589,0,0,0,6.562276655,21.48008576,0,0,4.554609837,0,0,0.064973036,0,1.871223442,0,48.9
1884,0,3.004846527,62.99515347,0,0,0,6.384491115,21.29563813,0,0,4.445880452,0,0,0.042003231,0,1.831987076,0,48.2
1885,0,0,63.14208676,0,0,0,5.460937233,23.5537049,0,0,0,0,0,7.843271101,0,0,0,58.4
1886,0,0,63.90544299,0,0,0,5.979340485,24.82121573,0,0,0,0,0,5.294000795,0,0,0,45
1887,0,0,63.60142833,0,0,0,4.781499745,24.81210678,0,0,0,0,0,6.804965142,0,0,0,52.4
1888,0,0,63.66787774,0,0,0,5.999800007,24.33585547,0,0,0,0,0,5.996466784,0,0,0,50.7
1889,0,0,63.51780526,0,0,0,5.399013447,24.33610379,0,0,0,0,0,6.747077505,0,0,0,54.1
1890,0,0,63.57644409,0,0,0,6.604398516,23.85068892,0,0,0,0,0,5.968468468,0,0,0,48.7
1891,0,0,63.32237411,0,0,0,4.139124416,24.57518602,0,0,0,0,0,7.963315453,0,0,0,60.4
1892,0,0,63.39131319,0,0,0,5.404672295,24.08029024,0,0,0,0,0,7.123724274,0,0,0,55.6
1893,0,0,63.45962114,0,0,0,6.620139581,23.60917248,0,0,0,0,0,6.3110668,0,0,0,51.2
1894,0,0,63.26475089,0,0,0,5.454854617,23.80207448,0,0,0,0,0,7.478320014,0,0,0,57.1
1895,0,0,63.10652826,0,0,0,4.821188399,23.80246232,0,0,0,0,0,8.269821016,0,0,0,58.5
1896,0,0,63.01979859,0,0,0,5.460026033,23.30958416,0,0,0,0,0,8.210591217,0,0,0,59.1
1897,0,0,62.98534107,0,0,0,5.369219678,23.2860723,0,0,0,0,0,8.359366954,0,0,0,62
1898,0,0,62.90421823,0,0,0,5.824844466,22.89601422,0,0,0,0,0,8.374923087,0,0,0,59.3
1899,0,0,62.62979371,0,0,0,5.517098159,22.50103835,0,0,0,0,0,9.352069777,0,0,0,64.5
1900,0,0,63.03540396,0,0,0,5.785940641,23.1778376,0,0,1.693529151,0,0,6.30728865,0,0,0,55.9
1901,0,0,62.97143247,0,0,0,5.795419639,23.04515512,0,0,3.058124851,0,0,5.129867914,0,0,0,56.4
1902,0,0,63.26190476,0,0,0,5.448979592,23.79931973,0,0,0,0,0,6.12585034,0,1.363945578,0,57.5
1903,0,1.296758105,63.45802161,0,0,0,5.300083126,23.61762261,0,0,0,0,0,6.327514547,0,0,0,51.4
2051,0,2.914921933,62.60914727,0,0,3.106436849,6.952965235,20.28435096,0,0,3.005810368,0,0,0,0,1.126367384,0,44
2083,12.93712975,5.554493917,55.37932352,0,3.114848079,0,1.891840245,16.08701191,0,2.051086056,1.723039684,0,0,0,0,1.26122683,0,101.8
2084,30.45589255,6.532568258,44.85780945,0,5.504760704,0,1.116085503,5.681316603,0,3.619395927,2.232171007,0,0,0,0,0,0,144.9
2085,12.32288674,6.345415228,53.22596262,0,2.9693703,3.653616499,5.415873221,9.192137624,0,1.949456153,4.925281606,0,0,0,0,0,0,114.1
2086,5.719661336,6.139855754,54.45280652,0,3.443085607,3.179680151,6.290373158,10.67419254,0,6.804640953,1.903417999,0,0,0,0,1.392285983,0,123.8
2087,5.132385352,5.506747577,56.01545754,0,9.280560336,0,5.639585786,14.68164116,0,2.034839839,1.708782417,0,0,0,0,0,0,115
2088,5.295848316,5.681595293,56.10983982,0,3.190585159,3.926119647,1.935272965,15.80254985,0,6.296175221,1.76201373,0,0,0,0,0,0,109.8
2089,5.648792468,6.064947469,52.77664074,0,10.21285305,4.188838859,2.067130577,10.53690817,0,2.237685905,4.891526811,0,0,0,0,1.374675945,0,136.2
2090,11.65647959,10.00802618,51.96332654,0,8.433660554,3.454343397,2.389331358,8.696054825,0,1.846020868,1.552756683,0,0,0,0,0,0,136.5
2091,5.032182563,10.80964553,57.85162145,0,3.030396354,0,1.841643312,14.40670136,0,1.995626867,5.032182563,0,0,0,0,0,0,92
2092,12.43133854,10.67360509,54.3220584,0,2.995085285,0,5.464006938,9.274356751,0,1.971668112,1.656548135,0,0,0,0,1.211332755,0,108.3
2093,11.99875854,10.29795158,52.63811297,0,2.892613284,3.55679702,1.756672874,9.549968963,0,5.710738672,1.598386096,0,0,0,0,0,0,131.3
2094,12.84966952,5.513266297,52.06590859,0,3.094947217,0,5.644832879,9.582432729,0,6.114713529,5.134229239,0,0,0,0,0,0,126
2095,5.41025641,11.62179487,55.74679487,0,3.262820513,3.009615385,1.980769231,10.09935897,0,2.141025641,5.41025641,0,0,0,0,1.317307692,0,105.1
2096,13.44521789,5.772225931,49.55977242,0,9.726327834,0,1.970693875,10.03146753,0,6.395219478,1.78951718,0,0,0,0,1.309557865,0,164
2097,12.03272805,5.8399489,55.46430635,0,3.948048788,0,4.513793838,14.69416309,0,1.904066673,1.602944308,0,0,0,0,0,0,110.2
2098,11.93620415,5.448165869,54.75598086,0,3.055821372,0,4.242424242,13.16746411,0,2.009569378,5.074960128,0,0,0,0,0.309409888,0,114.8
2099,8.593824988,5.765477524,55.80867061,0,4.92081267,1.641337386,2.988321869,15.0599904,0,2.124460086,1.788513838,0,0,0,0,1.308590625,0,111.4
2100,0,33.68264485,59.10801614,0,0,0,2.163477791,0.721159264,0,0.856376625,0,0,0,0,0,2.386586438,1.081738895,73.7
2116,0,6.652205351,60.73752711,0,3.294665032,0,2.376685844,20.27413625,0,3.332390204,1.138042692,0,0,2.194347512,0,0,0,78.6
2151,0,0,63.89229292,0,0,0,5.974894843,24.79713841,0,0,0,0,0,5.335673832,0,0,0,45
2152,0,3.63321244,62.91042141,0,0,0,6.354912219,20.8267805,0,0,4.753345958,0,0,0.028885965,0,1.492441506,0,49
2154,0,6.808668961,60.98657489,0,3.367128639,0,2.430781633,20.74535702,0,3.416736428,0,0,0,2.244752426,0,0,0,78.6
2162,0,27.2973909,56.15908566,0,2.661048257,0,0,0,0,0,0,0,0,0,0,0,13.88247518,104.4
2163,0,29.41240836,56.76496334,0,2.352554984,0,0,0,0,0,0,0,0,0,0,0,11.47007331,100
2164,0,31.09111832,57.24448164,0,2.113191756,0,0,0,0,0,0,0,0,0,0,0,9.551208285,93
2165,0,32.45788533,57.63603858,0,1.91373102,0,0,0,0,0,0,0,0,0,0,0,7.992345076,88
2166,0,33.59005606,57.96002925,0,1.749939069,0,0,0,0,0,0,0,0,0,0,0,6.699975628,81.8
2167,0,34.5438609,58.23324568,0,1.610878165,0,0,0,0,0,0,0,0,0,0,0,5.612015256,72.8
2168,9.280190363,23.9143367,53.65853659,0,0,0,0,0,0,0,0,0,0,0,0,0,13.14693635,95
2169,2.137259558,34.29114225,58.03847067,0,0,0,0,0,0,0,0,0,0,0,0,0,5.533127523,65
2170,4.100337675,33.14037627,57.26000965,0,0,0,0,0,0,0,0,0,0,0,0,0,5.499276411,72
2171,11.46592909,29.31858185,54.46316319,0,0,0,0,0,0,0,0,0,0,0,0,0,4.752325874,84
2172,16.04333247,26.92803714,52.72117617,0,0,0,0,0,0,0,0,0,0,0,0,0,4.307454217,101
2173,19.21558305,25.16451698,51.48723348,0,0,0,0,0,0,0,0,0,0,0,0,0,4.132666491,111
2174,5.769230769,34.92844365,57.28980322,0,0,0,0,0,0,0,0,0,0,0,0,0,2.012522361,68
2175,8.253533972,33.51573187,56.31554948,0,0,0,0,0,0,0,0,0,0,0,0,0,1.915184679,65
2176,13.55529132,30.43995244,54.22116528,0,0,0,0,0,0,0,0,0,0,0,0,0,1.783590963,82
2177,17.75380088,28.05296714,52.57479156,0,0,0,0,0,0,0,0,0,0,0,0,0,1.618440412,96
2178,7.089312487,28.58856286,57.16427501,0,0,0,7.157849647,0,0,0,0,0,0,0,0,0,0,59.4
2179,8.234479176,34.00294398,56.70620833,0,0,0,1.056368517,0,0,0,0,0,0,0,0,0,0,67.4
2180,7.846943618,31.18933609,56.86122255,0,0,0,4.102497735,0,0,0,0,0,0,0,0,0,0,64.1
2181,14.99540018,29.99080037,54.00183993,0,0,0,1.011959522,0,0,0,0,0,0,0,0,0,0,79.1
2182,13.84853591,28.08415684,54.46058564,0,0,0,3.606721618,0,0,0,0,0,0,0,0,0,0,67.1
2183,12.89230075,25.88394671,54.8430797,0,0,0,6.380672838,0,0,0,0,0,0,0,0,0,0,66
2184,3.850787189,36.60117144,58.45968512,0,0,0,1.08835625,0,0,0,0,0,0,0,0,0,0,93
2185,4.097268488,33.37358428,58.3610926,0,0,0,4.16805463,0,0,0,0,0,0,0,0,0,0,66.4
2186,19.47431302,18.81481481,52.21027479,0,0,0,9.500597372,0,0,0,0,0,0,0,0,0,0,95.6
2187,11.14568977,28.22655937,55.54172409,0,0,0,5.086026764,0,0,0,0,0,0,0,0,0,0,68.5
2188,21.89176012,21.45782545,51.24329595,0,0,0,5.407118479,0,0,0,0,0,0,0,0,0,0,103.1
2189,18.26481858,24.39566678,52.69407257,0,0,0,4.645442074,0,0,0,0,0,0,0,0,0,0,88.1
2190,16.28447835,22.43825294,53.48620866,0,0,0,7.791060049,0,0,0,0,0,0,0,0,0,0,76.1
2191,9.861135525,24.86816664,56.05554579,0,0,0,9.215152048,0,0,0,0,0,0,0,0,0,0,59.5
2192,0,34.14634146,58.53658537,0,0,2.43902439,0,0,0,0,0,0,0,0,0,0,4.87804878,108
2193,0,31.57894737,57.89473684,0,0,2.631578947,0,0,0,0,0,0,0,0,0,0,7.894736842,109
2194,0,28.57142857,57.14285714,0,0,2.857142857,0,0,0,0,0,0,0,0,0,0,11.42857143,70
2195,0,25,56.25,0,0,3.125,0,0,0,0,0,0,0,0,0,0,15.625,86
2197,0,8.695652174,52.17391304,0,0,21.73913043,0,0,0,0,0,0,0,0,0,0,17.39130435,85
2198,0,36.36363636,59.09090909,0,0,0,0,0,0,0,0,0,0,0,0,2.272727273,2.272727273,108
2199,0,31.57894737,57.89473684,0,0,0,0,0,0,0,0,0,0,0,0,2.631578947,7.894736842,100
2200,0,25,56.25,0,0,0,0,0,0,0,0,0,0,0,0,3.125,15.625,82
2201,0,34.14634146,58.53658537,0,0,0,0,0,0,0,0,0,0,0,0,4.87804878,2.43902439,109
2202,0,31.57894737,57.89473684,0,0,0,0,0,0,0,0,0,0,0,0,5.263157895,5.263157895,74
2203,0,31.57894737,57.89473684,0,0,0,0,0,0,0,0,0,0,0,0,7.894736842,2.631578947,69
2204,0,28.57142857,57.14285714,0,0,0,0,0,0,0,0,0,0,0,0,8.571428571,5.714285714,63
2222,0,24.99375156,58.33541615,0,0,0,8.347913022,0,0,0,8.32291927,0,0,0,0,0,0,64
2223,0,27.57122163,58.61902463,0,0,0,6.904876871,0,0,0,6.904876871,0,0,0,0,0,0,61
2224,0,24.99375156,58.33541615,0,0,0,8.347913022,0,0,0,0,0,0,8.32291927,0,0,0,72
2225,0,24.99375156,58.33541615,0,0,0,8.347913022,0,0,0,0,0,0,0,0,8.32291927,0,78
2226,0,21.05263158,57.89473684,0,0,0,10.52631579,0,0,0,0,0,0,0,0,0,10.52631579,72
2227,0,27.57122163,58.61902463,0,0,0,6.904876871,0,0,0,0,0,0,0,0,0,6.904876871,64
2228,0,29.41176471,58.82352941,0,0,0,5.882352941,0,0,0,0,0,0,0,0,0,5.882352941,62
2229,0,30.77988002,58.97554222,0,0,0,5.122288879,0,0,0,0,0,0,0,0,0,5.122288879,62
2230,0,32.64481365,59.18275707,0,0,0,4.086214639,0,0,0,0,0,0,0,0,0,4.086214639,60
2231,0,33.89158219,59.32128691,0,0,0,3.393565447,0,0,0,0,0,0,0,0,0,3.393565447,64
2232,0,34.73523643,59.40292003,0,0,0,2.87644367,0,0,0,0,0,0,0,0,0,2.985399869,72
2234,0,27.57841198,57.24781012,0,0,0,0,0,0,0,0,0,1.412828483,0,0,0,13.76094942,90
2235,0,25.58847965,57.4356134,0,0,0,0,0,0,0,0,0,4.153973968,0,0,0,12.82193298,89
2236,0,29.21348315,59.02315983,0,0,0,0,0,0,0,0,0,6.879156157,0,0,0,4.884200871,73
2247,0,34.14634146,58.53658537,0,0,0,0,0,0,0,0,0,0,0,0,7.317073171,0,77.3
2288,19.58762887,0,59.79381443,0,0,1.030927835,0,0,19.58762887,0,0,0,0,0,0,0,0,147
2289,19.14893617,0,59.57446809,0,0,2.127659574,0,0,19.14893617,0,0,0,0,0,0,0,0,139
2290,18.68131868,0,59.34065934,0,0,3.296703297,0,0,18.68131868,0,0,0,0,0,0,0,0,139
2291,18.18181818,0,59.09090909,0,0,4.545454545,0,0,18.18181818,0,0,0,0,0,0,0,0,136
2292,17.64705882,0,58.82352941,0,0,5.882352941,0,0,17.64705882,0,0,0,0,0,0,0,0,134
2293,0,0,59.79381443,0,19.58762887,1.030927835,0,0,19.58762887,0,0,0,0,0,0,0,0,204
2294,0,0,59.57446809,0,19.14893617,2.127659574,0,0,19.14893617,0,0,0,0,0,0,0,0,196
2295,0,0,59.34065934,0,18.68131868,3.296703297,0,0,18.68131868,0,0,0,0,0,0,0,0,188
2296,0,0,59.09090909,0,18.18181818,4.545454545,0,0,18.18181818,0,0,0,0,0,0,0,0,176
2297,0,0,58.53658537,0,17.07317073,7.317073171,0,0,17.07317073,0,0,0,0,0,0,0,0,159
2298,0,0,58.2278481,0,16.4556962,8.860759494,0,0,16.4556962,0,0,0,0,0,0,0,0,157
2299,0,0,57.89473684,0,15.78947368,10.52631579,0,0,15.78947368,0,0,0,0,0,0,0,0,155
2300,0,0,59.09090909,0,0,4.545454545,0,0,18.18181818,18.18181818,0,0,0,0,0,0,0,215
2301,0,0,58.53658537,0,0,7.317073171,0,0,17.07317073,17.07317073,0,0,0,0,0,0,0,192
2304,0,0,68.65462797,0,0,0,0,0,24.87283729,0,0,0,0,0,0,0,6.472534745,146.8
2319,0,0,69.55886192,0,0,0,0,0,26.07848255,0,0,0,0,0,0,2.585921865,1.776733664,129
2320,0,0,69.18598363,0,0,0,0,0,25.58131151,0,0,0,0,0,0,2.730812214,2.501892642,130
2321,0,0,68.76720022,0,0,0,0,0,25.02293363,0,0,0,0,0,0,2.894318075,3.315548067,127
2322,0,0,67.76009792,0,0,0,0,0,23.68013056,0,0,0,0,0,0,3.288453692,5.271317829,130
2323,0,0,66.43761302,0,0,0,0,0,21.91681736,0,0,0,0,0,0,3.804249548,7.841320072,139
2324,0,0,69.24731183,0,0,0,0,0,25.66308244,0,0,0,0,0,0,5.089605735,0,127
2325,0,0,69.3501145,0,0,0,0,0,25.80015266,0,0,0,0,0,0,4.263930556,0.585802283,118
2326,0,0,69.66497287,0,0,0,0,0,26.21996383,0,0,0,0,0,0,1.732839549,2.382223753,136.9
2327,0,0,66.66666667,0,0,11.11111111,0,0,22.22222222,0,0,0,0,0,0,0,0,70
2328,0,0,67.10531857,0,0,9.211689898,1.313850171,0,22.36914137,0,0,0,0,0,0,0,0,85
2329,0,0,67.5,0,0,7.5,2.5,0,22.5,0,0,0,0,0,0,0,0,64
2331,0,0,66.66666667,0,0,0,0,0,22.22222222,0,11.11111111,0,0,0,0,0,0,92
2332,0,0,67.10531857,0,0,0,1.313850171,0,22.36914137,0,9.211689898,0,0,0,0,0,0,86
2333,0,0,67.5,0,0,0,2.5,0,22.5,0,7.5,0,0,0,0,0,0,78
2334,0,0,68.18181818,0,0,0,4.545454545,0,22.72727273,0,4.545454545,0,0,0,0,0,0,70.6
2335,0,0,67.5,0,0,0,2.5,0,22.5,0,0,0,0,7.5,0,0,0,91
2336,0,0,68.18181818,0,0,0,4.545454545,0,22.72727273,0,0,0,0,4.545454545,0,0,0,74.2
2337,0,0,66.66666667,0,0,0,0,0,22.22222222,0,0,0,0,0,0,11.11111111,0,139
2338,0,0,67.10531857,0,0,0,1.313850171,0,22.36914137,0,0,0,0,0,0,9.211689898,0,121
2346,0,0,66.66666667,0,0,0,0,0,22.22222222,0,0,0,0,0,0,0,11.11111111,128
2347,0,0,67.10531857,0,0,0,1.313850171,0,22.36914137,0,0,0,0,0,0,0,9.211689898,110.5
2348,0,0,67.5,0,0,0,2.5,0,22.5,0,0,0,0,0,0,0,7.5,104.5
2349,0,0,68.18181818,0,0,0,4.545454545,0,22.72727273,0,0,0,0,0,0,0,4.545454545,81.5
2350,0,0,68.75,0,0,0,6.25,0,22.91666667,0,0,0,0,0,0,0,2.083333333,66
2386,0,0,61.19133574,0,0,0,0,25.09025271,0,5.415162455,0,0,0,0,0,0,8.303249097,84
2387,0,0,60.10638298,0,0,0,0,24.64539007,0,8.865248227,0,0,0,0,0,0,6.382978723,101
2388,0,0,59.05923345,0,0,0,0,24.21602787,0,12.19512195,0,0,0,0,0,0,4.529616725,116
2389,0,0,58.04794521,0,0,0,0,23.80136986,0,15.4109589,0,0,0,0,0,0,2.739726027,132
2390,0,0,57.07070707,0,0,0,0,23.4006734,0,18.51851852,0,0,0,0,0,0,1.01010101,148
2398,12.14953271,29.90654206,55.60747664,0,0,0,0,2.336448598,0,0,0,0,0,0,0,0,0,89
2399,0,29.90654206,55.60747664,0,12.14953271,0,0,2.336448598,0,0,0,0,0,0,0,0,0,108
2400,0,29.43545284,59.63269808,0,0,0,0,4.547669736,0,0,0,0,0,0,0,6.384179342,0,71.1
2401,0,32.49897017,59.51925174,0,0,0,0,2.789018392,0,0,0,0,0,0,0,5.192759699,0,61.6
2402,0,26.7253644,59.79652645,0,0,0,0,6.230370708,0,0,0,0,0,0,0,7.247738437,0,70.5
2403,0,28.62002198,59.52430792,0,0,0,0,4.738604846,0,0,0,0,0,0,0,7.117065257,0,70.7
2404,0,30.7090017,59.22414012,0,0,0,0,3.093779393,0,0,0,0,0,0,0,6.973078781,0,69.4
2405,0,32.71568337,58.9361597,0,0,0,0,1.514477715,0,0,0,0,0,0,0,6.833679217,0,69.7
2406,0,29.66019798,59.05137514,0,0,0,0,3.272651292,0,0,0,0,0,0,0,8.01577559,0,75.1
2407,0,27.42691003,59.36574598,0,0,0,0,5.018036935,0,0,0,0,0,0,0,8.189307059,0,75.2
2408,0,28.16160521,58.80422993,0,0,0,0,3.527657267,0,0,0,0,0,0,0,9.506507592,0,80.5
2409,0,25.71628623,59.13737572,0,0,0,0,5.416608318,0,0,0,0,0,0,0,9.72972973,0,82.3
2410,0,0,68.6998724,0,0,0,2.41523879,14.2704156,14.6144732,0,0,0,0,0,0,0,0,54.4
2411,0,0,69.41561149,0,0,0,0.395005376,13.30070882,16.88867432,0,0,0,0,0,0,0,0,54.4
2412,0,0,69.41026822,0,0,0,0.429852841,13.26841678,16.89146216,0,0,0,0,0,0,0,0,54.4
2420,0,2.209944751,66.29834254,0,0,0,0,0,20.99447514,0,10.49723757,0,0,0,0,0,0,98
2421,0,4.395604396,65.93406593,0,0,0,0,0,19.78021978,0,9.89010989,0,0,0,0,0,0,97
2422,0,6.557377049,65.57377049,0,0,0,0,0,18.57923497,0,9.289617486,0,0,0,0,0,0,91
2423,0,8.695652174,65.2173913,0,0,0,0,0,17.39130435,0,8.695652174,0,0,0,0,0,0,92
2424,0,10.81081081,64.86486486,0,0,0,0,0,16.21621622,0,8.108108108,0,0,0,0,0,0,83
2425,0,14.97326203,64.17112299,0,0,0,0,0,13.90374332,0,6.951871658,0,0,0,0,0,0,80
2426,0,19.04761905,63.49206349,0,0,0,0,0,11.64021164,0,5.82010582,0,0,0,0,0,0,80
2427,0,20.18717923,55.80154976,0,0,0,1.120391802,0.949314012,0,0,0,0,0,0,0,0,21.94156519,115
2442,0,9.090909091,63.63636364,0,3.03030303,0,0,24.24242424,0,0,0,0,0,0,0,0,0,32
2443,0,11.76470588,63.23529412,0,2.941176471,0,0,22.05882353,0,0,0,0,0,0,0,0,0,37
2444,0,12.33196961,63.15020456,0,2.92226768,0,0,21.59555815,0,0,0,0,0,0,0,0,0,34.4
2445,0,14.28571429,62.85714286,0,2.857142857,0,0,20,0,0,0,0,0,0,0,0,0,36.7
2446,0,15.87212563,62.61918116,0,2.804262479,0,0,18.70443073,0,0,0,0,0,0,0,0,0,38
2447,0,16.66666667,62.5,0,2.777777778,0,0,18.05555556,0,0,0,0,0,0,0,0,0,42
2448,0,9.090909091,62.87878788,0,4.545454545,0,0,23.48484848,0,0,0,0,0,0,0,0,0,47.6
2449,0,10.0179964,62.5074985,0,4.979004199,0,0,22.4955009,0,0,0,0,0,0,0,0,0,49.7
2450,0,5.482041588,62.98046629,0,5.54505356,0,0,25.99243856,0,0,0,0,0,0,0,0,0,49.4
2451,0,3.225806452,62.90322581,0,6.451612903,0,0,27.41935484,0,0,0,0,0,0,0,0,0,57.5
2452,0,4.275686024,62.76324186,0,6.381620932,0,0,26.57945118,0,0,0,0,0,0,0,0,0,55.8
2453,0,5.243209097,62.63423879,0,6.317119394,0,0,25.80543272,0,0,0,0,0,0,0,0,0,57.5
2454,0,7.692307692,62.30769231,0,6.153846154,0,0,23.84615385,0,0,0,0,0,0,0,0,0,61.4
2455,0,13.44489325,61.5406809,0,5.77034045,0,0,19.2440854,0,0,0,0,0,0,0,0,0,53.8
2456,0,14.28571429,61.42857143,0,5.714285714,0,0,18.57142857,0,0,0,0,0,0,0,0,0,51.5
2457,0,15.49295775,61.26760563,0,5.633802817,0,0,17.6056338,0,0,0,0,0,0,0,0,0,61.4
2458,0,18.16693944,60.91107474,0,5.45553737,0,0,15.46644845,0,0,0,0,0,0,0,0,0,55.1
2459,0,25,60,0,5,0,0,10,0,0,0,0,0,0,0,0,0,66.5
2460,0,16.66666667,60.97222222,0,5.833333333,0,0,16.52777778,0,0,0,0,0,0,0,0,0,56.8
2461,0,16.38795987,60.98104794,0,5.908584169,0,0,16.72240803,0,0,0,0,0,0,0,0,0,56.3
2462,0,15.49295775,61.01408451,0,6.14084507,0,0,17.35211268,0,0,0,0,0,0,0,0,0,58
2463,0,8.480780964,61.86699207,0,6.772422209,0,0,22.87980476,0,0,0,0,0,0,0,0,0,62.7
2464,0,12.89198606,61.29500581,0,6.445993031,0,0,19.3670151,0,0,0,0,0,0,0,0,0,57
2465,0,6.947890819,62.00372208,0,7.009925558,0,0,24.03846154,0,0,0,0,0,0,0,0,0,60.7
2466,0,14.28571429,61.05714286,0,6.457142857,0,0,18.2,0,0,0,0,0,0,0,0,0,59.3
2467,0,13.54466859,61.09510086,0,6.628242075,0,0,18.73198847,0,0,0,0,0,0,0,0,0,61.6
2468,0,12.58741259,61.15967366,0,6.818181818,0,0,19.43473193,0,0,0,0,0,0,0,0,0,61.4
2469,0,5.063291139,62.02531646,0,7.594936709,0,0,25.3164557,0,0,0,0,0,0,0,0,0,64.3
2470,0,9.090909091,61.51515152,0,7.272727273,0,0,22.12121212,0,0,0,0,0,0,0,0,0,64.7
2471,0,11.76470588,61.17647059,0,7.058823529,0,0,20,0,0,0,0,0,0,0,0,0,60.1
2472,0,6.367041199,61.76654182,0,7.677902622,0,0,24.18851436,0,0,0,0,0,0,0,0,0,66
2473,0,10.55456172,61.24031008,0,7.334525939,0,0,20.87060227,0,0,0,0,0,0,0,0,0,65.4
2474,0,7.692307692,61.53846154,0,7.692307692,0,0,23.07692308,0,0,0,0,0,0,0,0,0,67
2475,0,14.28571429,60.71428571,0,7.142857143,0,0,17.85714286,0,0,0,0,0,0,0,0,0,66.8
2476,0,9.529553679,61.27864897,0,7.599517491,0,0,21.59227986,0,0,0,0,0,0,0,0,0,66.3
2477,0,9.090909091,61.3030303,0,7.696969697,0,0,21.90909091,0,0,0,0,0,0,0,0,0,69.7
2478,0,6.25,61.59375,0,8.0625,0,0,24.09375,0,0,0,0,0,0,0,0,0,70.9
2479,0,11.45218418,60.95041322,0,7.615112161,0,0,19.98229044,0,0,0,0,0,0,0,0,0,70.4
2480,0,7.975460123,61.34969325,0,7.975460123,0,0,22.6993865,0,0,0,0,0,0,0,0,0,69.6
2481,0,7.292954265,61.37206428,0,8.158220025,0,0,23.17676143,0,0,0,0,0,0,0,0,0,67
2482,0,6.890130354,61.39044072,0,8.255741775,0,0,23.46368715,0,0,0,0,0,0,0,0,0,67.5
2483,0,10.0179964,61.00779844,0,7.978404319,0,0,20.99580084,0,0,0,0,0,0,0,0,0,71.3
2484,0,11.76470588,60.79411765,0,7.823529412,0,0,19.61764706,0,0,0,0,0,0,0,0,0,69.4
2485,0,15.11035654,60.38483305,0,7.52688172,0,0,16.97792869,0,0,0,0,0,0,0,0,0,70.4
2486,0,18.16693944,60.01091107,0,7.255864703,0,0,14.56628478,0,0,0,0,0,0,0,0,0,68.2
2487,0,6.25,61.40625,0,8.4375,0,0,23.90625,0,0,0,0,0,0,0,0,0,65.6
2488,0,5.719673162,61.43934632,0,8.548082967,0,0,24.29289755,0,0,0,0,0,0,0,0,0,70.7
2489,0,4.458598726,61.46496815,0,8.917197452,0,0,25.15923567,0,0,0,0,0,0,0,0,0,70.1
2490,0,16.66666667,60,0,7.777777778,0,0,15.55555556,0,0,0,0,0,0,0,0,0,72
2491,0,3.225806452,61.5483871,0,9.161290323,0,0,26.06451613,0,0,0,0,0,0,0,0,0,71.9
2492,0,16.01343785,59.9944009,0,8.006718925,0,0,15.98544233,0,0,0,0,0,0,0,0,0,71.9
2493,0,2.34375,61.55598958,0,9.440104167,0,0,26.66015625,0,0,0,0,0,0,0,0,0,74.4
2494,0,3.225806452,61.29032258,0,9.677419355,0,0,25.80645161,0,0,0,0,0,0,0,0,0,76.6
2495,0,4.761904762,61.11111111,0,9.523809524,0,0,24.6031746,0,0,0,0,0,0,0,0,0,72.8
2496,0,6.25,60.9375,0,9.375,0,0,23.4375,0,0,0,0,0,0,0,0,0,76.2
2497,0,7.692307692,60.76923077,0,9.230769231,0,0,22.30769231,0,0,0,0,0,0,0,0,0,75.1
2498,0,10.87344029,60.39809863,0,8.912655971,0,0,19.81580511,0,0,0,0,0,0,0,0,0,73.9
2499,0,11.08476586,60.37344398,0,8.891523414,0,0,19.65026675,0,0,0,0,0,0,0,0,0,76.9
2500,0,11.76470588,60.29411765,0,8.823529412,0,0,19.11764706,0,0,0,0,0,0,0,0,0,77.9
2501,0,15.49295775,59.85915493,0,8.450704225,0,0,16.1971831,0,0,0,0,0,0,0,0,0,72.3
2502,0,16.66666667,59.72222222,0,8.333333333,0,0,15.27777778,0,0,0,0,0,0,0,0,0,74.8
2503,0,21.05263158,59.21052632,0,7.894736842,0,0,11.84210526,0,0,0,0,0,0,0,0,0,71.8
2504,0,12.53644315,60,0,9.15451895,0,0,18.3090379,0,0,0,0,0,0,0,0,0,77.1
2505,0,11.76470588,60,0,9.411764706,0,0,18.82352941,0,0,0,0,0,0,0,0,0,80.7
2506,0,11.08476586,59.98814464,0,9.66212211,0,0,19.2649674,0,0,0,0,0,0,0,0,0,77.9
2507,0,8.312958435,60.26894866,0,10.02444988,0,0,21.39364303,0,0,0,0,0,0,0,0,0,79
2508,0,10.44776119,60,0,9.850746269,0,0,19.70149254,0,0,0,0,0,0,0,0,0,78.3
2509,0,5.243209097,60.51800379,0,10.54958939,0,0,23.68919773,0,0,0,0,0,0,0,0,0,81.4
2510,0,10.00810008,59.99459995,0,10.00810008,0,0,19.98919989,0,0,0,0,0,0,0,0,0,81.9
2511,0,18.16693944,59.08346972,0,9.110747409,0,0,13.63884343,0,0,0,0,0,0,0,0,0,78.1
2512,0,9.090909091,60,0,10.3030303,0,0,20.60606061,0,0,0,0,0,0,0,0,0,83.8
2513,0,8.703590992,60.01217285,0,10.40779063,0,0,20.87644553,0,0,0,0,0,0,0,0,0,82.1
2514,0,10.23339318,59.84440455,0,10.23339318,0,0,19.6888091,0,0,0,0,0,0,0,0,0,82.7
2515,0,7.692307692,60,0,10.76923077,0,0,21.53846154,0,0,0,0,0,0,0,0,0,82.1
2516,0,10.44776119,59.70149254,0,10.44776119,0,0,19.40298507,0,0,0,0,0,0,0,0,0,83.1
2517,0,16.66666667,59.02777778,0,9.722222222,0,0,14.58333333,0,0,0,0,0,0,0,0,0,76.8
2518,0,7.292954265,60.01236094,0,10.8776267,0,0,21.8170581,0,0,0,0,0,0,0,0,0,82.5
2519,0,12.89198606,59.3495935,0,10.33681765,0,0,17.42160279,0,0,0,0,0,0,0,0,0,85.4
2520,0,6.25,60,0,11.25,0,0,22.5,0,0,0,0,0,0,0,0,0,85.2
2521,0,7.407407407,59.87654321,0,11.11111111,0,0,21.60493827,0,0,0,0,0,0,0,0,0,85.6
2522,0,5.719673162,59.99371464,0,11.43934632,0,0,22.84726587,0,0,0,0,0,0,0,0,0,85.6
2523,0,9.145972138,59.63052695,0,11.02362205,0,0,20.19987886,0,0,0,0,0,0,0,0,0,82.7
2524,0,10.82045184,59.4530321,0,10.82045184,0,0,18.90606421,0,0,0,0,0,0,0,0,0,79.2
2525,0,15.11035654,58.97000566,0,10.3565365,0,0,15.5631013,0,0,0,0,0,0,0,0,0,80.5
2526,0,4.030710173,60.01279591,0,11.96417147,0,0,23.99232246,0,0,0,0,0,0,0,0,0,88.6
2527,0,14.28571429,58.94285714,0,10.68571429,0,0,16.08571429,0,0,0,0,0,0,0,0,0,80.5
2528,0,3.225806452,60,0,12.25806452,0,0,24.51612903,0,0,0,0,0,0,0,0,0,88.9
2529,0,11.24260355,59.17159763,0,11.24260355,0,0,18.34319527,0,0,0,0,0,0,0,0,0,84.4
2530,0,13.69390104,58.91829689,0,10.93210587,0,0,16.4556962,0,0,0,0,0,0,0,0,0,83.6
2531,0,9.584086799,59.31283906,0,11.51295961,0,0,19.59011453,0,0,0,0,0,0,0,0,0,82.4
2532,0,2.024820379,59.99346832,0,12.67145656,0,0,25.31025474,0,0,0,0,0,0,0,0,0,95.7
2533,0,3.225806452,59.83870968,0,12.58064516,0,0,24.35483871,0,0,0,0,0,0,0,0,0,93.4
2534,0,12.53644315,58.86297376,0,11.42857143,0,0,17.17201166,0,0,0,0,0,0,0,0,0,87.7
2535,0,8.14451929,59.18554807,0,12.24739743,0,0,20.42253521,0,0,0,0,0,0,0,0,0,90.5
2536,0,9.090909091,59.09090909,0,12.12121212,0,0,19.6969697,0,0,0,0,0,0,0,0,0,84.1
2537,0,10.0179964,58.99820036,0,11.99760048,0,0,18.98620276,0,0,0,0,0,0,0,0,0,90.3
2538,0,10.60786651,58.93921335,0,11.91895113,0,0,18.53396901,0,0,0,0,0,0,0,0,0,88.6
2539,0,14.28571429,58.57142857,0,11.42857143,0,0,15.71428571,0,0,0,0,0,0,0,0,0,88.1
2540,0,16.66666667,58.33333333,0,11.11111111,0,0,13.88888889,0,0,0,0,0,0,0,0,0,88.6
2541,0,21.05263158,57.89473684,0,10.52631579,0,0,10.52631579,0,0,0,0,0,0,0,0,0,85.7
2542,0,11.24260355,58.81656805,0,11.95266272,0,0,17.98816568,0,0,0,0,0,0,0,0,0,83.5
2543,0,10.28708134,58.76196172,0,12.38038278,0,0,18.57057416,0,0,0,0,0,0,0,0,0,88.9
2544,0,12.28070175,58.47953216,0,12.28070175,0,0,16.95906433,0,0,0,0,0,0,0,0,0,89.5
2545,0,9.090909091,58.63636364,0,13.03030303,0,0,19.24242424,0,0,0,0,0,0,0,0,0,91.2
2546,0,8.703590992,58.70359099,0,13.02495435,0,0,19.56786366,0,0,0,0,0,0,0,0,0,91.3
2547,0,8.14451929,58.66503368,0,13.28842621,0,0,19.90202082,0,0,0,0,0,0,0,0,0,87.8
2548,0,10.82045184,58.38287753,0,12.960761,0,0,17.83590963,0,0,0,0,0,0,0,0,0,97.5
2549,0,6.890130354,58.62818125,0,13.78026071,0,0,20.70142768,0,0,0,0,0,0,0,0,0,95.1
2550,0,15.63554556,57.81777278,0,12.48593926,0,0,14.06074241,0,0,0,0,0,0,0,0,0,97.1
2551,0,18.16693944,57.58319694,0,12.11129296,0,0,12.13857065,0,0,0,0,0,0,0,0,0,95.8
2552,0,6.25,58.59375,0,14.0625,0,0,21.09375,0,0,0,0,0,0,0,0,0,103
2553,0,9.090909091,58.33333333,0,13.63636364,0,0,18.93939394,0,0,0,0,0,0,0,0,0,96.3
2554,0,11.76470588,58.08823529,0,13.23529412,0,0,16.91176471,0,0,0,0,0,0,0,0,0,96.7
2555,0,13.04347826,57.97101449,0,13.04347826,0,0,15.94202899,0,0,0,0,0,0,0,0,0,96.1
2556,0,14.28571429,57.85714286,0,12.85714286,0,0,15,0,0,0,0,0,0,0,0,0,94.6
2557,0,10.23339318,58.10891682,0,13.70436864,0,0,17.95332136,0,0,0,0,0,0,0,0,0,100
2558,0,13.29479769,57.80346821,0,13.29479769,0,0,15.60693642,0,0,0,0,0,0,0,0,0,89.4
2559,0,4.275686024,58.61518826,0,14.67772814,0,0,22.43139757,0,0,0,0,0,0,0,0,0,102
2560,0,7.235621521,58.25602968,0,14.40940012,0,0,20.09894867,0,0,0,0,0,0,0,0,0,95.4
2561,0,16.66666667,57.41666667,0,12.94444444,0,0,12.97222222,0,0,0,0,0,0,0,0,0,93.1
2562,0,3.225806452,58.48387097,0,15.29032258,0,0,23,0,0,0,0,0,0,0,0,0,108
2563,0,13.79310345,57.47126437,0,13.79310345,0,0,14.94252874,0,0,0,0,0,0,0,0,0,98.6
2564,0,15.49295775,57.26760563,0,13.63380282,0,0,13.6056338,0,0,0,0,0,0,0,0,0,99.3
2565,0,3.225806452,58.06451613,0,16.12903226,0,0,22.58064516,0,0,0,0,0,0,0,0,0,114
2566,0,5.243209097,57.89639924,0,15.79279848,0,0,21.06759318,0,0,0,0,0,0,0,0,0,105
2567,0,6.25,57.8125,0,15.625,0,0,20.3125,0,0,0,0,0,0,0,0,0,108
2568,0,7.692307692,57.69230769,0,15.38461538,0,0,19.23076923,0,0,0,0,0,0,0,0,0,105
2569,0,9.189974573,58.25463131,0,13.76074585,0,0,18.79464826,0,0,0,0,0,0,0,0,0,104
2570,0,11.76470588,57.35294118,0,14.70588235,0,0,16.17647059,0,0,0,0,0,0,0,0,0,101
2571,0,12.17798595,57.31850117,0,14.63700234,0,0,15.86651054,0,0,0,0,0,0,0,0,0,103
2572,0,15.49295775,57.04225352,0,14.08450704,0,0,13.38028169,0,0,0,0,0,0,0,0,0,103
2573,0,16.66666667,56.94444444,0,13.88888889,0,0,12.5,0,0,0,0,0,0,0,0,0,100
2574,0,18.16693944,56.81942171,0,13.63884343,0,0,11.37479542,0,0,0,0,0,0,0,0,0,104
2575,0,20,56.66666667,0,13.33333333,0,0,10,0,0,0,0,0,0,0,0,0,101
2576,0,13.54466859,57.06051873,0,14.69740634,0,0,14.69740634,0,0,0,0,0,0,0,0,0,102
2577,0,12.63832266,56.95981363,0,15.20093186,0,0,15.20093186,0,0,0,0,0,0,0,0,0,104
2578,0,8.14451929,57.134109,0,16.35027557,0,0,18.37109614,0,0,0,0,0,0,0,0,0,114
2579,0,11.76470588,56.85294118,0,15.70588235,0,0,15.67647059,0,0,0,0,0,0,0,0,0,107
2580,0,10.82045184,56.74791914,0,16.23067776,0,0,16.20095125,0,0,0,0,0,0,0,0,0,103
2581,0,13.14418066,56.57209033,0,15.80775912,0,0,14.47596989,0,0,0,0,0,0,0,0,0,108
2582,0,14.23670669,56.48942253,0,15.60891938,0,0,13.6649514,0,0,0,0,0,0,0,0,0,108
2583,0,14.28571429,56.42857143,0,15.71428571,0,0,13.57142857,0,0,0,0,0,0,0,0,0,111
2584,0,15.49295775,56.33802817,0,15.49295775,0,0,12.67605634,0,0,0,0,0,0,0,0,0,103
2585,0,16.66666667,56.25,0,15.27777778,0,0,11.80555556,0,0,0,0,0,0,0,0,0,108
2586,0,9.638554217,56.62650602,0,16.86746988,0,0,16.86746988,0,0,0,0,0,0,0,0,0,114
2587,0,3.225806452,57,0,18.25806452,0,0,21.51612903,0,0,0,0,0,0,0,0,0,125
2588,0,9.090909091,56.57575758,0,17.15151515,0,0,17.18181818,0,0,0,0,0,0,0,0,0,122
2589,0,3.225806452,56.4516129,0,19.35483871,0,0,20.96774194,0,0,0,0,0,0,0,0,0,129
2590,0,9.090909091,56.06060606,0,18.18181818,0,0,16.66666667,0,0,0,0,0,0,0,0,0,123
2591,0,9.365558912,56.04229607,0,18.12688822,0,0,16.4652568,0,0,0,0,0,0,0,0,0,121
2592,0,11.76470588,55.88235294,0,17.64705882,0,0,14.70588235,0,0,0,0,0,0,0,0,0,120
2593,0,14.28571429,55.71428571,0,17.14285714,0,0,12.85714286,0,0,0,0,0,0,0,0,0,116
2594,0,15.49295775,55.63380282,0,16.90140845,0,0,11.97183099,0,0,0,0,0,0,0,0,0,118
2595,0,16.66666667,55.55555556,0,16.66666667,0,0,11.11111111,0,0,0,0,0,0,0,0,0,117
2596,0,18.16693944,55.45553737,0,16.36661211,0,0,10.01091107,0,0,0,0,0,0,0,0,0,114
2597,0,20,55.33333333,0,16,0,0,8.666666667,0,0,0,0,0,0,0,0,0,113
2598,0,3.225806452,55.93548387,0,20.38709677,0,0,20.4516129,0,0,0,0,0,0,0,0,0,133
2599,0,18.18181818,54.54545455,0,18.18181818,0,0,9.090909091,0,0,0,0,0,0,0,0,0,124
2600,0,16.66666667,53.88888889,0,20,0,0,9.444444444,0,0,0,0,0,0,0,0,0,133
2601,0,14.28571429,53.57142857,0,21.42857143,0,0,10.71428571,0,0,0,0,0,0,0,0,0,142
2602,0,8.14451929,53.06184936,0,24.49479486,0,0,14.2988365,0,0,0,0,0,0,0,0,0,162
2603,0,11.76470588,52.94117647,0,23.52941176,0,0,11.76470588,0,0,0,0,0,0,0,0,0,162
2604,0,6.25,62.5,0,0,0,0,25,0,6.25,0,0,0,0,0,0,0,66.4
2605,0,7.005579665,61.99628022,0,0,0,0,23.99256045,0,7.005579665,0,0,0,0,0,0,0,70.2
2606,0,7.692307692,61.53846154,0,0,0,0,23.07692308,0,7.692307692,0,0,0,0,0,0,0,75.8
2607,0,7.975460123,61.34969325,0,0,0,0,22.6993865,0,7.975460123,0,0,0,0,0,0,0,76.2
2608,0,9.090909091,60.60606061,0,0,0,0,21.21212121,0,9.090909091,0,0,0,0,0,0,0,81.8
2609,0,10.0179964,59.9880024,0,0,0,0,19.9760048,0,10.0179964,0,0,0,0,0,0,0,87.6
2610,0,10.28708134,59.80861244,0,0,0,0,19.61722488,0,10.28708134,0,0,0,0,0,0,0,89
2611,0,10.44776119,59.70149254,0,0,0,0,19.40298507,0,10.44776119,0,0,0,0,0,0,0,89.6
2612,0,10.82045184,59.4530321,0,0,0,0,18.90606421,0,10.82045184,0,0,0,0,0,0,0,92.3
2613,0,11.24260355,59.17159763,0,0,0,0,18.34319527,0,11.24260355,0,0,0,0,0,0,0,96.6
2614,0,11.76470588,58.82352941,0,0,0,0,17.64705882,0,11.76470588,0,0,0,0,0,0,0,94
2615,0,12.28070175,58.47953216,0,0,0,0,16.95906433,0,12.28070175,0,0,0,0,0,0,0,101
2616,0,12.79069767,58.13953488,0,0,0,0,16.27906977,0,12.79069767,0,0,0,0,0,0,0,112
2617,0,13.04347826,57.97101449,0,0,0,0,15.94202899,0,13.04347826,0,0,0,0,0,0,0,115
2618,0,13.29479769,57.80346821,0,0,0,0,15.60693642,0,13.29479769,0,0,0,0,0,0,0,114
2619,0,14.28571429,57.14285714,0,0,0,0,14.28571429,0,14.28571429,0,0,0,0,0,0,0,121
2620,0,15.49295775,56.33802817,0,0,0,0,12.67605634,0,15.49295775,0,0,0,0,0,0,0,125
2621,0,9.638554217,56.62650602,0,0,0,0,16.86746988,0,16.86746988,0,0,0,0,0,0,0,126
2622,0,12.63832266,56.95981363,0,0,0,0,15.20093186,0,15.20093186,0,0,0,0,0,0,0,125
2623,0,13.54466859,57.06051873,0,0,0,0,14.69740634,0,14.69740634,0,0,0,0,0,0,0,128
2624,0,15.49295775,57.26760563,0,0,0,0,13.6056338,0,13.63380282,0,0,0,0,0,0,0,113
2625,0,16.66666667,57.41666667,0,0,0,0,12.97222222,0,12.94444444,0,0,0,0,0,0,0,100
2626,0,18.16693944,57.58319694,0,0,0,0,12.13857065,0,12.11129296,0,0,0,0,0,0,0,96.4
2627,0,21.05263158,57.89473684,0,0,0,0,10.52631579,0,10.52631579,0,0,0,0,0,0,0,102
2628,0,4.275686024,58.51946394,0,0,0,0,22.33567326,0,14.86917677,0,0,0,0,0,0,0,112
2629,0,6.25,58.59375,0,0,0,0,21.09375,0,14.0625,0,0,0,0,0,0,0,112
2630,0,6.890130354,58.62818125,0,0,0,0,20.70142768,0,13.78026071,0,0,0,0,0,0,0,111
2631,0,8.703590992,58.70359099,0,0,0,0,19.56786366,0,13.02495435,0,0,0,0,0,0,0,102
2632,0,13.69390104,58.88952819,0,0,0,0,16.4269275,0,10.98964327,0,0,0,0,0,0,0,94
2633,0,14.28571429,58.91428571,0,0,0,0,16.05714286,0,10.74285714,0,0,0,0,0,0,0,91.2
2634,0,15.11035654,58.94170911,0,0,0,0,15.53480475,0,10.4131296,0,0,0,0,0,0,0,92.4
2635,0,16.66666667,59.02777778,0,0,0,0,14.58333333,0,9.722222222,0,0,0,0,0,0,0,92.1
2636,0,18.16693944,59.08346972,0,0,0,0,13.63884343,0,9.110747409,0,0,0,0,0,0,0,88.3
2637,0,21.05263158,59.21052632,0,0,0,0,11.84210526,0,7.894736842,0,0,0,0,0,0,0,95
2638,0,2.024820379,59.99346832,0,0,0,0,25.31025474,0,12.67145656,0,0,0,0,0,0,0,89.9
2639,0,18.69189277,60.00054211,0,0,0,0,14.20594693,0,7.101618193,0,0,0,0,0,0,0,100
2640,0,4.030710173,60,0,0,0,0,23.97952655,0,11.98976328,0,0,0,0,0,0,0,93.3
2641,0,5.719673162,60,0,0,0,0,22.85355123,0,11.42677561,0,0,0,0,0,0,0,88.7
2642,0,6.25,60,0,0,0,0,22.5,0,11.25,0,0,0,0,0,0,0,90
2643,0,7.292954265,60,0,0,0,0,21.80469716,0,10.90234858,0,0,0,0,0,0,0,88.2
2644,0,7.692307692,60,0,0,0,0,21.53846154,0,10.76923077,0,0,0,0,0,0,0,82
2645,0,8.703590992,60,0,0,0,0,20.86427267,0,10.43213634,0,0,0,0,0,0,0,85.7
2646,0,9.090909091,60,0,0,0,0,20.60606061,0,10.3030303,0,0,0,0,0,0,0,85
2647,0,10.44776119,60,0,0,0,0,19.70149254,0,9.850746269,0,0,0,0,0,0,0,83
2648,0,11.08476586,60,0,0,0,0,19.27682276,0,9.638411381,0,0,0,0,0,0,0,81.7
2649,0,11.76470588,60,0,0,0,0,18.82352941,0,9.411764706,0,0,0,0,0,0,0,80.1
2650,0,12.53644315,60,0,0,0,0,18.3090379,0,9.15451895,0,0,0,0,0,0,0,81.2
2651,0,13.34488735,60,0,0,0,0,17.7700751,0,8.885037551,0,0,0,0,0,0,0,80
2652,0,14.28571429,60,0,0,0,0,17.14285714,0,8.571428571,0,0,0,0,0,0,0,80.6
2653,0,16.01343785,60,0,0,0,0,15.99104143,0,7.995520717,0,0,0,0,0,0,0,77.4
2654,0,16.66666667,60,0,0,0,0,15.55555556,0,7.777777778,0,0,0,0,0,0,0,82.4
2655,0,18.16693944,60,0,0,0,0,14.5553737,0,7.277686852,0,0,0,0,0,0,0,80.4
2656,0,25,60,0,0,0,0,10,0,5,0,0,0,0,0,0,0,71.1
2657,0,2.34375,61.58854167,0,0,0,0,26.69270833,0,9.375,0,0,0,0,0,0,0,80.6
2658,0,4.458598726,61.49681529,0,0,0,0,25.1910828,0,8.853503185,0,0,0,0,0,0,0,81.9
2659,0,5.719673162,61.43934632,0,0,0,0,24.29289755,0,8.548082967,0,0,0,0,0,0,0,76.3
2660,0,6.25,61.4375,0,0,0,0,23.9375,0,8.375,0,0,0,0,0,0,0,76.7
2661,0,6.890130354,61.39044072,0,0,0,0,23.46368715,0,8.255741775,0,0,0,0,0,0,0,77.8
2662,0,7.292954265,61.37206428,0,0,0,0,23.17676143,0,8.158220025,0,0,0,0,0,0,0,76.9
2663,0,9.090909091,61.3030303,0,0,0,0,21.90909091,0,7.696969697,0,0,0,0,0,0,0,72.3
2664,0,9.529553679,61.27864897,0,0,0,0,21.59227986,0,7.599517491,0,0,0,0,0,0,0,72.8
2665,0,10.55456172,61.24031008,0,0,0,0,20.87060227,0,7.334525939,0,0,0,0,0,0,0,73.7
2666,0,11.76470588,61.20588235,0,0,0,0,20.02941176,0,7,0,0,0,0,0,0,0,71
2667,0,12.58741259,61.15967366,0,0,0,0,19.43473193,0,6.818181818,0,0,0,0,0,0,0,71.9
2668,0,13.54466859,61.12391931,0,0,0,0,18.76080692,0,6.570605187,0,0,0,0,0,0,0,72.3
2669,0,14.28571429,61.08571429,0,0,0,0,18.22857143,0,6.4,0,0,0,0,0,0,0,69.2
2670,0,15.49295775,61.04225352,0,0,0,0,17.38028169,0,6.084507042,0,0,0,0,0,0,0,69
2671,0,16.38795987,61.00891862,0,0,0,0,16.75027871,0,5.852842809,0,0,0,0,0,0,0,62.9
2672,0,16.66666667,61,0,0,0,0,16.55555556,0,5.777777778,0,0,0,0,0,0,0,70.1
2673,0,18.16693944,60.91107474,0,0,0,0,15.46644845,0,5.45553737,0,0,0,0,0,0,0,69
2674,0,21.3836478,60.7966457,0,0,0,0,13.20754717,0,4.612159329,0,0,0,0,0,0,0,71.4
2677,0,0,60.65254268,0,0,5.767495579,6.510990003,18.04959036,0,0,9.019381384,0,0,0,0,0,0,68
2678,0,0,60.72091363,0,0,5.331905782,7.187723055,17.84796574,0,0,8.322626695,0,0,0,0,0.588865096,0,65.1
2679,0,0,60.79198843,0,0,4.866180049,7.898727036,17.63461335,0,0,7.598998554,0,0,0,0,1.209492577,0,65.9
2680,0,0,60.86805193,0,0,4.375065261,8.652674811,17.40976645,0,0,6.832341373,0,0,0,0,1.862100171,0,68.2
2681,0,0,60.94747683,0,0,3.855132166,9.454170958,17.16786818,0,0,6.0212839,0,0,0,0,2.554067971,0,66.1
2682,0,0,61.03219697,0,0,3.304247835,10.30167749,16.91355519,0,0,5.160984848,0,0,0,0,3.287337662,0,62.1
2683,0,0,62.34817814,0,8.906882591,0,0,0,20.24291498,4.048582996,0,0,1.619433198,0,0,0,2.834008097,216
2684,0,0,62.15139442,0,7.96812749,0,2.390438247,0,19.92031873,5.577689243,0,0,0,0,0,0,1.992031873,210
2685,0,0,62.96296296,0,11.11111111,0,1.234567901,0,20.57613169,0,0,0,0,0,0,4.115226337,0,175
2686,9.846812496,0,59.59261489,0,0,4.415011038,4.073851094,20.37260017,0,0,0,1.699110308,0,0,0,0,0,48.9
2688,11.96834484,0,58.28927429,0,0,0,4.101700623,20.51187069,0,0,5.128809564,0,0,0,0,0,0,60.7
2692,0,0,59.87158909,0,20.2247191,0,0,0,19.90369181,0,0,0,0,0,0,0,0,250
2693,0,0,60.55226824,0,18.50098619,0,1.065088757,0,19.8816568,0,0,0,0,0,0,0,0,211
2694,0,0,62.73965456,0,14.25723389,0,1.896741257,0,21.10637029,0,0,0,0,0,0,0,0,193
2695,0,0,62.93550778,0,13.45441067,0,2.816901408,0,20.79318013,0,0,0,0,0,0,0,0,173
2696,0,0,64.31120628,0,10.56388294,0,3.783012134,0,21.34189864,0,0,0,0,0,0,0,0,145
2697,0,0,65.13249651,0,8.647140865,0,4.741980474,0,21.47838215,0,0,0,0,0,0,0,0,126
2698,0,0,65.98639456,0,6.802721088,0,5.442176871,0,21.76870748,0,0,0,0,0,0,0,0,109
2699,0,0,66.65555185,0,5.268422808,0,6.168722908,0,21.90730243,0,0,0,0,0,0,0,0,101
2700,0,0,67.3309376,0,3.462920614,0,7.415877164,0,21.79026462,0,0,0,0,0,0,0,0,86
2701,0,0,68.56334486,0,0,0,10.02829299,0,21.40836215,0,0,0,0,0,0,0,0,61
2702,0,0,59.80707395,0,19.57395498,0,1.52733119,0,19.09163987,0,0,0,0,0,0,0,0,228
2703,0,0,60.44303797,0,17.9193038,0,2.610759494,0,19.02689873,0,0,0,0,0,0,0,0,201
2704,0,0,60.49299808,0,17.64601315,0,2.982480397,0,18.87850836,0,0,0,0,0,0,0,0,187
2705,0,0,61.01364522,0,16.25730994,0,3.937621832,0,18.791423,0,0,0,0,0,0,0,0,170
2706,0,0,61.40784193,0,15.09725224,0,4.87804878,0,18.61685705,0,0,0,0,0,0,0,0,168
2707,0,0,59.38261576,0,20.57270512,0,1.015434606,0,19.02924452,0,0,0,0,0,0,0,0,212
2708,0,0,59.70994058,0,19.4782959,0,2.058616175,0,18.75314735,0,0,0,0,0,0,0,0,220
2709,0,0,59.80707395,0,18.81028939,0,3.054662379,0,18.32797428,0,0,0,0,0,0,0,0,190
2710,0,0,59.54692557,0,18.77022654,0,4.045307443,0,17.63754045,0,0,0,0,0,0,0,0,189
2711,0,0,59.6448749,0,18.11541566,0,5.012106538,0,17.22760291,0,0,0,0,0,0,0,0,160
2712,0,0,59.66115369,0,17.62807584,0,5.929810407,0,16.78096006,0,0,0,0,0,0,0,0,183
2713,0,0,60.22275259,0,15.99045346,0,7.239459029,0,16.54733492,0,0,0,0,0,0,0,0,162
2714,0,0,60.03197442,0,16.16306954,0,7.56195044,0,16.2430056,0,0,0,0,0,0,0,0,163
2715,0,0,60.14348346,0,14.9302511,0,9.637305699,0,15.28895974,0,0,0,0,0,0,0,0,153
2716,0,0,60.41641927,0,14.25008906,0,10.04235443,0,15.29113724,0,0,0,0,0,0,0,0,165
2717,0,0,59.88768552,0,14.72121941,0,10.95066185,0,14.44043321,0,0,0,0,0,0,0,0,147
2718,0,0,59.16700694,0,20.90649245,0,1.102490813,0,18.8240098,0,0,0,0,0,0,0,0,230
2719,0,0,58.96594173,0,20.68116537,0,2.256873205,0,18.0960197,0,0,0,0,0,0,0,0,224
2720,0,0,58.40266223,0,21.04825291,0,3.494176373,0,17.05490849,0,0,0,0,0,0,0,0,212
2721,0,0,58.26377295,0,20.70116861,0,4.674457429,0,16.360601,0,0,0,0,0,0,0,0,204
2722,0,0,57.48480082,0,21.70400918,0,5.395178776,0,15.41601122,0,0,0,0,0,0,0,0,205
2723,0,0,56.67995148,0,21.8766245,0,7.866920811,0,13.57650321,0,0,0,0,0,0,0,0,204
2724,0,0,56.19798511,0,22.47043364,0,8.366184845,0,12.96539641,0,0,0,0,0,0,0,0,203
2727,0,0,66.66666667,0,0,0,2.777777778,0,16.66666667,2.777777778,2.777777778,8.333333333,0,0,0,0,0,61
2811,0,6.657446407,60.73426793,0,3.294147231,0,2.376312315,20.26780663,0,3.338153014,1.137863834,0,0,2.19400264,0,0,0,78.6
2830,3.193091676,0,60.5951066,0,1.613281119,0,1.559728219,25.56481574,0,5.502560498,0,0,0,0,0,1.97141614,0,92
2839,0,12.70627063,57.77729947,0,0,0,0,9.201463625,0,0,0,0,0,0,0,0,20.31496628,106
2847,0,0,61.53846154,0,0,0,0,23.07692308,0,0,15.38461538,0,0,0,0,0,0,68
2848,0,0,62.26415094,0,0,0,0,20.75471698,0,0,13.20754717,3.773584906,0,0,0,0,0,76
2849,0,0,61.53846154,0,0,0,0,19.23076923,0,0,15.38461538,3.846153846,0,0,0,0,0,77
2850,0,0,60.78431373,0,0,0,0,17.64705882,0,0,17.64705882,3.921568627,0,0,0,0,0,86
2851,0,0,62.96296296,0,0,0,0,18.51851852,0,0,11.11111111,7.407407407,0,0,0,0,0,74
2852,0,0,62.26415094,0,0,0,0,16.98113208,0,0,13.20754717,7.547169811,0,0,0,0,0,80
2853,0,0,61.53846154,0,0,0,0,15.38461538,0,0,15.38461538,7.692307692,0,0,0,0,0,67
2854,0,0,62.5,0,0,0,0,17.1875,0,0,12.5,7.8125,0,0,0,0,0,90
2855,0,0,62.96296296,0,0,0,0,14.81481481,0,0,11.11111111,11.11111111,0,0,0,0,0,79
2866,0,0,59.91848781,0,7.589066123,0,2.304827489,22.47909493,0,0,0,0,0,0,0,1.535380507,6.173143138,89
2867,0,0,61.87872588,0,1.23461145,0,2.462167978,24.14194504,0,1.996543088,0,0,0,0,0,1.661434266,6.624572295,71
2868,0,31.02673921,58.0923718,0,0,0.231508276,3.227225373,0.685264498,0,3.255006366,1.166801713,0,0,0,0,2.315082764,0,76
2869,0,29.93133289,57.20534287,0,3.423948829,0.230458094,3.104129433,0.651396858,0,2.092935754,1.128774339,0,0,0,0,2.231680933,0,86
2870,0,0,67.0212766,0,0,0,1.063829787,0,22.34042553,0,0,0,0,0,0,9.574468085,0,118
2871,0,0,66.73728814,0,0.847457627,0,1.059322034,0,22.24576271,0,0,0,0,0,0,9.110169492,0,119
2872,0,0,66.4556962,0,1.687763713,0,1.054852321,0,22.15189873,0,0,0,0,0,0,8.64978903,0,120
2873,0,0,66.03773585,0,2.935010482,0,1.048218029,0,22.01257862,0,0,0,0,0,0,7.966457023,0,126
2874,0,0,65.625,0,4.166666667,0,1.041666667,0,21.875,0,0,0,0,0,0,7.291666667,0,134
2875,0,0,65.2173913,0,5.383022774,0,1.035196687,0,21.73913043,0,0,0,0,0,0,6.625258799,0,140
2876,0,0,64.68172485,0,6.981519507,0,1.026694045,0,21.56057495,0,0,0,0,0,0,5.749486653,0,147
2877,0,0,64.15478615,0,8.553971487,0,1.018329939,0,21.38492872,0,0,0,0,0,0,4.887983707,0,156
2878,0,0,63.63636364,0,10.1010101,0,1.01010101,0,21.21212121,0,0,0,0,0,0,4.04040404,0,171
2879,0,0,62.8742515,0,12.3752495,0,0.998003992,0,20.95808383,0,0,0,0,0,0,2.794411178,0,188
2880,0,0,67.0212766,0,0,0,1.063829787,0,22.34042553,0,0,0,0,9.574468085,0,0,0,107
2881,0,0,66.73728814,0,0.847457627,0,1.059322034,0,22.24576271,0,0,0,0,9.110169492,0,0,0,109
2882,0,0,66.4556962,0,1.687763713,0,1.054852321,0,22.15189873,0,0,0,0,8.64978903,0,0,0,110
2883,0,0,66.03773585,0,2.935010482,0,1.048218029,0,22.01257862,0,0,0,0,7.966457023,0,0,0,115
2884,0,0,65.625,0,4.166666667,0,1.041666667,0,21.875,0,0,0,0,7.291666667,0,0,0,123
2885,0,0,65.2173913,0,5.383022774,0,1.035196687,0,21.73913043,0,0,0,0,6.625258799,0,0,0,129
2886,0,0,64.68172485,0,6.981519507,0,1.026694045,0,21.56057495,0,0,0,0,5.749486653,0,0,0,139
2887,0,0,64.15478615,0,8.553971487,0,1.018329939,0,21.38492872,0,0,0,0,4.887983707,0,0,0,149
2888,0,0,63.63636364,0,10.1010101,0,1.01010101,0,21.21212121,0,0,0,0,4.04040404,0,0,0,160
2889,0,0,62.8742515,0,12.3752495,0,0.998003992,0,20.95808383,0,0,0,0,2.794411178,0,0,0,176
2890,0,0,67.0212766,0,0,0,1.063829787,0,22.34042553,0,9.574468085,0,0,0,0,0,0,90
2891,0,0,66.73728814,0,0.847457627,0,1.059322034,0,22.24576271,0,9.110169492,0,0,0,0,0,0,91
2892,0,0,66.4556962,0,1.687763713,0,1.054852321,0,22.15189873,0,8.64978903,0,0,0,0,0,0,94
2893,0,0,66.03773585,0,2.935010482,0,1.048218029,0,22.01257862,0,7.966457023,0,0,0,0,0,0,101
2894,0,0,65.625,0,4.166666667,0,1.041666667,0,21.875,0,7.291666667,0,0,0,0,0,0,109
2895,0,0,65.2173913,0,5.383022774,0,1.035196687,0,21.73913043,0,6.625258799,0,0,0,0,0,0,115
2896,0,0,64.68172485,0,6.981519507,0,1.026694045,0,21.56057495,0,5.749486653,0,0,0,0,0,0,125
2897,0,0,64.15478615,0,8.553971487,0,1.018329939,0,21.38492872,0,4.887983707,0,0,0,0,0,0,134
2898,0,0,63.63636364,0,10.1010101,0,1.01010101,0,21.21212121,0,4.04040404,0,0,0,0,0,0,150
2899,0,0,62.8742515,0,12.3752495,0,0.998003992,0,20.95808383,0,2.794411178,0,0,0,0,0,0,170
2900,0,0,67.0212766,0,0,9.574468085,1.063829787,0,22.34042553,0,0,0,0,0,0,0,0,63
2901,0,0,66.73728814,0,0.847457627,9.110169492,1.059322034,0,22.24576271,0,0,0,0,0,0,0,0,70
2902,0,0,66.4556962,0,1.687763713,8.64978903,1.054852321,0,22.15189873,0,0,0,0,0,0,0,0,73
2903,0,0,66.03773585,0,2.935010482,7.966457023,1.048218029,0,22.01257862,0,0,0,0,0,0,0,0,83
2904,0,0,65.625,0,4.166666667,7.291666667,1.041666667,0,21.875,0,0,0,0,0,0,0,0,90
2905,0,0,65.2173913,0,5.383022774,6.625258799,1.035196687,0,21.73913043,0,0,0,0,0,0,0,0,104
2906,0,0,64.68172485,0,6.981519507,5.749486653,1.026694045,0,21.56057495,0,0,0,0,0,0,0,0,114
2907,0,0,64.15478615,0,8.553971487,4.887983707,1.018329939,0,21.38492872,0,0,0,0,0,0,0,0,130
2908,0,0,63.63636364,0,10.1010101,4.04040404,1.01010101,0,21.21212121,0,0,0,0,0,0,0,0,140
2909,0,0,62.8742515,0,12.3752495,2.794411178,0.998003992,0,20.95808383,0,0,0,0,0,0,0,0,163
2910,0,0,61.66634999,0,0,8.334916714,13.33206663,16.66666667,0,0,0,0,0,0,0,0,0,37
2911,0,0,60.60606061,0,0,12.12121212,12.12121212,15.15151515,0,0,0,0,0,0,0,0,0,41.1
2912,0,0,60,0,0,14.28522455,11.42955091,14.28522455,0,0,0,0,0,0,0,0,0,42.4
2913,0,0,61.9835469,0,0,6.611822992,14.87507263,16.52955748,0,0,0,0,0,0,0,0,0,29.6
2914,0,0,61.83203834,0,0,6.105802149,16.79616564,15.26599387,0,0,0,0,0,0,0,0,0,31.5
2915,0,0,61.76470588,0,0,5.882352941,17.64705882,14.70588235,0,0,0,0,0,0,0,0,0,31.8
2916,0,0,63.15756236,0,0,5.263656457,10.52731291,21.05146827,0,0,0,0,0,0,0,0,0,23.6
2941,0,0,62.54681648,0,0,0,0,19.25093633,0,0,3.370786517,4.344569288,0,3.370786517,1.498127341,5.617977528,0,78
2942,0,4.824120603,63.51758794,0,0,0,0,23.08207705,0,1.139028476,2.546063652,0.335008375,0,0.938023451,1.775544389,0,1.842546064,52
2946,0,0.769230769,60.38461538,0,0,0,0,21.15384615,0,1.538461538,0,0,0,0,0,0.769230769,15.38461538,88
2961,0,10.24249322,61.63588083,0.49607517,3.898567218,0,3.589249759,19.12223876,0,0.641979632,0.201348157,0,0,0,0,0.172167265,0,57
2962,0,10.12879538,61.65277697,0.49245294,4.213532257,0,3.438428813,19.43877848,0,0.635235154,0,0,0,0,0,0,0,57
2963,0,10.5973419,61.18592084,0.692273989,4.434058712,0,3.505184752,18.56871623,0,0.677669052,0.166496276,0,0,0,0,0.17233825,0,56
2964,0,10.43052153,61.18889278,0.685450939,4.748570762,0,3.436005134,18.83969198,0,0.670866877,0,0,0,0,0,0,0,57
2965,0,10.68568422,61.57420939,0.59040159,4.039282165,0,3.004617993,19.24943006,0,0.672239434,0.099374525,0,0,0,0,0.084760624,0,53
2966,0,10.62401494,61.60177456,0.58665577,4.138695931,0,2.988733874,19.38882727,0,0.671297648,0,0,0,0,0,0,0,53
2967,1.89398598,6.874923134,63.75292092,0,0.547288156,0,0.885499939,25.24597221,0,0.799409667,0,0,0,0,0,0,0,33
2989,0,8.366558302,60.1423051,0,4.367294363,0,2.367662393,18.73581549,0,3.269336932,1.373980249,0,0,0.683923204,0,0.693123965,0,81.9
2990,0,8.305042122,59.49012951,1.09392682,4.293977116,0,2.326166227,18.51816924,0,3.225198038,1.373695461,0,0,0.682132529,0,0.691562932,0,82.5
2991,0,8.506077957,60.04470437,0,4.433693622,0,2.406687284,18.51250804,0,3.325270216,0.67975137,0,0,1.387060228,0,0.704246915,0,82.3
2992,0,8.436911488,59.391086,1.111111111,4.362837414,0,2.360326428,18.31450094,0,3.276836158,0.677966102,0,0,1.365348399,0,0.703075957,0,83.6
2993,0,8.644352743,59.94192267,0,4.511691884,0,2.445361455,18.28213358,0,3.374598808,0.690814611,0,0,0.70609812,0,1.403026135,0,83.9
2994,0,8.571607725,59.27702533,1.128668172,4.433157763,0,2.401555054,18.07750188,0,3.329571106,0.68974166,0,0,0.705417607,0,1.3857537,0,83
2995,0,8.499173351,60.05755924,0,4.433286388,0,2.40646623,18.53836262,0,3.318841467,0.903190252,0,0,0.918498561,0,0.924621885,0,83
2996,0,8.437176308,59.39608902,1.111145987,4.362974356,0,2.360400515,18.32449229,0,3.276939013,0.903983176,0,0,0.916538498,0,0.910260837,0,81.8
2999,0,3.020721412,59.88334612,0,5.34151957,0,1.350729087,21.02839601,0,5.095932464,0.73676132,0,3.542594014,0,0,0,0,85.7
3009,0,2.520873988,60.76649925,0,5.87350843,0,0.902140184,23.84593237,0,3.685338622,0.895742026,0,1.50996513,0,0,0,0,85.7
3038,0.648390041,3.909225394,63.18655378,0,4.324698625,0,1.794088949,26.00799471,0,0,0.103868308,0,0,0,0,0.025180196,0,42
3039,0.648641906,4.914709826,63.1926903,0,4.016590264,0,1.677737238,25.18476939,0,0,0.102909533,0,0,0,0.237003773,0.024947766,0,41
3040,0.909547108,4.296825994,63.0629783,0,4.196462175,0,1.750094091,25.53004642,0,0,0.103500188,0,0,0,0.125454774,0.025090955,0,42
3041,0.650406504,4.646654159,63.17073171,0,4.146341463,0,1.682301438,25.3220763,0,0,0.103189493,0,0,0,0.253283302,0.025015635,0,41
3042,1.727971539,3.017597357,63.27742837,0,1.664443174,0,1.829616924,26.41191792,0,1.683501684,0.104821803,0,0,0,0.25728988,0.025411346,0,44
3043,0.660506176,3.004032898,63.31650313,0,4.331396272,0,1.860849131,26.43930012,0,0,0.104791845,0,0,0,0.257216348,0.025404084,0,41
3044,3.520968105,1.789449969,62.09648869,0,4.338450645,0,1.79588684,26.07576196,0,0,0.102989926,0,0,0,0.254256381,0.025747482,0,53
3053,0,4.706476136,63.23459828,0,0,1.223936153,5.734834863,21.24854106,0,0,0,0,0,2.577205766,0,1.274407747,0,45
3054,0,0,63.1934479,0,0,3.402051031,3.605054076,24.58436877,0,0,2.075531133,0,0,2.814042211,0,0.325504883,0,48.1
3055,0,0,63.63699948,0,0,3.591536982,2.783703445,25.88214723,0,0,0,0,0,2.972547648,0,1.133065221,0,45.5
3056,0,0,63.93658266,0,0,0.076156189,2.900858488,26.42273608,0,0,2.409304902,0,0,3.046247577,0,1.208114096,0,50.9
3057,0,5.727682811,63.10541311,0,0,1.240503324,8.701329535,18.99632004,0,0,0.860636277,0,0,1.011989554,0,0.356125356,0,31.2
3058,0,0,62.93423495,0,0,1.329223018,7.836117741,21.95041103,0,0,2.84407319,0,0,1.133651551,0,1.972288518,0,48.3
3059,0,0,63.15564048,0,0,1.321164997,7.795202952,22.41367949,0,0,1.983394834,0,0,1.100421719,0,2.230495519,0,46.8
3060,0,0.684033882,63.03340259,0,0,1.275371584,9.327153588,21.06121144,0,0,2.247083267,0,0,1.051622183,0,1.320121464,0,43.6
3061,0,0.648770315,62.79500844,0,0,1.307470789,7.566780312,21.48224157,0,0,3.823110787,0,0,1.052596736,0,1.324021052,0,49.3
3062,0,5.670385952,62.88640937,0,0,1.192000488,7.57880617,19.14822267,0,0,2.515090543,0,0,0.993841839,0,0.015242973,0,37.6
3091,0,3.640425812,62.14679984,0,0.735970561,0,5.62491786,20.02891313,0,0,7.822972795,0,0,0,0,0,0,58.2
3092,0,3.401694305,62.19213031,0,0.758839499,0,6.038007392,20.04382952,0,0,7.56549897,0,0,0,0,0,0,58.1
3093,0,3.412902595,62.12264305,0,1.139805256,0,6.070277136,20.07359885,0,0,7.180773114,0,0,0,0,0,0,56.3
3094,0,3.795888882,62.04767847,0,0.761804689,0,5.674131477,19.7412491,0,0,7.97924739,0,0,0,0,0,0,57.8
3095,0,3.793646626,62.05040693,0,0,0,5.710160147,19.72958782,0,0.761354686,7.954843791,0,0,0,0,0,0,57.5
3096,0,3.787803008,62.11863559,0,0,0,5.29492181,19.69590877,0,0,9.102730819,0,0,0,0,0,0,59.3
3097,0,4.565756824,61.9751861,0,0,0,5.313482217,19.01075269,0,0,9.134822167,0,0,0,0,0,0,58.6
3098,0,3.387596388,62.33440981,0,0,0,6.037039478,19.95650168,0,0,8.284452646,0,0,0,0,0,0,55.6
3099,0,3.666644724,62.28688039,0,0,2.886577579,5.924560595,19.77815812,0,0,5.457178593,0,0,0,0,0,0,48.8
3100,0,3.784570597,62.19068413,0,0,0,5.670239513,19.65396321,0,0,8.700542543,0,0,0,0,0,0,55.8
3109,0,6.708753416,63.61380697,0,2.261377556,0.386318666,0.571625993,24.75266183,0,0.414585885,1.042746317,0,0,0,0.172744119,0.075379252,0,39.8
3110,0,5.631001585,63.25243171,0,3.791292458,0,1.920507163,24.62475528,0,0,0.525187234,0,0,0,0,0.254824575,0,46.5
3111,0,5.722234517,63.68752174,0,1.416332079,1.160254181,0.784040972,25.15570169,0,1.460592457,0,0,0,0,0.404666308,0.208656065,0,40.7
3116,0,0.943001016,61.10649975,0,2.862923948,0,0.359561538,25.8782545,0,5.773337155,0.559694848,0,0.003188565,0,0,0,2.513538679,91
3118,0,8.623087622,63.32768942,0,3.271451896,0,0.737739614,23.7316321,0,0.241881841,0.066517506,0,0,0,0,0,0,32
3119,0,36.9114037,59.22785093,0,0,0,0,0,0,0,0,0,0,0,0,3.860745369,0,64.6
3120,0,36.50757747,59.12689437,0,0,0,0,0,0,0,0,0,0,0,0,4.365528161,0,63
3121,0,36.0926393,59.02315983,0,0,0,0,0,0,0,0,0,0,0,0,4.884200871,0,63.5
3122,0,35.66612416,58.91653104,0,0,0,0,0,0,0,0,0,0,0,0,5.417344804,0,64.2
3123,0,35.38244955,58.84561239,0,0,0,0,0,0,0,0,0,0,0,0,5.771938057,0,64.8
3124,0,34.56909003,58.64227251,0,0,0,0,0,0,0,0,0,0,0,0,6.788637458,0,68.3
3125,0,33.90663391,58.47665848,0,0,0,0,0,0,0,0,0,0,0,0,7.616707617,0,71.4
3126,0,33.11524912,58.27881228,0,0,0,0,0,0,0,0,0,0,0,0,8.605938601,0,76
3127,0,31.74436878,57.93609219,0,0,0,0,0,0,0,0,0,0,0,0,10.31953903,0,86.3
3128,0,35.87803249,59.24771867,0,0,0,1.112842199,0,0,0,0,0,0,0,0,3.761406633,0,63.9
3129,0,34.85016648,59.26748058,0,0,0,2.219755827,0,0,0,0,0,0,0,0,3.662597114,0,62.8
3130,0,32.83318623,59.31156222,0,0,0,4.413062665,0,0,0,0,0,0,0,0,3.442188879,0,60.6
3131,0,31.2967033,59.34065934,0,0,0,6.065934066,0,0,0,0,0,0,0,0,3.296703297,0,56.8
3132,0,30.81650571,59.35030729,0,0,0,6.584723442,0,0,0,0,0,0,0,0,3.248463565,0,56
3133,0,29.84029753,59.37431634,0,0,0,7.656967841,0,0,0,0,0,0,0,0,3.128418289,0,53.3
3134,0,28.84573424,59.39341043,0,0,0,8.727907484,0,0,0,0,0,0,0,0,3.032947851,0,52.7
3135,0,27.85636561,59.41240479,0,0,0,9.793253536,0,0,0,0,0,0,0,0,2.937976061,0,50.7
3136,0,26.89804772,59.43600868,0,0,0,10.84598698,0,0,0,0,0,0,0,0,2.819956616,0,50.4
3146,0,31.05590062,58.38509317,0,0,0,2.48447205,0,0,0,0,0,0,0,0,8.074534161,0,74.2
3147,0,29.04808636,58.48871443,0,0,0,4.906771344,0,0,0,0,0,0,0,0,7.55642787,0,70.4
3148,0,27.08989581,58.58977465,0,0,0,7.269202811,0,0,0,0,0,0,0,0,7.051126726,0,68.7
3149,0,25.17951173,58.68836764,0,0,0,9.573958832,0,0,0,0,0,0,0,0,6.5581618,0,64.5
3150,0,23.31520454,58.78458264,0,0,0,11.82312603,0,0,0,0,0,0,0,0,6.077086782,0,60
3151,0,21.52696708,58.88395984,0,0,0,14.00887229,0,0,0,0,0,0,0,0,5.580200794,0,56.5
3152,0,27.76203966,57.22379603,0,0,0,1.133144476,0,0,0,0,0,0,0,0,13.88101983,0,102.7
3153,0,26.18384401,57.3816156,0,0,0,3.342618384,0,0,0,0,0,0,0,0,13.09192201,0,97.9
3154,0,24.65753425,57.53424658,0,0,0,5.479452055,0,0,0,0,0,0,0,0,12.32876712,0,95.8
3155,0,23.72881356,57.62711864,0,0,0,6.779661017,0,0,0,0,0,0,0,0,11.86440678,0,91.9
3156,0,22.81879195,57.71812081,0,0,0,8.053691275,0,0,0,0,0,0,0,0,11.40939597,0,88.8
3157,0,21.9269103,57.80730897,0,0,0,9.302325581,0,0,0,0,0,0,0,0,10.96345515,0,87.7
3158,0,21.05263158,57.89473684,0,0,0,10.52631579,0,0,0,0,0,0,0,0,10.52631579,0,84.9
3159,0,20.19543974,57.98045603,0,0,0,11.72638436,0,0,0,0,0,0,0,0,10.09771987,0,81.7
3160,0,19.35483871,58.06451613,0,0,0,12.90322581,0,0,0,0,0,0,0,0,9.677419355,0,77.5
3161,0,18.53035144,58.14696486,0,0,0,14.05750799,0,0,0,0,0,0,0,0,9.265175719,0,75.3
3162,0,17.72151899,58.2278481,0,0,0,15.18987342,0,0,0,0,0,0,0,0,8.860759494,0,72.4
3163,0,16.67708464,58.33229154,0,0,0,16.65208151,0,0,0,0,0,0,0,0,8.338542318,0,66.8
3164,0,16.14906832,58.38509317,0,0,0,17.39130435,0,0,0,0,0,0,0,0,8.074534161,0,65.3
3172,0,0,60.17056668,0,6.90724556,0,0,24.9295179,0,2.269523541,5.723146321,0,0,0,0,0,0,98.8
3173,0,0,59.3556646,0,10.17708556,1.041888913,0,23.79987199,0,0,5.625488941,0,0,0,0,0,0,101.2
3174,0,0,61.13633189,0,0,2.709875681,0,24.37142059,0.921916469,6.963263026,3.897192345,0,0,0,0,0,0,86.3
3175,0,1.816820904,60.10479042,0,6.811377246,0,0,22.48911268,0.89139902,2.238704409,5.647795318,0,0,0,0,0,0,100.2
3176,0,0,59.84996403,0,10.03665262,2.572534512,0,22.08748673,1.7538451,0,3.699517008,0,0,0,0,0,0,101.4
3177,0,0,59.53496821,0,3.567665758,1.097184378,0,23.20435967,0,4.701180745,7.894641235,0,0,0,0,0,0,102
3178,0,1.851163733,60.37225957,0,3.465864946,1.067459379,0,21.10934703,1.817383373,4.567104685,5.749417289,0,0,0,0,0,0,98.4
3179,0,1.821099637,59.22760257,0,6.816913201,2.620011164,0,20.73332403,0.893106335,2.239743232,5.648199833,0,0,0,0,0,0,102.8
3180,0,1.812405228,57.89226659,0,10.195682,2.613907141,0,19.97617156,0,0,7.509567478,0,0,0,0,0,0,108.1
3181,0,0,55.24428348,0,13.91847749,2.673625905,0,19.73796336,0,4.580315296,3.84533447,0,0,0,0,0,0,142.1
3182,0,1.835419549,55.77448632,0,13.72515942,1.056041027,0,18.40480448,0.897466176,4.514322346,3.792300685,0,0,0,0,0,0,147.6
3183,0,1.833902796,55.10076006,0,13.72289241,2.635799456,0,18.40178509,0,4.511540339,3.793319852,0,0,0,0,0,0,141.4
3184,0,1.801254807,55.38689874,0,16.85893544,1.035552857,0,18.08675707,0.883761722,2.219523713,3.727315658,0,0,0,0,0,0,146.6
3185,0,1.891418564,55.2084063,0,10.64098074,1.089316988,0,18.29071804,0,6.998248687,5.880910683,0,0,0,0,0,0,141
3186,0,0,53.71445154,0,14.36448056,2.760446895,0,15.55789321,0.943122461,4.722867092,7.936738247,0,0,0,0,0,0,152.3
3187,0,0,54.03842109,0,17.63303653,1.083222323,0,15.27729089,1.850942999,2.320689897,7.79639627,0,0,0,0,0,0,158.5
3188,0,0,53.86233201,0,14.37279435,2.762627883,0,14.45121734,1.882151642,4.726767191,7.942109578,0,0,0,0,0,0,156
3189,0,1.922878114,54.66418553,0,10.82049692,1.109617837,0,14.50429029,1.888417933,7.119473448,7.970639926,0,0,0,0,0,0,151.5
3191,0,3.994167248,63.10467254,0.225068154,0,0.313827427,6.397007545,21.18810626,0,0,2.88784632,0,0,1.096811006,0.050719584,0.741773917,0,39
3192,0,4.402854877,63.23235527,0.222045995,0,0.938937351,5.684377478,21.59238699,0,0,2.321966693,0,0,1.075337034,0.05075337,0.478984933,0,39
3193,0,4.635532804,63.1921108,0.219842342,0,0.728620332,6.168147985,21.13313024,0,0,2.317766402,0,0,1.070946264,0.069093307,0.464809522,0,38
3194,0,4.684106148,63.20395379,0.220354456,0,0.780684358,5.949570309,21.26105707,0,0,2.310573866,0,0,1.089180596,0.050366733,0.450152674,0,37
3195,0,4.573037222,63.23115421,0.222083203,0,0.416015014,6.412261495,21.14169534,0,0,2.430403503,0,0,1.072880826,0.050046919,0.450422271,0,39
3196,0,4.457103509,63.21950609,0.222229178,0,0.572787881,6.497855958,21.13368181,0,0,2.31619143,0,0,1.092365958,0.050079815,0.438198379,0,39
3197,0,4.720989519,63.31476411,0.223460171,0,0.522456173,5.702955339,21.41755579,0,0,2.32587417,0,0,1.095269569,0.223460171,0.453214994,0,39
3198,0,4.522769807,63.29694323,0.221459763,0,0.467872739,6.500311915,21.1852776,0,0,2.170929507,0,0,1.051154086,0.11852776,0.464753587,0,37
3199,1.308892404,5.216959772,62.78031078,0,2.518532304,0,2.109115722,24.14937502,0,1.246859589,0.384603455,0,0,0,0.285350951,0,0,49
3200,1.31840796,4.968905473,62.85758706,0,1.902985075,0,2.23880597,24.26927861,0,1.666666667,0.491293532,0,0,0,0.286069652,0,0,49
3201,1.307311029,5.229244114,62.80049566,0,2.211895911,0,2.112763321,24.19454771,0,1.579925651,0.278810409,0,0,0,0.285006196,0,0,49
3202,1.311881188,5.235148515,62.82178218,0,1.899752475,0,2.116336634,24.24195545,0,1.912128713,0.173267327,0,0,0,0.287747525,0,0,49
3203,1.315220747,5.254708243,62.86816919,0,1.27199753,0,2.12411238,24.32849645,0,2.550169805,0,0,0,0,0.287125656,0,0,49
3204,0,9.049747148,61.78701635,0,0,0,4.116194284,19.21968717,0,4.457250382,0,0,0,0,0,1.370104669,0,65.7
3208,0,0,60.04500818,0,3.18466994,1.745771959,4.146208402,21.09588107,0,4.384888161,3.222176759,0,0,0,0.705810147,1.469585379,0,85.4
3209,0,0,59.86054422,0,3.414965986,1.982993197,4.285714286,20.81292517,0,4.544217687,2.850340136,0,0,0,0.744897959,1.503401361,0,86.7
3210,0,0,59.58249066,0.246803551,3.160456587,2.08069105,4.757824015,20.78977136,0,4.353340418,3.324992287,0,0,0,0,1.703630069,0,87.3
3211,0,0,59.55703062,0,3.583039827,1.720400975,4.761582227,20.74641019,0,4.815768085,3.257924682,0,0,0,0.186263885,1.371579518,0,86.2
3237,0,3.73343527,60.71929154,1.736111111,4.791029562,0.512869521,3.879969419,20.89704383,1.044852192,1.401630989,0.624362895,0,0,0,0,0.65940367,0,72.6
3241,0,3.760401448,61.43365305,1.530839103,3.887442038,0.514514387,3.588896652,21.7461729,1.054436893,1.32122213,0.295369371,0,0,0,0,0.867052023,0,66.1
3244,0,3.179026027,61.63004243,1.428028624,3.84396175,0.519283136,4.05927427,21.80039263,1.177886138,1.152555253,0.297637895,0,0,0,0,0.911911849,0,66
3245,0,3.757336055,61.6451901,1.747894871,3.285276856,0.462490431,3.585098239,22.04963001,1.05256443,1.237560602,0.296631794,0,0,0,0,0.880326614,0,62.5
3246,0,3.742337195,61.32490291,2.394325513,3.267323555,0.359469782,3.729498989,21.69656899,1.226048721,1.187534101,0.25676413,0,0,0,0,0.80880701,0,63.5
3248,0.648156804,4.967124739,63.18593998,0,4.013586364,0,1.676482503,25.1441214,0,0,0.10283257,0,0,0,0.236826525,0.024929108,0,41
3250,12.9350699,5.553609528,55.37687482,0,3.12072095,0,1.897907843,16.08126612,0,2.050759482,1.722765341,0,0,0,0,1.261026017,0,101.8
3251,5.169960953,11.09664921,52.90129249,0,9.353149499,0,1.894845174,9.643732784,0,6.150679541,3.789690347,0,0,0,0,0,0,144.9
3252,12.32169367,6.344800878,53.22403666,0,2.969082812,3.653262764,5.415348867,9.19124766,0,1.955721939,4.924804751,0,0,0,0,0,0,114.1
3253,5.132850242,5.507246377,56.01449275,0,9.281400966,0,5.640096618,14.67995169,0,2.035024155,1.708937198,0,0,0,0,0,0,115
3254,11.65683944,10.00833513,51.96493069,0,8.427746735,3.457537122,2.389405118,8.69632328,0,1.846077856,1.552804618,0,0,0,0,0,0,136.5
3255,5.41579875,11.6199327,55.74106714,0,3.262297709,3.009133152,1.980451851,10.09453613,0,2.147091812,5.409389521,0,0,0,0,1.320301234,0,105.1
3256,12.03272805,5.8399489,55.46126471,0,3.948048788,0,4.513793838,14.69112145,0,1.910149953,1.602944308,0,0,0,0,0,0,110.2
3257,8.593824988,5.765477524,55.80547112,0,4.92081267,1.641337386,2.988321869,15.05679091,0,2.130859063,1.788513838,0,0,0,0,1.308590625,0,111.4
3282,0,0,60.59319034,0,2.654491399,1.748425002,1.380335528,22.48531181,0,3.992355065,3.769377787,0,0,2.042188717,1.334324343,0,0,82.6
3285,0,0,60.65499124,0,3.04028021,0.875656743,1.84938704,22.53590193,0,3.747810858,3.779334501,0,0,2.273204904,1.243432574,0,0,83.5
3286,0,0,60.23708422,0,3.411181883,2.331917905,1.61358811,21.71974522,0,3.743807502,3.56334041,0,0,1.702052371,1.52512385,0.152158528,0,83.2
3287,0,0,60.1552806,0,3.417591378,2.924805899,1.616619988,21.55847839,0,3.75084199,3.151699933,0,0,1.818697486,1.527989506,0.077994824,0,82.8
3288,0,0,60.92966574,0,3.071030641,1.180362117,1.399721448,23.16852368,0,4.038997214,1.908077994,0,0,2.757660167,1.545961003,0,0,81.2
3289,0,0,61.0627888,0,3.390867083,0,2.058983419,23.5084262,0,4.464528404,2.082767056,0,0,1.916281598,1.515357434,0,0,82
3301,0,0,60.10115201,0,9.300365271,2.110845743,0.245855577,24.72955886,0,0,3.512222534,0,0,0,0,0,0,88.5
3302,0,7.091763117,64.20655144,0,2.204279618,0,0.816627268,25.60095785,0,0.07982071,0,0,0,0,0,0,0,32
3303,0,2.181128497,60.47212626,0,3.85423017,2.262412789,2.424981372,21.99756147,0,2.858497595,2.631578947,0,0,0.921221974,0,0.396260923,0,84.5
3304,0,2.004309608,60.12586791,0,6.348120532,3.406642268,1.203953894,22.71436878,0,1.7854089,2.411328112,0,0,0,0,0,0,80.5
3305,0,1.423127508,59.99055745,0,3.777020875,2.343776346,4.411020807,20.06879574,0,2.960914579,2.728223114,0,0,1.52092537,0.364212727,0.411425488,0,84
3306,0,2.239166104,59.63066628,0,3.371617926,1.656854229,7.856384519,17.36318888,0,2.927645337,2.975903227,0,0,1.544252485,0,0.434321011,0,86
3307,0,1.119865884,59.83235541,0,3.466890193,2.09891031,5.384744342,19.44341995,0,3.299245599,2.772841576,0,0,1.676445935,0.352053646,0.553227158,0,88.5
3308,0,1.494109129,59.5701968,0,3.863621405,2.129270059,6.562232607,18.23866254,0,3.119857829,2.659119331,0,0,1.527019022,0.365299809,0.470611466,0,88
3309,0,0,60.19815152,0,4.649208794,2.503150819,1.414367736,21.82117351,0,3.514913878,1.498389581,0,0,1.855482425,1.950007002,0.59515474,0,81.5
3312,0,0,59.48755213,0.161127259,7.89207633,2.05674207,7.746745861,20.093517,0,2.198913181,0.148489827,0.208517629,0,0,0,0,0,91
3317,0,0,60.23995161,0,2.386073397,0,7.534614868,19.09530851,0,2.379352063,4.38230945,0,0,3.982390106,0,0,0,81.8
3318,0,0,60.5459392,0,1.160711273,0,5.074737659,21.47315855,0,5.182710801,2.564362115,0,0,3.745318352,0.253062051,0,0,80.1
3319,0,0,60.55557422,0,1.148768936,0,4.709280844,21.87027644,0,5.851331833,2.24715327,0,0,3.231332505,0.386281952,0,0,86.3
3320,0,0,59.7546978,0,2.393992064,0,10.06788443,16.88912209,0,2.433345358,4.427245597,0,0,4.033712655,0,0,0,81.1
3321,0,0,59.26991433,0,2.832118655,0,11.82073904,15.48075694,0,2.870476921,4.062779696,0,0,3.663214423,0,0,0,81.3
3322,0,0,59.23533115,0,1.186098135,0,7.408143657,18.69595468,0,6.672630289,3.041447172,0,0,3.760394924,0,0,0,90.3
3323,0,0,59.68209066,0,1.212366135,0,6.48615882,19.51909477,0,5.583619586,2.680676231,0,0,4.835993803,0,0,0,89.9
3324,0,0,59.16176518,0,1.150644425,0,8.864461801,17.76749269,0,7.373123775,2.542345643,0,0,2.754475621,0.385690869,0,0,91.3
3325,0,0,59.45057071,0,2.392467918,0,11.76887857,15.4317405,0,2.437608822,4.433481653,0,0,4.036886567,0,0.048365254,0,80
3326,0,0,59.73882894,0,5.877968958,0.839246946,7.640711578,19.69800071,0,2.203428275,4.001814588,0,0,0,0,0,0,87.5
3327,0,0,60.07836165,0,5.215329909,0.790201501,6.802317924,20.35427367,0,1.982088766,4.777426577,0,0,0,0,0,0,85
3328,0,0,60.39428323,0,3.199785788,0.799946447,5.917595475,21.00612511,0,3.152927001,5.529336948,0,0,0,0,0,0,86.2
3329,0,0,60.39338998,0,4.576169131,0.053522446,5.954372115,20.99083428,0,1.786311634,5.492741018,0,0,0,0,0.752659397,0,83.7
3330,0,0,60.69314722,0,3.592322693,0.646618085,5.248212392,21.23575901,0,1.354818844,4.389476205,0,0,1.187177119,0,1.652468439,0,81.3
3331,0,0,60.71783621,0,3.606321347,0.64790374,5.039251311,21.20942031,0,1.364368722,4.408487882,0,0,1.168969182,0.191971479,1.645469816,0,80.9
3332,0,0,59.44583553,0,3.72957301,0.052714813,10.05535055,16.44702161,0,1.436478651,8.83302583,0,0,0,0,0,0,80.6
3333,0,0,59.4600823,0,3.66090535,0.055967078,10.11358025,16.42469136,0,1.461728395,8.006584362,0,0,0.773662551,0,0.042798354,0,81.4
3334,0,0,59.47671548,0,2.395919039,1.244034886,10.14974494,16.41928583,0,2.685535626,7.628764193,0,0,0,0,0,0,78.9
3335,0,0,59.47359817,0,4.328919405,0.320418506,9.677946706,17.09988556,0,1.654405754,7.444825895,0,0,0,0,0,0,82.3
3337,0,0,61.33273207,0,7.416400722,0,0.409324268,26.2349105,0,0.13181629,4.474816151,0,0,0,0,0,0,76
3338,0,0,61.07723577,0,4.983179142,1.096860107,0.434538828,24.61452201,0,2.340902719,3.935379871,0,0,0.532660499,0.984721054,0,0,79
3339,0,0,60.94024605,0,2.16303907,0,2.345545491,23.75963228,0,6.029471407,3.589292957,0.13856969,0,0.128430445,0.905772611,0,0,83.3
3340,0,0,60.66446045,0,2.193238596,0,5.333852443,21.79611965,0,6.255272208,1.615729025,0.282265914,0,1.051197197,0.807864512,0,0,83.9
3341,0,0,60.60665942,0,2.397655041,0,5.012679906,21.56901492,0,5.506702236,1.030859928,0.220663307,0,2.78628594,0.8694793,0,0,85.5
3342,0,0,60.73659765,0,2.335393975,0,5.207208975,21.69234292,0,5.560461845,0,0.242043633,0,2.610146207,0.883132175,0.73267262,0,85
3343,0,0,60.50208394,0,2.377952247,0,6.267971956,20.78123486,0,5.738102161,0,0.24878033,0,2.465186908,0.898193919,0.720493684,0,86.6
3344,0,0,60.7510877,0,2.329156989,0,5.194805195,21.963427,0,5.548104289,0,0,0,2.603945173,0.879976447,0.729497203,0,84.7
3345,0,1.01010101,59.41414141,0,10.52525253,1.35016835,1.892255892,22.84175084,0,0.404040404,1.888888889,0,0,0,0,0.673400673,0,93
3347,0,11.32075472,56.60377358,0,0,0,0,7.547169811,0,0,0,0,0,0,0,0,24.52830189,70
3348,0,0,60.94008718,0,2.162673605,0,2.345149191,23.75899706,0,6.028452675,3.592065691,0.138546278,0,0.128408745,0.905619572,0,0,83.3
3349,0,0,60.7360157,0,2.33562316,0,5.207719987,21.69120052,0,5.561007524,0,0.242067386,0,2.610402355,0.883218842,0.732744521,0,85
3350,0,0,60.5026814,0,2.377721781,0,6.267364476,20.78245138,0,5.737546036,0,0.248756219,0,2.464947987,0.898106868,0.720423855,0,86.6
3356,0,0,60.49012171,0,5.686203371,1.332497774,5.270622382,21.81800191,0,2.097694515,2.605626835,0,0,0,0.418879251,0.280352254,0,84
3357,0,0,60.74701882,0,5.52544266,1.061068953,5.459741796,22.08863047,0,1.819913932,2.67074012,0,0,0,0.348214579,0.279228672,0,81
3358,0,0,60.97268088,0,5.156943194,0.827245739,4.396410821,22.67920878,0,1.787918209,2.771940358,0,0,0,0.540378265,0.867273758,0,80
3359,0,0,60.89854111,0,6.213527851,0,4.423076923,23.05371353,0,1.25331565,3.123342175,0,0,0,0.265251989,0.769230769,0,80
3360,0,0,61.01717393,0,5.112393077,0.547045952,4.535508255,23.07870831,0,2.009150587,2.589350839,0,0,0,0.248657251,0.862011803,0,81
3361,0,0,60.42985671,0,5.684771743,1.186271243,4.778407198,22.15261579,0,2.032655781,2.949016994,0,0,0,0.176607797,0.609796734,0,84
3362,0,0,60.54246153,0,5.672712643,1.08961679,4.090253797,22.47963255,0,2.098769571,2.936936333,0,0,0,0.445904717,0.643712073,0,83
3363,0,0.804815591,60.60394426,0,5.30114071,1.177292228,4.110545745,22.04596096,0,2.061924241,3.086234993,0,0,0,0.385779374,0.422361901,0,81
3364,1.441308574,0,60.50814507,0,5.684789167,1.065897969,4.089294094,22.46430247,0,0.730709928,2.949654756,0,0,0,0.435744453,0.630153516,0,80
3365,0.871255278,0,60.45506333,0,5.736880906,1.07566517,4.081495878,22.44152537,0,1.380604517,2.89859929,0,0,0,0.422223712,0.636686549,0,81
3389,0,0,60.54775234,0,5.685360866,1.079414032,4.096409775,22.48667494,0,2.078374845,2.949951393,0,0,0.335221749,0.442492709,0.298347357,0,83
3390,0,0,60.53125838,0,5.721760129,1.073249262,4.071639388,22.48121814,0,2.06600483,2.968204991,0,0,0.647303461,0.439361417,0,0,85
3391,0,0,60.53707925,0,5.706048009,1.341021859,4.103526887,22.46882124,0,2.065173662,2.692101381,0,0,0.647043047,0.439184659,0,0,82
3392,0,0,60.54025069,0,5.690729942,1.655606944,4.095448757,22.49480528,0,2.104698706,2.339298881,0,0,0.643474764,0.435686038,0,0,82
3393,0.717441127,0,60.42780749,0,5.646527386,1.062875743,4.98887302,21.78895274,0,1.361809546,2.932872754,0,0,0.637725446,0.435114757,0,0,82
3394,0.712858095,0,60.34643571,0,5.662891406,1.325782811,4.990006662,21.64556962,0,1.319120586,2.938041306,0,0,0.659560293,0.399733511,0,0,83
3395,0,0,60.40509529,0,5.620780257,1.606412346,4.988858217,21.71816277,0,2.062061396,2.534339974,0,0,0.62527023,0.439019523,0,0,83
3396,0,0.803159537,60.5887624,0,5.276957287,1.068666822,4.221565829,21.94085825,0,2.143971325,2.8774352,0,0,0.643855166,0.434768179,0,0,82
3397,0,0,60.53954424,0,5.710455764,2.855227882,4.101876676,22.49329759,0,2.084450402,1.142761394,0,0,0.640080429,0.43230563,0,0,82
3398,0,0,60.5804273,0,5.683907854,1.079942492,4.052291952,22.34444482,0.15379986,2.079641579,2.948945134,0,0,0.337690996,0.441338727,0.297569294,0,83
3399,0,0,60.57242209,0,5.710846596,1.066604253,4.059114618,22.33181757,0.153805002,2.059649592,2.962418082,0,0,0.645312291,0.438009897,0,0,85
3400,0,0,60.54073926,0,5.688122452,1.333467014,4.090635653,22.28460664,0.153733039,2.145578504,2.683644141,0,0,0.641668338,0.43780496,0,0,82
3401,0,0,60.57467424,0,5.686602072,1.650517875,4.089542265,22.32876712,0.153691948,2.098229201,2.338790511,0,0,0.641496826,0.437687939,0,0,82
3402,0.715871806,0,60.4447685,0,5.654061578,1.057236602,4.898419116,21.66506479,0.152454181,1.405229841,2.933085871,0,0,0.639644715,0.434162993,0,0,82
3403,0,0,60.49337748,0,5.629139073,1.390728477,4.947019868,21.69205298,0.152317881,2.059602649,2.572847682,0,0,0.625827815,0.437086093,0,0,81
3404,0,0,60.48617099,0,5.644358957,1.074484314,4.835179412,21.74504212,0.152550242,2.069377197,2.928301386,0,0,0.626782516,0.437752869,0,0,83
3405,0,0,60.64507521,0,5.37006771,1.084019879,4.296054168,22.24408792,0.153430506,2.181381542,2.928521397,0,0,0.653747373,0.443614289,0,0,82
3406,0,0,60.31528673,0,5.537557196,1.679970609,4.862897031,21.32861294,0.14695568,2.023980495,3.059350055,0,0,0.614541932,0.430847333,0,0,82
3411,0,1.794305032,61.56546613,0,1.950331556,2.015342608,5.636458198,21.47640099,0,2.476921077,2.93199844,0,0,0,0.152775972,0,0,65
3412,0,1.19361646,60.87114218,0,4.695331047,2.060801899,5.097599578,21.43893432,0,1.325507782,3.148905302,0,0,0,0.168161435,0,0,73
3413,0,2.34791889,61.47278549,0,3.952006727,2.027748132,5.206817373,21.41263219,0,0.86672488,2.54842987,0,0,0,0.164936451,0,0,63
3414,0,1.769048161,61.57848525,0,3.967350655,2.035706156,5.63233716,21.491984,0,0.435758187,2.923482163,0,0,0,0.165848265,0,0,63
3415,0.71208622,1.828329484,60.4631768,0,4.779317424,1.048883757,5.805748011,20.40993072,0,1.796253528,2.261354888,0,0,0,0.343212728,0.551706441,0,76
3416,0,1.849794104,61.02359631,0,3.457742336,2.127590039,5.464409439,20.68109027,0,1.81711223,2.673377345,0,0,0,0.346427871,0.558860056,0,71
3417,0,0.617076933,61.51653364,0,1.3884231,2.139647193,4.225635522,22.96264002,0,3.662217453,2.689650547,0,0,0.623784291,0.174391307,0,0,72
3418,0,1.206686229,61.15855066,0,2.710098579,2.083676766,5.149846692,21.66100689,0,2.67712901,3.181563417,0,0,0,0.171441759,0,0,71
3419,0,0.60022426,60.9458479,0,5.738407757,1.817162456,4.920519755,22.27755425,0,0.890442583,2.239298199,0,0,0.40234813,0.16819471,0,0,74
3446,0,0,60.10046015,0,9.301345323,2.111068179,0.245881485,24.72865222,0,0,3.512592645,0,0,0,0,0,0,88.5
3447,0,7.09111002,64.206778,0,2.204076621,0,0.816552063,25.60166994,0,0.07981336,0,0,0,0,0,0,0,32
3448,0,1.119978539,59.8316679,0,3.467238951,2.099121454,5.38528603,19.44202267,0,3.299577493,2.773120515,0,0,1.67661458,0.352089062,0.553282811,0,88.5
3449,0,0,60.19747208,0,4.649697139,2.503413746,1.414516298,21.81996429,0,3.515283078,1.49854697,0,0,1.855677322,1.950211827,0.595217254,0,81.5
3450,0,0,59.602295,0,5.238587363,4.030504971,1.817469085,20.07768789,0,2.466056092,3.724029792,0,0,0.669968996,2.070489291,0.302911514,0,84
3451,0,3.13111546,60.86105675,0,6.26223092,0,2.935420744,0,17.61252446,9.197651663,0,0,0,0,0,0,0,195
3452,0,3.13111546,60.86105675,0,9.197651663,0,2.935420744,0,17.61252446,6.26223092,0,0,0,0,0,0,0,184
3453,0,3.149606299,61.22047244,0,6.496062992,0.590551181,2.952755906,0,17.71653543,7.874015748,0,0,0,0,0,0,0,178
3454,0,3.15581854,61.34122288,0,6.311637081,0,2.958579882,0,17.75147929,7.692307692,0.788954635,0,0,0,0,0,0,190
3455,0,3.225806452,60.48387097,0,8.064516129,0,4.838709677,0,16.12903226,6.451612903,0.806451613,0,0,0,0,0,0,160
3456,0,3.348260681,63.04631257,0,6.696521361,0,3.140411541,0,18.83113202,4.100296657,0.83706517,0,0,0,0,0,0,160
3457,0,3.393515107,63.15401621,0,5.596904937,0,3.179808401,0,19.07885041,5.596904937,0,0,0,0,0,0,0,176
3458,0,3.144393877,61.14624584,0,5.894753433,0,2.947376717,0,17.67637961,8.641172646,0,0,0,0,0,0.549677877,0,175
3474,0,2.00597808,59.55164397,0,7.990700764,3.467286616,1.826635669,22.5074726,0,2.650282298,0,0,0,0,0,0,0,93.4
3475,0,0,58.85095251,0,7.405419909,4.048162061,3.575261605,21.73665146,0,4.239334585,0.14421787,0,0,0,0,0,0,101.7
3476,0,0,58.31903368,0,8.512499579,4.121664816,3.317519599,21.35527068,0,4.239426668,0.134584974,0,0,0,0,0,0,108.4
3477,0,0.085890787,58.95741799,0,10.59760166,2.236463942,3.045819431,22.79078986,0,2.286016319,0,0,0,0,0,0,0,111.8
3478,0,0.062402496,59.21303519,0,6.85040735,5.217542035,1.150979373,23.33159993,0,4.174033628,0,0,0,0,0,0,0,101.7
3479,0,0,58.5664157,0,8.074132116,4.657104896,2.452900896,22.0454468,0,4.203999591,0,0,0,0,0,0,0,107.8
3480,0,0,61.23403806,0,3.609244732,0.277904809,0,25.32803321,0,3.567031343,4.390192423,0,0,0.865374468,0.728180955,0,0,82
3481,0,0,61.21588874,0,3.687704141,0,0,24.70410564,0,3.638534752,4.481438556,0,0,0.881536895,1.390791276,0,0,81
3482,0,0,61.15598447,0,3.678450295,0,0.447568097,24.44840729,0,3.629497535,4.468687716,0,0,0.877653065,1.29375153,0,0,81
3483,0,0,61.07237484,0,4.051038907,0,0.446241807,24.65485985,0,3.632687212,4.263701018,0,0,0.77046437,1.10863199,0,0,81
3484,0,0,61.12949792,0,3.58425463,0.827406521,0.436588973,24.9419055,0,3.302584325,4.161678755,0,0,0.855573551,0.542215337,0.218294486,0,81
3485,0,0,60.67743068,0,5.405405405,1.109161109,0.435240435,23.96279396,0,2.604422604,3.98034398,0,0,0.645840646,1.179361179,0,0,79.8
3486,0,0,61.04213096,0,5.037320033,1.107219923,0,24.49326117,0,2.129541194,4.37228059,0,0,0.643814779,1.174431356,0,0,80.1
3487,0,0,60.60234635,0,6.436701103,1.099632289,0.434249694,23.97828752,0,1.884083348,3.754158641,0,0,0.640868499,1.169672562,0,0,83.2
3488,0,0,61.49785666,0,4.272505048,1.094696567,0,25.35515641,0,1.877634889,4.332731073,0,0,0.853792468,0.715626882,0,0,78.1
3489,0,0,61.35293076,0,3.612537631,1.108553214,0,25.12130335,0,2.847529662,4.38817071,0,0,0.754382858,0.814591819,0,0,77.4
3490,0,2.222877938,62.54549031,0,0,3.842496967,7.114520835,20.42228124,0,0,3.85233271,0,0,0,0,0,0,41.5
3491,0,3.736892278,62.81855736,0,0,3.031458532,7.073403241,20.23196695,0,0,3.10772164,0,0,0,0,0,0,39.5
3492,0,4.089102038,62.88256452,0,0,2.139206159,7.042342399,20.19940683,0,0,3.647378053,0,0,0,0,0,0,39
3493,0,4.067538886,62.96448823,0,0,2.870085849,6.646181139,20.57211645,0,0,2.879589445,0,0,0,0,0,0,37.3
3494,0,4.100299637,62.89228828,0,0,3.636650371,7.033590916,20.21763129,0,0,2.119539505,0,0,0,0,0,0,35.8
3495,0,4.057698338,63.10128567,0,0,2.565067419,7.0241455,20.66164942,0,0,2.590153653,0,0,0,0,0,0,34.3
3496,0,4.761759409,63.43823449,0,0,1.468209151,7.313574067,20.83880223,0,0,2.179420653,0,0,0,0,0,0,31
3497,0,6.326666264,63.44189981,0,0,0,6.362922231,20.53900538,0,0,3.329506315,0,0,0,0,0,0,34.7
3498,0,6.355919403,63.44440081,0,0,0,6.337794158,20.54194484,0,0,3.020874241,0,0,0,0,0.29906655,0,34.4
3499,0,6.892421929,63.47495434,0,0,0,6.275636995,20.36587922,0,0,2.991107518,0,0,0,0,0,0,34.3
3500,0,0,55.3133422,0,7.116296524,9.384914543,7.041244499,14.15754102,0,6.986661208,0,0,0,0,0,0,0,107.81
3501,0,0,56.19415835,0,6.71886676,7.482374346,10.01332077,13.69115306,0,5.90012671,0,0,0,0,0,0,0,101.23
3502,0,0,55.74968859,0,6.726545598,0,9.906247951,13.063004,0,6.306956009,8.247557857,0,0,0,0,0,0,116.16
3504,0,0,54.11245796,0,9.614774386,0,9.6528527,12.72767659,0,9.04359967,0,0,0,0,0,4.8486387,0,144.51
3505,0,0,56.94283539,0,6.62010526,6.087186786,6.785607891,17.0567012,0,6.50756347,0,0,0,0,0,0,0,107.26
3506,0,0,57.30397422,0,6.368863335,4.26486384,9.490111834,16.22227839,0,6.349908384,0,0,0,0,0,0,0,106.47
3508,0,0,57.15099355,0,6.511833945,0,9.625363878,15.88406531,0,6.277686369,0,0,0,0,0,4.550056955,0,114.8
3510,0,0,58.01841241,0,6.592416146,2.942123222,6.373527329,19.45535312,0,6.618167772,0,0,0,0,0,0,0,115.14
3512,0,0,58.11668439,0,6.475306852,0,6.468863761,19.43236365,0,6.391546664,0,0,0,0,0,3.11523469,0,115.39
3514,0,0,58.55265183,0,6.094745591,0,9.142118386,18.62899006,0,6.094745591,1.486748546,0,0,0,0,0,0,109.18
3515,0,0,58.60499446,0,6.046254152,0,9.22007627,18.6308279,0,6.015500062,0,0,0,0,0,1.482347152,0,105.79
3516,7.189892561,0,58.05160843,0,6.584958568,1.628910804,7.107974416,19.43665522,0,0,0,0,0,0,0,0,0,93.12
3517,6.635131274,0,58.50661926,0,6.482745484,0,6.374805549,20.38477412,0,0,1.615924315,0,0,0,0,0,0,90.6
3518,6.318663872,0,58.75087318,0,6.388518448,0,6.286911793,20.71188163,0,0,0,0,0,1.543151076,0,0,0,90.62
3519,6.289467839,0,58.70275759,0,6.473518865,0,6.365626884,20.60419509,0,0,0,0,0,0,0,1.564433726,0,92.35
3520,6.358128786,0,59.24364499,0,6.383111611,0,6.314408844,20.1424021,0,0,0,1.558303666,0,0,0,0,0,85.59
3521,6.03030303,3.018181818,59.10909091,0,6.054545455,0,6.072727273,19.71515152,0,0,0,0,0,0,0,0,0,81.7
3523,6.432604959,0,61.5209919,0,0,1.215320403,9.145592929,21.68548981,0,0,0,0,0,0,0,0,0,43.42
3524,6.430887842,0,61.61353485,0,0,0,9.153766138,21.86563055,0,0,0,0,0,0.936180628,0,0,0,45.91
3525,6.053149606,0,61.58341535,0,0,0,9.264271654,21.56126969,0,0,0,0,0,0,0,1.537893701,0,52.33
3526,5.710806697,0,62.3652968,0,0,0,8.675799087,21.86910198,0,0,0,1.378995434,0,0,0,0,0,37.85
3527,5.648917979,2.49425084,61.91697624,0,0,0,9.057137803,20.88271714,0,0,0,0,0,0,0,0,0,39.48
3529,13.05797007,0,59.15953206,0,0,0,1.967191687,24.5147376,0,1.30056859,0,0,0,0,0,0,0,78.05
3530,0,0,57.2190515,0,14.76423427,4.769669792,2.853648594,19.91099334,0,0,0,0,0,0,0.4824025,0,0,107.07
3532,0,0,57.39712661,0,15.06678779,0,2.846472191,20.41654049,0,0,3.785202382,0,0,0,0.487870529,0,0,115.11
3533,0,0,58.15941834,0,10.08482564,0,2.9352363,21.0515686,0,3.339167901,3.918136529,0,0,0,0.511646694,0,0,106.64
3534,0,0,57.8121911,0,15.3014827,0,3.176276771,21.18945634,0,0,0,0,0,2.02306425,0.49752883,0,0,114.2
3535,0,0,58.32838382,0,10.28839174,0,3.128093447,21.68217515,0,3.933214545,0,0,0,2.118392398,0.521348908,0,0,114.61
3536,0,0,57.80168596,0,15.75097583,0,3.043920359,21.41568537,0,0,0,0,0,0,0.541214288,1.446518188,0,115.2
3537,0,0,58.54178278,0,10.3268531,0,3.140674688,22.06012523,0,3.881585418,0,0,0,0,0.557322231,1.491656558,0,114.68
3538,0,4.398364298,62.06652285,0,0,0,7.070869691,18.3984287,0,0,8.06581447,0,0,0,0,0,0,52.72
3539,0,4.411717419,62.09845976,0,0,1.79748545,7.080613525,18.45075404,0,0,6.160969806,0,0,0,0,0,0,47.55
3540,0,4.824828028,62.04447288,0,0,0,7.096464566,18.12829947,0,0,6.053431451,0,0,1.852503599,0,0,0,55.65
3541,0,4.795947809,61.9882666,0,0,0,7.110569679,18.02327445,0,0,6.148815439,0,0,0,0,1.933126022,0,54.26
3543,0.577332118,8.842297174,63.8347007,0,2.139167426,0,0,23.98359161,0,0,0,0.622910969,0,0,0,0,0,31.43
3544,0,8.792411529,63.76018485,0,2.353155783,0,0,23.93591147,0,0.529004013,0,0.62933236,0,0,0,0,0,35.75
3545,0,8.736918958,64.10318812,0,2.214650767,0,0,24.01435872,0,0,0,0.620588951,0,0,0.310294476,0,0,31.01
3546,0.534564451,8.88105941,63.78325841,0,2.271898919,0,0,23.90353541,0,0,0,0,0,0,0.625683392,0,0,33.04
3547,0,8.869987849,63.83657351,0,2.181044957,0,0,23.97326853,0,0.522478736,0,0,0,0,0.616646416,0,0,35.22
3548,0,6.390086861,62.86825002,0,4.02113831,0,3.110004252,22.99702363,0,0,0.30978558,0,0,0,0,0.303711353,0,50
3549,0,6.07013003,63.73636532,0,0,0,1.96585937,24.88753312,0,2.86559438,0.342022555,0,0,0,0,0.132495224,0,38.69
3550,0,5.910010898,63.20411023,0,4.241008874,0,1.164564845,24.66760081,0,0,0.351860501,0,0,0,0.323836214,0.137007629,0,46
3551,0,5.926479285,63.25209325,0,4.139820089,0,1.176580446,24.51209263,0,0,0.357954369,0.510474056,0,0,0,0.124505867,0,46.97
3552,0,6.453601257,62.95497272,0,3.310013252,0,1.843005517,23.8388757,0,0.844454033,0.755077511,0,0,0,0,0,0,52.22
3553,0,4.508348794,63.1694496,0,0,2.841682127,7.309833024,20.42980829,0,0,0,0,0,1.20593692,0,0.534941249,0,33.89
3554,0,4.554115258,62.84866469,0,0,2.795564579,7.277838513,19.78135249,0,0,2.205216305,0,0,0,0,0.537248165,0,37.12
3555,0,4.652016894,63.25212707,0,0,0,7.632980351,20.36175552,0,0,2.292342535,0,0,1.239517659,0,0.569259962,0,39.41
3556,0,4.765662943,63.37421078,0,0,1.505585236,7.776833414,20.47717339,0,0,0,0,0,0.640480816,0,1.460053424,0,33.89
3557,0,4.662286943,63.57058521,0,0,0,7.647361569,20.98634616,0,0,1.165571736,0,0,0.602464352,0,1.365384033,0,34.96
3558,0,1.562248867,60.57411039,0,4.776752708,1.006139702,5.168922177,21.69790093,0,3.053778649,1.89977177,0,0,0,0,0.260374811,0,81.73
3559,0,2.258452927,61.50216408,0,3.944156985,2.261707182,5.26538449,21.43577728,0,0.442578672,2.889778385,0,0,0,0,0,0,65.19
3562,0,11.4547118,57.8042086,0,6.178713022,2.946020128,0,15.85239402,0,5.763952425,0,0,0,0,0,0,0,106.33
3563,0,11.66012117,57.47861296,0,6.295856547,0,0,15.3743112,0,6.198435169,2.992662952,0,0,0,0,0,0,109.27
3564,0,11.56570591,57.69113337,0,6.106497313,0,0,15.59294089,0,5.880556913,0,0,0,0,0,3.163165608,0,111.41
3567,0,12.02039825,57.59470617,0,6.174113647,0,0,15.21976688,0,5.906993686,0,0,0,3.08402137,0,0,0,108.95
3568,0,11.6191374,58.94119727,0,5.874381334,0,0,14.78022626,0,5.703511666,0,3.081546076,0,0,0,0,0,101.59
3569,0,10.82575352,59.33357113,0,6.093573509,0,0,15.64116283,0,4.964033054,0,0,0,0,3.141905951,0,0,86.6
3571,0,10.97639172,58.14339843,0,5.9457884,1.422325853,3.007869426,15.01311571,0,5.491110463,0,0,0,0,0,0,0,102.55
3585,0,0,63.30735983,0,0,0,6.008400804,13.8582821,6.501491447,0,10.32446582,0,0,0,0,0,0,73.88
3586,0,0,63.42939217,0,0,0,5.952999419,14.77859609,6.069125691,0,9.769886624,0,0,0,0,0,0,68.44
3587,0,0,55.53958348,0,16.64679896,0,0,16.17348012,2.152724213,0,9.487413225,0,0,0,0,0,0,140.54
3588,0,8.860962395,54.82960921,0,15.40730292,0,0,9.999038246,1.955566954,0,8.947520277,0,0,0,0,0,0,137.63
3589,0,0,57.29256736,0,14.11821672,0,0,18.45882475,2.123612216,0,8.006778958,0,0,0,0,0,0,126.02
3590,0,0,57.82646196,0,13.25513196,0,0,19.14438503,2.090736588,0,7.683284457,0,0,0,0,0,0,123.11
3591,0,0,64.21350968,0,3.717524799,0,0,0,19.7260274,0.892772792,10.30703826,0,0,0,1.143127067,0,0,136.37
3592,0,0,60.35505825,0,12.78306571,8.794109811,0,0,18.06776623,0,0,0,0,0,0,0,0,155.36
3593,0,0,61.07136955,0,0,8.289066742,0,0,18.73126048,11.90830323,0,0,0,0,0,0,0,165.99
3596,0,0,66.88474769,0,0,9.093978853,2.26241479,0,21.75885866,0,0,0,0,0,0,0,0,67.66
3597,0,0,66.56700249,0,0,0,2.166612501,0,21.36713249,0,9.899252519,0,0,0,0,0,0,97.5
3598,0,0,66.62644892,0,0,0,2.232085147,0,21.42457017,0,0,0,0,9.716895764,0,0,0,106.12
3599,0,0,66.55970861,0,0,0,2.15939641,0,21.35981268,0,0,0,0,0,0,9.9210823,0,127.96
3600,0,0,66.03514489,0,0,0,0,0,21.38019318,0,0,0,0,0,0,0,12.58466193,156.27
3602,0,4.653827789,62.41604329,0,0,0,6.850230781,19.0800573,0,0,5.927104886,0,0,1.072735954,0,0,0,51.75
3603,0,5.834183122,63.08828528,0,4.245851488,0,1.940607521,24.41210099,0,0,0.349185748,0,0,0,0,0.129785853,0,47.39
3604,0,4.407527739,63.44020107,0,0,1.40378839,7.411267088,20.97100472,0,0,1.112609575,0,0,0,0,1.253601422,0,33.76
3605,15.08100332,0,58.09720398,0,0,0,6.173766185,20.64802652,0,0,0,0,0,0,0,0,0,80.01
3606,18.16334307,0,56.7953766,0,0,0,4.737711165,20.30356916,0,0,0,0,0,0,0,0,0,78.12
3609,0,0,57.14816296,0,14.27347009,0,14.29061197,14.28775499,0,0,0,0,0,0,0,0,0,106.88
3612,0,0,57.50850134,0,0,0,8.914257955,18.23232937,0,15.34491134,0,0,0,0,0,0,0,112.17
3613,0,0,60.31746032,0,6.349206349,4.761904762,9.523809524,19.04761905,0,0,0,0,0,0,0,0,0,62.85
3614,0,0,60.30217605,0,6.328592696,0,9.717778974,18.90975896,0,0,4.741693326,0,0,0,0,0,0,74.16
3620,0,0,59.71067723,0,6.463045299,0,9.678458664,17.81364779,0,0,0,0,0,0,0,6.334171016,0,90.93
3628,0,0,59.68699581,0,3.343013875,6.311713456,9.506292352,17.91222975,0,3.23975476,0,0,0,0,0,0,0,68.9
3629,0,0,59.63359274,0,3.307392996,0,9.325551232,17.88261997,0,3.249027237,6.601815824,0,0,0,0,0,0,82.35
3632,0,0,59.62578097,0,3.314881357,0,9.47848888,17.77540384,0,3.211291315,0,0,0,6.594153637,0,0,0,86.17
3633,9.861455623,0,60.17302922,0,0.042349809,0,9.250408373,19.81668582,0,0,0,0,0,0,0.856071148,0,0,52
3634,9.026564942,0,60.14645954,0,0.036768085,1.283818978,9.363605724,20.14278273,0,0,0,0,0,0,0,0,0,44
3635,9.294056341,0,59.9086534,0,0.042914508,0,9.539282102,19.71615118,0,0,0,0,0,1.498942464,0,0,0,52.4
3637,7.992247178,0,61.57222666,0,0.057006043,0,9.109565614,18.5782693,2.690685213,0,0,0,0,0,0,0,0,46.9
3638,9.109361545,0,60.02890884,0,0.049206544,0,9.275433633,19.99938492,0,0,1.537704515,0,0,0,0,0,0,53.8
3639,9.297457053,0,59.91318269,0,0.061572563,0,9.242041746,19.88485931,0,0,0,0,0,0,0,1.600886645,0,54.8
3640,4.417816509,0,60.65419995,0,4.532800775,0,9.222948439,19.76519003,0,0,0,1.407044299,0,0,0,0,0,72.12
3641,4.422393728,0,60.13414186,0,4.759279677,1.176038221,9.298052187,20.21009433,0,0,0,0,0,0,0,0,0,70.93
3642,4.511832049,0,59.99201989,0,4.794205212,0,9.324452902,19.97483196,0,0,0,0,0,1.402657991,0,0,0,75.68
3644,0,0,61.39862523,0,4.351530989,0,8.776913026,18.20712379,3.005169573,4.260637391,0,0,0,0,0,0,0,86.29
3645,4.42516002,0,60.06893156,0,4.683653373,0,9.207287051,20.08862629,0,0,1.526341704,0,0,0,0,0,0,73.29
3646,4.453466199,0,60.04797933,0,4.638002091,0,9.300608968,19.99138833,0,0,0,0,0,0,0,1.568555084,0,76.06
3647,0,0,59.946803,0,4.311029742,0,3.419807247,21.9834882,0,3.288541919,0,0,0,0.131265329,0,6.919064562,0,105.83
3648,0,0,60.09592161,0,4.099095991,0,3.512525016,22.07922159,0,3.18818577,0,0,0,1.783865848,0,5.241184183,0,98.09
3649,0,0,60.18457936,0,3.987740625,0,3.374771859,22.37335996,0,3.395433727,0,0,0,3.35410999,0,3.330004477,0,101.06
3650,0,0,59.87622308,0,4.211181413,0,3.429796356,21.87186668,0,3.457456004,0,0,0,5.300280054,0,1.853196418,0,98.31
3651,0,0,60.05579857,0,4.112561568,0,3.396135432,22.21609892,0,3.492577412,0,0,0,6.664829677,0,0.061998416,0,101.24
3653,0,0,59.7501208,0,4.514392214,0,3.347829088,21.88858977,0,3.610133223,1.680817284,0,0,1.746393318,0,3.461724305,0,97.35
3654,0,0,59.81102145,0,4.365818332,0,3.400234499,21.92565004,0,3.641630457,1.703565763,0,0,3.351955307,0,1.800124146,0,99.15
3655,0,0,59.78795911,0,4.488657878,0,3.394031187,21.97170493,0,3.696946749,1.703900038,0,0,4.915493443,0,0.041306668,0,94.08
3656,0,0,60.10012084,0,4.011738305,0,3.431727948,22.14396686,0,3.307440014,3.535301226,0,0,0.07940618,0,3.390298636,0,92.71
3657,0,0,60.02618523,0,4.203417861,0.034454245,3.438533627,22.13340684,0,3.397188534,3.342061742,0,0,1.660694598,0,1.764057332,0,93.71
3658,0,0,59.91455053,0,4.265582469,0.034455432,3.424869931,22.0342487,0,3.569582745,3.421424388,0,0,3.335285808,0,0,0,90.48
3660,0,0,59.78144714,0,4.405529318,0.024130442,3.392050743,21.917336,0,3.695404874,5.088076114,0,0,1.696025371,0,0,0,90.17
3661,0,0,60.13121547,0,3.88121547,0.075966851,3.425414365,22.17541436,0,3.370165746,6.940607735,0,0,0,0,0,0,91.55
3662,0,0,59.96076272,0,4.212845047,1.638328629,3.414331934,22.1277621,0,3.613960212,5.032009362,0,0,0,0,0,0,86.44
3663,0,0,60.0703424,0,3.999862074,1.575807731,3.461949588,22.12682321,0,3.434364332,3.617116651,0,0,1.713734009,0,0,0,86.94
3664,0,0,60.06334779,0,4.110720925,1.490738828,3.435929216,22.19927012,0,3.470357364,1.697307719,0,0,3.515113957,0,0.017214074,0,89.43
3665,0,0,60.15156734,0,3.98897692,3.2311402,3.36203927,22.34240441,0,3.451601791,3.472270065,0,0,0,0,0,0,83.15
3666,0,0,60.04614961,0,4.174128668,1.62212426,3.409560546,22.19658355,0,3.444000551,0,0,0,5.06268081,0,0.044772007,0,93.41
3667,0,0,60.14669927,0,4.05661352,3.192258687,3.505630359,22.20462137,0,3.271462516,1.721822377,0,0,1.900891904,0,0,0,84.53
3668,0,0,59.95157385,0,4.136976825,3.261847112,3.403666551,21.95780007,0,3.375994466,0,0,0,3.891387063,0,0.020754064,0,87.25
3669,0,0,59.9012465,0,4.260902593,5.196643762,3.466731121,21.90532095,0,3.41148441,1.857670661,0,0,0,0,0,0,80.62
3670,0,0,60.08458259,0,4.153486453,4.758630175,3.500206299,22.20121029,0,3.410810067,0,0,0,1.89107413,0,0,0,81.13
3686,0,0,62.58864003,0,0,2.871586042,4.612792249,22.87088394,0,0,7.056097732,0,0,0,0,0,0,57.31
3687,0,0,62.64305841,0,0,4.466553032,5.14140606,22.71541378,0,0,5.03356872,0,0,0,0,0,0,47.72
3688,0,0,62.55391679,0,0,6.149993043,5.322109364,22.44677891,0,0,3.527201892,0,0,0,0,0,0,44.11
3693,0,0,60.28824684,0,3.511739631,1.522430476,4.851478449,21.60498004,0,3.39671155,4.824413018,0,0,0,0,0,0,89.05
3695,0,0,57.39731237,0,7.270537525,0,7.524087221,18.17951318,0,7.023326572,0,0,0,0,0,2.605223124,0,118.18
3696,0,0,56.60841252,0,6.791148914,0,6.91075819,16.47285534,0,6.631669878,0,0,0,0,0,6.58515516,0,127.95
3698,0,0,54.90572068,0,9.920102269,2.403323746,6.52604666,16.42058166,0,9.824224992,0,0,0,0,0,0,0,141.66
3699,0,0,54.80220524,0,9.762388368,0,6.473869169,16.08795177,0,9.678563368,3.195022085,0,0,0,0,0,0,144.48
3700,0,0,54.777358,0,9.719396816,0,6.554942039,15.93206109,0,9.590235397,0,0,0,0,0,3.426006652,0,152.62
3702,0,0,55.18587989,0,9.759847483,1.312997755,9.064911903,15.37160604,0,9.304756926,0,0,0,0,0,0,0,140.42
3703,0,0,55.40843599,0,9.290037172,0,9.320758195,15.3666554,0,9.130287856,1.483825382,0,0,0,0,0,0,135.79
3704,0,0,55.4824831,0,9.348494161,0,9.471419791,15.27965581,0,8.752304856,0,0,0,0,0,1.665642286,0,132.72
3706,0,0,56.27417946,0,9.34107076,0,6.402096593,18.67278173,0,9.309871459,0,0,0,0,0,0,0,143.39
3708,0,0,59.36679585,0,6.394549319,0,6.238279785,21.87460933,0,6.125765721,0,0,0,0,0,0,0,103.46
3709,0,8.748022874,64.04367928,0,2.329967149,0,0,24.00535345,0,0,0,0.295048059,0,0,0.577929188,0,0,29.68
3710,0,8.287691845,62.64520012,0,4.303340355,0,1.913933193,22.35028589,0,0.018055974,0.349082155,0,0,0,0,0.132410472,0,46.91
3711,0,5.752157059,63.19557334,0,4.170313868,0,1.162936101,24.5373265,0,0,0.700262598,0.481430536,0,0,0,0,0,48.45
3712,0,6.032568468,63.2093511,0,3.170490994,0,1.912163829,24.42326672,0,0.783370343,0.351591414,0,0,0,0,0.117197138,0,47.61
3713,0,8.993643401,59.39014412,0,6.06709044,1.563975077,0,18.92818931,0,3.222355088,1.834602555,0,0,0,0,0,0,86.9
3714,0,11.81603345,57.62891595,0,6.22311095,1.211900867,0,15.51536084,0,6.107980367,0,0,0,1.49669757,0,0,0,96.32
3715,0,9.802943377,58.8301322,0,6.310800698,1.534048391,0,17.84734348,0,3.866300823,0,0,0,0,0,1.80843103,0,114.04
3755,0,0,57.26678043,0,13.78697383,0.046217292,0,20.56313993,0.575938567,0,7.760949943,0,0,0,0,0,0,123.571
3756,0,0,56.26048072,0,15.67915036,0.946757965,0,17.46785914,1.928451649,0,7.717300168,0,0,0,0,0,0,127.08
3757,0,0,56.15856867,0,15.5200842,3.002981933,0,17.07770567,1.999649184,0,6.241010349,0,0,0,0,0,0,122.682
3758,0,0,55.97560976,0,16.33449477,3.648083624,0,17.07665505,2.027874564,0,4.93728223,0,0,0,0,0,0,122.711
3759,0,0,55.94913715,0,16.16013414,4.83127227,0,16.86578635,2.07503668,0,4.11863341,0,0,0,0,0,0,132.014
3760,0,0,57.05894693,0,14.14586393,0.048947626,0,17.52674638,1.811062163,0,8.460946787,0.94748619,0,0,0,0,0,131.99
3762,0,0,57.46879334,0,13.7517337,0.065880721,0,15.91539528,1.962552011,0,7.881414702,2.954230236,0,0,0,0,0,134.135
3763,0,0,57.17502772,0,14.49556541,0.045038803,0,17.72796563,1.863913525,0,7.618486696,0,0,0,1.074002217,0,0,127.96
3794,1.787048991,0,60.52524292,0,5.374736699,0.716858055,1.481280152,25.06964735,0,2.35781749,0.754229802,0,0,0.642114561,0,1.291023986,0,90.3
3795,1.910428028,1.137002148,60.36688151,0,3.754751281,0,2.022806148,24.15468518,0,4.33647331,1.057676417,0,0,0,0,1.259295984,0,90.7
3796,1.911789368,0.81838001,60.02683213,0,3.400972665,1.143719604,2.025825927,23.64246185,0,4.709039074,1.173905752,0,0,0,0,1.147073621,0,91.4
3810,7.156133829,8.190830235,58.37670384,0,0,7.069392813,5.941759603,13.04213135,0,0,0,0.223048327,0,0,0,0,0,80
3811,6.226734349,4.27749577,55.40101523,0,4.805414552,12.00676819,6.20642978,10.84263959,0,0,0,0.233502538,0,0,0,0,0,91
3812,7.161635391,8.201130148,57.55597861,0,2.876741305,7.08004714,4.200284048,10.68806092,2.012510199,0,0,0.223612244,0,0,0,0,0,89
3814,9.696306782,5.983785871,56.53069103,0,0.875048256,9.432505469,5.147342684,10.39441513,0.894350791,0,0,0.678805816,0,0,0.366748166,0,0,87
3815,11.766536,5.55659262,56.3032792,0,0,8.72378819,5.86148964,9.36469417,1.984941821,0,0,0.438678365,0,0,0,0,0,91
3817,7.583057786,4.339474099,56.80995119,0,3.048338844,9.36860337,6.298220753,9.422138246,2.128798614,0,0,0.236183278,0,0,0.765233821,0,0,104
3818,6.119373649,8.399397235,56.38799712,0,0.589661272,11.33460001,4.658324052,10.34200354,0,1.939330407,0,0.229312717,0,0,0,0,0,96
3819,9.978675151,2.6808381,55.57661713,0,3.005788173,9.711268321,5.483532478,12.4090309,0,0,0,0.700673594,0,0,0.453576143,0,0,95
3834,0.822763113,0,59.85601646,0,5.142269455,0.445663353,2.331162153,23.24305794,0,3.428179637,0.651354131,0,0,1.028453891,0,3.051079877,0,90.3
3835,0.862354892,1.194029851,59.40298507,0,3.515754561,0,3.11774461,21.92371476,0,6.169154229,0.895522388,0,0,0,0,2.918739635,0,90.7
3836,0.869856139,0.869856139,59.11676146,0,3.211776514,0.702576112,3.144864503,21.64603546,0,6.758113081,1.003680161,0,0,0,0,2.676480428,0,91.4
3840,4.7451719,12.47575408,61.08565485,0,0,0,3.82312428,16.23141146,0,0.562224159,0.632502179,0.444157085,0,0,0,0,0,48.9
3842,2.46442305,10.04855868,61.05762484,0,2.374603531,0.457518174,6.859965756,15.62017571,0,0,0.656805232,0.460325034,0,0,0,0,0,51.8
3848,0,4.069529007,62.89788321,0,0,2.870753021,7.041231585,20.24038613,0,0,2.880217042,0,0,0,0,0,0,36.5
3849,0,4.75638051,63.43265356,0,0,1.089876664,7.32079619,20.82671877,0,0,2.20722921,0,0,0.366345097,0,0,0,32.7
3850,0,4.750709859,63.4354105,0,0,1.099135957,7.315360425,20.83778585,0,0,2.195218759,0,0,0,0,0.366378652,0,31
3854,0,0,60.23704228,0,3.410578454,2.331505395,1.613302671,21.719441,0,3.743145233,3.56624801,0,0,1.701751283,1.52485406,0.152131612,0,83.2
3855,0,0,60.93026494,0,3.070709884,1.180238833,1.399575253,23.16958535,0,4.038575358,1.907878703,0,0,2.757372141,1.545799533,0,0,81.2
3856,0,0,61.06221754,0,3.391212749,0,2.059193313,23.50742465,0,4.46498352,2.082979374,0,0,1.916476945,1.51551191,0,0,82
3859,0,22.14257787,55.80607324,0,0,0,1.081715105,0,0,0,0,0,0,0,0,0,20.96963378,111
3860,1.563413658,5.484258148,62.38266704,0,2.788292863,0,2.812913551,23.0080325,0,1.034068876,0.624749946,0,0,0,0.301603422,0,0,52.2
3861,1.577257567,5.143231196,62.20504348,0,2.481219413,0.486269131,2.381471899,23.19129703,0,1.664536642,0.551728437,0,0,0,0.317945201,0,0,55.1
3862,1.308278565,5.615724027,62.2851677,0,2.900428893,0,2.443765621,23.09543645,0,1.450214447,0.626369218,0,0,0,0.274615076,0,0,55
3863,1.300582488,4.814004376,62.2553703,0,4.493481678,0,3.242210374,23.0653065,0,0,0.514685487,0,0,0,0.314358801,0,0,55
3866,1.824443824,4.194979677,62.17071581,0,4.300474728,0,3.133823575,23.49747122,0,0.14893419,0.412671817,0,0,0,0.316485153,0,0,56
3867,1.565774874,4.839107385,62.33818271,0,3.630871656,0,2.866477623,23.49278757,0,0.776722969,0.172605104,0,0,0,0.317470102,0,0,54.1
3907,0,0,59.79133755,0,9.689310163,0,1.263823065,22.12677725,0,3.640073723,0,3.488678252,0,0,0,0,0,104
3910,0,4.363837231,63.11913092,0,0,2.108267354,8.021849874,20.04541828,0,0,1.73080464,0,0,0.546246854,0,0.064444854,0,33.8
3911,0,3.562945368,62.935992,0,0,3.028503563,8.057257157,20.06188274,0,0,1.737717215,0,0,0.550068759,0,0.065633204,0,35.4
3913,0,3.797237266,63.1260269,0,0,2.069007485,9.097547618,19.80466135,0,0,1.66737662,0,0,0.039554555,0,0.398588207,0,32.4
3914,0,4.091315198,63.05493084,0,0,2.270556702,8.182630395,19.97288888,0,0,1.814596876,0,0,0.372777966,0,0.240303152,0,34.4
3915,0,3.822950012,63.05097267,0,0,2.283920217,8.513912829,19.93351391,0,0,1.828367397,0,0,0.098497907,0,0.467865058,0,34.2
3916,0,3.807114429,63.002499,0,0,2.273779039,8.484250147,19.85931571,0,0,1.820257304,0,0,0.687995557,0,0.064788819,0,35.5
3917,0,3.837062959,63.1764742,0,0,2.108849802,8.416981306,20.22592627,0,0,1.660680848,0,0,0.509561961,0,0.064462658,0,33.1
3918,0,4.678896292,63.05558091,0,0,2.093030331,8.366036932,19.5886952,0,0,1.648869824,0,0,0.505004411,0,0.0638861,0,33.3
3919,0,3.791644796,63.20745978,0,0,2.111958502,8.040263069,20.49896563,0,0,1.735264149,0,0,0.549603236,0,0.064840831,0,33.7
3920,0,4.896057131,63.064726,0,0,2.236209036,8.454625231,19.45411081,0,0,1.216449299,0,0,0.677822495,0,0,0,32.6
3921,0,4.879084868,63.00937585,0,0,2.973571624,8.417028249,19.37069515,0,0,0.676639257,0,0,0.673605,0,0,0,31.6
3922,0,5.156605747,63.42994277,0,0,2.224478494,6.448833918,21.05716571,0,0,1.067626608,0,0,0.615346748,0,0,0,31.4
3924,0,4.640700111,63.18870948,0,0,3.666954271,7.352397387,20.38087021,0,0,0.526932084,0,0,0.191051399,0,0.052385061,0,29.9
3925,0,5.157962605,63.37539529,0,0,2.935126339,6.686930091,20.82834423,0,0,0.635534678,0,0,0.380706764,0,0,0,29.8
3926,0,4.3770026,63.30028414,0,0,2.267093888,8.566592104,20.12877093,0,0,0.145094009,0,0,1.17586603,0,0.039296294,0,30.4
3927,0,4.328820351,63.24145468,0,0,2.04298464,8.475502398,20.08074798,0,0,1.253718657,0,0,0.525165442,0,0.051605853,0,31.2
3928,0,3.807725113,63.19909833,0,0,2.991348849,8.870476423,20.05909589,0,0,0.392957232,0,0,0.67929816,0,0,0,30
3929,0,4.376393996,63.38537585,0,0,1.461812044,8.571945265,20.29658207,0,0,1.377418771,0,0,0,0,0.530472,0,30.7
3930,0,4.399038462,63.44651442,0,0,1.469350962,8.611778846,20.38762019,0,0,1.018629808,0,0,0,0,0.667067308,0,30
3931,0,4.411235146,63.46777098,0,0,1.01728484,8.636418197,20.41171528,0,0,1.386388189,0,0,0,0,0.669187372,0,30.1
3932,0,4.981208614,63.38364255,0,0,1.014138281,8.596313309,19.97852413,0,0,1.381017718,0,0,0,0,0.665155402,0,30.8
3933,0,4.359656549,63.31781352,0,0,1.45724997,8.537912686,20.18684242,0,0,1.732373927,0,0,0,0,0.408150925,0,31.3
3934,0,5.517906087,63.47097979,0,0,1.105388392,7.30098491,20.53251408,0,0,1.478871118,0,0,0,0,0.593355622,0,31.1
3936,0,4.900291829,63.78283074,0,0,0.258390078,6.736381323,21.7473249,0,0,1.556420233,0,0,0,0,1.018360895,0,31.9
3937,0,5.764357463,63.55448356,0,0,0.998381828,6.063566696,21.19500504,0,0,2.005923122,0,0,0,0,0.418282295,0,32.4
3938,0,5.778373766,63.59563574,0,0,0.496769475,6.077044984,21.26356211,0,0,2.368036084,0,0,0,0,0.420577837,0,33.4
3939,0,4.462132176,63.45574047,0,0,1.284370478,8.327303425,20.51676315,0,0,0.922575977,0,0,0.220091655,0,0.811022672,0,30.5
3940,0,4.407198625,63.4823501,0,0,1.287191391,8.338106291,20.59204775,0,0,0.925451421,0,0,0.021101498,0,0.94655292,0,30.8
3941,0,4.430992736,63.38075061,0,0,1.277239709,8.274818402,20.40859564,0,0,1.467917676,0,0,0.021186441,0,0.738498789,0,32
3942,0,4.711532616,63.52665816,0,0,1.273633656,7.441181835,20.97695909,0,0,1.316189434,0,0,0.018238191,0,0.735607028,0,31.4
3943,0,4.035536817,63.50850775,0,0,0.511971089,8.715554886,20.64146966,0,0,1.846107514,0,0,0.03915073,0,0.701701551,0,31.8
3944,0,4.513585894,63.31357386,0,0,1.438329371,8.678121145,20.0312942,0,0,0.92378058,0,0,0.400204616,0,0.701110342,0,31.8
3946,0,5.592727055,63.54226049,0,0,0.969125986,7.314950944,20.63068199,0,0,0.951123646,0,0,0.198025743,0,0.801104144,0,30.4
3947,0,5.65060241,63.61746988,0,0,0.96686747,6.873493976,20.97289157,0,0,0.951807229,0,0,0.09939759,0,0.86746988,0,30.4
4004,0,4.45663973,63.45736341,0,0,1.284525389,8.322277168,20.52526836,0,0,0.922687251,0,0,0.2201182,0,0.811120492,0,30.5
4012,0,0,63.32306442,0,5.20667592,0,0.440096144,25.93520431,0,0,2.000744778,0,0,0,3.094214428,0,0,51
4013,0,0,64.38752254,0,2.741776372,0,0.449025411,26.75443072,0,0,2.051229717,0,0,0,3.166989829,0.449025411,0,41.3
4014,0,0,62.29007109,0,6.243775114,0,0.487687605,22.61221967,0,0,1.902668544,1.243259951,0,0,3.602706323,1.617611705,0,63
4015,0,0,62.89646918,0,2.220892347,0,2.885830175,23.17973269,0,2.606556287,1.313252211,0,0,0,3.584014895,1.313252211,0,59
4016,0,0,61.32088914,0,5.66400684,5.649757766,0.448845825,20.80008549,0,0,1.624394414,1.139925905,0,0,3.309347392,0.042747221,0,65.1
4017,0,0,64.11637201,0,1.551175235,0,0.941543047,25.98387862,0,1.537627853,1.290388132,0,0,0,3.322495428,1.256519678,0,46
4018,0,0,62.09254695,0,5.929114451,0.583191585,0.45822196,23.50123234,0,0,3.401950915,0,0,0,3.419307807,0.614433992,0,64.3
4019,0,2.50633339,61.89495018,0,5.701739571,0.567471711,0.44587063,21.94561729,0,0,3.15149468,0,0,0,3.219050836,0.567471711,0,62.9
4020,0,0,63.94319188,0,1.539404673,0,0.939990464,25.65901505,0,1.518970097,1.273755194,0,0,1.839111777,3.286560861,0,0,48.2
4022,10.12145749,0,63.56275304,0,0,0,1.214574899,0,21.05263158,0,0,0,0,0,0,4.048582996,0,145
4023,10,0,64,0,0,0,0,0,22,0,0,0,0,0,0,0,4,139
4024,8,0,64,0,0,0,0,0,22,2,0,0,0,0,0,0,4,121
4025,6,0,64,0,0,0,0,0,22,4,0,0,0,0,0,0,4,141
4026,5,0,64,0,0,0,0,0,22,5,0,0,0,0,0,0,4,155
4027,4,0,64,0,0,0,0,0,22,6,0,0,0,0,0,0,4,158
4028,2,0,64,0,0,0,0,0,22,8,0,0,0,0,0,0,4,169
4029,0,0,64,0,0,0,0,0,22,10,0,0,0,0,0,0,4,181
4042,18.10824809,0,56.94354525,0,0,0,1.217143597,21.68522595,0.835167681,1.210669429,0,0,0,0,0,0,0,100
4043,0,6.369426752,55.41401274,0,17.8343949,0,1.27388535,12.7388535,0,0,0,3.184713376,0,0,0,0,3.184713376,132
4044,0,7.453416149,55.27950311,0,17.39130435,0,2.48447205,12.42236025,0,0,0,1.863354037,0,0,0,0,3.105590062,121
4045,0,7.692307692,55.12820513,0,15.38461538,0,2.564102564,12.82051282,0,0,0,0,0,0,0,0,6.41025641,133
4046,0,7.594936709,55.69620253,0,13.92405063,0,3.797468354,12.65822785,0,0,0,0,0,0,0,0,6.329113924,122
4047,0,7.36196319,55.82822086,0,15.95092025,0,3.680981595,12.26993865,0,0,0,1.840490798,0,0,0,0,3.067484663,100
4048,0,0,55.62932819,0,8.852716499,0,0,14.89612337,0,8.495752124,0,5.036767331,0,0,0,0,7.089312487,143
4049,3.80952381,9.26984127,52.44444444,0,13.65079365,0,0,11.42857143,0,4.888888889,0,0,0,0,0,0,4.507936508,118
4050,0,0,56.49278579,0,13.02256752,0,0,19.49685535,0,0,0,0,0,0,0,0,10.98779134,140
4051,0,0,58.27338129,0,11.51079137,0,0,17.26618705,0,0,0,5.035971223,0,0,0,0,7.913669065,117
4052,0,9.215686275,55.75163399,0,10.58823529,0,0,13.85620915,0,3.333333333,0,0,0,0,0,0,7.254901961,106
4053,0,35.57772236,58.43724023,0,3.906899418,0,2.078137988,0,0,0,0,0,0,0,0,0,0,93.6
4054,0,33.63749482,58.52343426,0,3.691414351,0,4.147656574,0,0,0,0,0,0,0,0,0,0,81.2
4055,0,31.70529801,58.60927152,0,3.476821192,0,6.208609272,0,0,0,0,0,0,0,0,0,0,75.6
4056,0,29.7810822,58.69475423,0,3.263114416,0,8.261049153,0,0,0,0,0,0,0,0,0,0,66.1
4057,0,33.61884368,57.17344754,0,7.066381156,0,2.141327623,0,0,0,0,0,0,0,0,0,0,92.4
4058,0,31.74061433,57.33788396,0,6.655290102,0,4.266211604,0,0,0,0,0,0,0,0,0,0,94.6
4059,0,29.84693878,57.4829932,0,6.292517007,0,6.37755102,0,0,0,0,0,0,0,0,0,0,84.1
4060,0,27.99661161,57.64506565,0,5.887335875,0,8.47098687,0,0,0,0,0,0,0,0,0,0,77.9
4061,0,26.16033755,57.80590717,0,5.485232068,0,10.54852321,0,0,0,0,0,0,0,0,0,0,68.4
4062,0,31.53710247,55.83038869,0,10.42402827,0,2.208480565,0,0,0,0,0,0,0,0,0,0,102.4
4063,0,29.73210365,56.08256478,0,9.793588054,0,4.391743522,0,0,0,0,0,0,0,0,0,0,100.3
4064,0,27.91612058,56.31280035,0,9.217999126,0,6.553079948,0,0,0,0,0,0,0,0,0,0,101.1
4065,0,26.15117289,56.55951347,0,8.601216334,0,8.688097307,0,0,0,0,0,0,0,0,0,0,94.7
4066,0,24.37337943,56.78478825,0,8.038029386,0,10.80380294,0,0,0,0,0,0,0,0,0,0,86.8
4067,0,22.61392949,57.00773861,0,7.480653482,0,12.89767842,0,0,0,0,0,0,0,0,0,0,80.4
4068,0,28.9967934,54.19147962,0,14.52130096,0,2.290426019,0,0,0,0,0,0,0,0,0,0,122.5
4069,0,27.27272727,54.54545455,0,13.63636364,0,4.545454545,0,0,0,0,0,0,0,0,0,0,117.4
4070,0,25.57510149,54.8940009,0,12.76499774,0,6.765899865,0,0,0,0,0,0,0,0,0,0,115
4071,0,22.22222222,55.55555556,0,11.11111111,0,11.11111111,0,0,0,0,0,0,0,0,0,0,107.7
4072,0,20.59991178,55.88883988,0,10.27790031,0,13.23334804,0,0,0,0,0,0,0,0,0,0,96.9
4073,0,23.86923421,55.2171966,0,11.95700851,0,8.956560681,0,0,0,0,0,0,0,0,0,0,112.7
4074,0,25.19869098,53.24918186,0,16.87704535,0,4.675081814,0,0,0,0,0,0,0,0,0,0,130
4075,0,23.5757295,53.68226031,0,15.79434924,0,6.947660954,0,0,0,0,0,0,0,0,0,0,128
4076,0,21.98256081,54.10738871,0,14.73152822,0,9.178522258,0,0,0,0,0,0,0,0,0,0,125.9
4077,0,20.41837199,54.52478399,0,13.68804002,0,11.368804,0,0,0,0,0,0,0,0,0,0,121.2
4078,0,18.88237945,54.93465525,0,12.66336187,0,13.51960342,0,0,0,0,0,0,0,0,0,0,113.9
4079,0,17.3738276,55.33720411,0,11.65698973,0,15.63197856,0,0,0,0,0,0,0,0,0,0,100.6
4080,0,20.48192771,51.80722892,0,20.48192771,0,7.228915663,0,0,0,0,0,0,0,0,0,0,153.7
4081,0,19.04761905,52.38095238,0,19.04761905,0,9.523809524,0,0,0,0,0,0,0,0,0,0,145.9
4082,0,17.64705882,52.94117647,0,17.64705882,0,11.76470588,0,0,0,0,0,0,0,0,0,0,136.2
4083,0,16.27906977,53.48837209,0,16.27906977,0,13.95348837,0,0,0,0,0,0,0,0,0,0,131.4
4084,0,15.38355026,53.84473368,0,15.38816579,0,15.38355026,0,0,0,0,0,0,0,0,0,0,130
4085,15.36686664,30.77988002,53.85325335,0,0,0,0,0,0,0,0,0,0,0,0,0,0,81.7
4086,4.123281966,37.52603082,58.35068721,0,0,0,0,0,0,0,0,0,0,0,0,0,0,85.2
4087,3.906899418,35.57772236,58.43724023,0,0,0,2.078137988,0,0,0,0,0,0,0,0,0,0,78.8
4088,3.691414351,33.63749482,58.52343426,0,0,0,4.147656574,0,0,0,0,0,0,0,0,0,0,69.5
4089,3.476821192,31.70529801,58.60927152,0,0,0,6.208609272,0,0,0,0,0,0,0,0,0,0,62.5
4090,6.157112527,36.30573248,57.53715499,0,0,0,0,0,0,0,0,0,0,0,0,0,0,72.9
4091,5.842506351,34.46232007,57.66299746,0,0,0,2.032176122,0,0,0,0,0,0,0,0,0,0,72.4
4092,5.529759392,32.67201351,57.78809624,0,0,0,4.010130857,0,0,0,0,0,0,0,0,0,0,68.3
4093,5.263157895,30.82105263,57.89473684,0,0,0,6.021052632,0,0,0,0,0,0,0,0,0,0,64.3
4094,4.909777591,28.99706253,58.03608896,0,0,0,8.057070919,0,0,0,0,0,0,0,0,0,0,60.4
4095,8.225108225,32.9004329,56.70995671,0,0,0,2.164502165,0,0,0,0,0,0,0,0,0,0,71.6
4096,7.75862069,31.03448276,56.89655172,0,0,0,4.310344828,0,0,0,0,0,0,0,0,0,0,71.1
4097,7.296137339,29.18454936,57.08154506,0,0,0,6.43776824,0,0,0,0,0,0,0,0,0,0,67.9
4098,6.837606838,27.35042735,57.26495726,0,0,0,8.547008547,0,0,0,0,0,0,0,0,0,0,61.2
4099,6.382978723,25.53191489,57.44680851,0,0,0,10.63829787,0,0,0,0,0,0,0,0,0,0,59.5
4100,10.42402827,31.53710247,55.83038869,0,0,0,2.208480565,0,0,0,0,0,0,0,0,0,0,74.3
4101,9.793588054,29.73210365,56.08256478,0,0,0,4.391743522,0,0,0,0,0,0,0,0,0,0,73.3
4102,9.217999126,27.91612058,56.31280035,0,0,0,6.553079948,0,0,0,0,0,0,0,0,0,0,72.3
4103,8.601216334,26.15117289,56.55951347,0,0,0,8.688097307,0,0,0,0,0,0,0,0,0,0,70
4104,8.038029386,24.37337943,56.78478825,0,0,0,10.80380294,0,0,0,0,0,0,0,0,0,0,65.7
4105,23.76237624,23.76237624,50.4950495,0,0,0,1.98019802,0,0,0,0,0,0,0,0,0,0,85.5
4106,22.24938875,22.24938875,51.1002445,0,0,0,4.400977995,0,0,0,0,0,0,0,0,0,0,85
4107,21.0653753,21.0653753,51.57384988,0,0,0,6.295399516,0,0,0,0,0,0,0,0,0,0,82.3
4108,19.61722488,19.61722488,52.15311005,0,0,0,8.612440191,0,0,0,0,0,0,0,0,0,0,79.3
4109,18.20330969,18.20330969,52.71867612,0,0,0,10.87470449,0,0,0,0,0,0,0,0,0,0,76.6
4110,17.98017933,26.85228882,52.80792827,0,0,0,2.359603587,0,0,0,0,0,0,0,0,0,0,99.6
4111,16.87704535,25.19869098,53.24918186,0,0,0,4.675081814,0,0,0,0,0,0,0,0,0,0,96.2
4112,15.79434924,23.5757295,53.68226031,0,0,0,6.947660954,0,0,0,0,0,0,0,0,0,0,91.7
4113,14.73152822,21.98256081,54.10738871,0,0,0,9.178522258,0,0,0,0,0,0,0,0,0,0,89.4
4114,13.68804002,20.41837199,54.52478399,0,0,0,11.368804,0,0,0,0,0,0,0,0,0,0,84.8
4115,12.66336187,18.88237945,54.93465525,0,0,0,13.51960342,0,0,0,0,0,0,0,0,0,0,79.9
4116,23.45679012,23.45679012,50.61728395,0,0,0,2.469135802,0,0,0,0,0,0,0,0,0,0,121.6
4117,21.95121951,21.95121951,51.2195122,0,0,0,4.87804878,0,0,0,0,0,0,0,0,0,0,115.3
4118,20.48192771,20.48192771,51.80722892,0,0,0,7.228915663,0,0,0,0,0,0,0,0,0,0,109.1
4119,19.04761905,19.04761905,52.38095238,0,0,0,9.523809524,0,0,0,0,0,0,0,0,0,0,104.9
4120,17.64705882,17.64705882,52.94117647,0,0,0,11.76470588,0,0,0,0,0,0,0,0,0,0,97.9
4121,16.27906977,16.27906977,53.48837209,0,0,0,13.95348837,0,0,0,0,0,0,0,0,0,0,89
4122,0,0,58.66322888,0,3.339944466,8.607695359,0,18.99642999,0,0,10.39270131,0,0,0,0,0,0,82
4123,0,0,58.65296894,0,3.363611122,7.702986791,0,18.98774345,0,0,11.2926897,0,0,0,0,0,0,90
4124,0,0,58.64435014,0,3.387141554,6.782215524,0,18.98227105,0,0,12.20402173,0,0,0,0,0,0,90
4125,0,0,58.63805822,0,3.402871421,5.853890696,0,18.97755215,0,0,13.12762751,0,0,0,0,0,0,89
4126,0,0,58.62944162,0,3.426395939,4.909581218,0,18.97208122,0,0,14.0625,0,0,0,0,0,0,91
4127,0,0,59.91501984,0,0,10.20964445,0,19.83003968,0,0,10.04529603,0,0,0,0,0,0,67
4128,0,0,60.31356252,0,0,7.51038912,3.815640348,18.71930487,0,0,9.641103136,0,0,0,0,0,0,66
4129,0,0,60.4952041,0,0,6.955907502,4.654621161,18.66309763,0,0,9.231169604,0,0,0,0,0,0,66
4130,0,0,60.53095395,0,0,6.42211941,5.500477344,18.31166924,0,0,9.234780054,0,0,0,0,0,0,66
4131,0,0,60.56705703,0,0,5.888111381,6.352198978,17.95801458,0,0,9.234618034,0,0,0,0,0,0,57
4132,0,0,60.65925423,0,0,5.605806013,7.178863823,17.72907654,0,0,8.826999392,0,0,0,0,0,0,68
4133,0,0,60.72918877,0,0,5.074616309,7.815262748,17.55074616,0,0,8.83018601,0,0,0,0,0,0,54
4134,0,0,60.71178121,0,0,4.807152875,8.450210379,17.19845722,0,0,8.832398317,0,0,0,0,0,0,52
4135,0,0,60.89354661,0,0,4.260893547,9.266409266,17.15388858,0,0,8.425261997,0,0,0,0,0,0,58
4136,0,0,60.92931492,0,0,3.731546364,10.10953126,16.80386421,0,0,8.425743248,0,0,0,0,0,0,56
4137,0,0,61.0368733,0,0,3.191667504,10.94477377,16.60135972,0,0,8.225325697,0,0,0,0,0,0,55
4138,0,0,61.53562767,0,0,0,15.5281982,15.30715623,0,0,7.629017898,0,0,0,0,0,0,41
4139,0,4.689698296,63.18586838,0,0,1.722682507,6.409254338,20.82226043,0,0,2.729404408,0,0,0,0,0.44083164,0,37.4
4140,0,4.685011088,63.18518287,0,0,1.72096074,6.477808664,20.78895587,0,0,2.654839616,0,0,0.156167036,0,0.331074117,0,37
4141,0,4.576515579,63.16218419,0,0,1.924644223,6.407121811,20.83254968,0,0,2.658140555,0,0,0,0,0.43884396,0,37.1
4142,0,5.747161612,63.46053799,0,0,1.542369251,6.126633412,20.98417847,0,0,1.640297457,0,0,0.250941029,0,0.247880772,0,33.5
4143,0,5.809506465,63.17003582,0,0,1.608693013,7.145025193,19.8628058,0,0,1.65725733,0,0,0.391549809,0,0.355126571,0,35.2
4144,0,4.695510817,63.14555458,0,0,1.572464674,6.489933725,20.6983869,0,0,2.98549456,0,0,0,0,0.412654746,0,38
4146,0,4.718884853,63.45658315,0,0,1.629877992,6.277358666,21.41504455,0,0,1.83167241,0,0,0,0,0.670578374,0,35
4147,12.48880931,1.074306177,57.36027625,0,3.011894104,1.387645479,4.757641642,19.25118302,0,0,0,0,0,0,0.303747282,0.364496739,0,86
4148,14.74116162,1.054292929,57.24431818,0,1.186868687,0.909090909,5.397727273,18.63005051,0,0,0,0,0,0,0.596590909,0.23989899,0,81
4149,15.73019368,1.040171022,57.40403944,0,0,0.896589132,4.6073833,19.84939855,0,0,0,0,0,0,0,0.472224881,0,80
4150,15.41753153,1.021874501,57.01421044,0,1.143222098,0.881366757,4.521794667,19.53696312,0,0,0,0,0,0,0,0.463036883,0,86
4152,13.70758435,1.070204108,57.11173059,0,1.800762601,1.755903746,5.113909449,18.58438271,0,0,0.067288282,0,0,0,0.301195168,0.487038995,0,85
4153,13.47705415,1.05208804,57.42593429,0,1.768540631,1.81694959,4.305170077,19.79603692,0,0,0,0,0,0,0,0.358226296,0,85
4154,14.66734837,1.048124241,56.91186809,0,1.17594427,1.811848917,5.374832236,18.53390426,0,0,0,0,0,0,0,0.47612961,0,89
4155,18.25897036,0,55.71606864,0,0,0,7.132605304,16.64586583,0,0.773790952,0.583463339,0,0,0.034321373,0.736349454,0.118564743,0,89
4160,0,0,63.23618162,0,2.101601051,5.378252689,0.426000213,25.21566261,0,0,1.547800774,0,0,0,2.094501047,0,0,44.9
4161,0,0,62.89978678,0,5.199807415,1.392805557,0.220097668,25.20118302,0,0,1.998074145,0,0,0,3.088245409,0,0,53
4162,0,0,63.02727878,0,5.209580838,0,2.202262142,24.46107784,0,0,2.002661344,0,0,0,3.097139055,0,0,53.6
4163,0,0,61.01423423,0,2.249808875,5.751938549,0.451417962,21.14747534,0,2.460955987,3.309184899,1.073937894,0,0,1.936728676,0.604317594,0,70.5
4164,0,0,62.5,0,2.270889488,0.579514825,2.850404313,21.39150943,0,2.493261456,3.349056604,1.175876011,0,0,3.389487871,0,0,63
4166,7.227998986,8.274156733,56.09307634,0,2.903880294,9.383717981,6.004311438,8.987446107,0,0,0,1.125412123,0,0,0,0,0,90
4167,7.600684391,4.349828902,57.36707028,0,3.053435115,7.515135562,4.455119768,14.18136352,0,0,0,0.710713346,0,0,0.766649118,0,0,85
4168,9.436469101,7.343076574,56.21374639,0,1.140672089,9.400823099,4.841375288,11.29330179,0,0,0,0.330535662,0,0,0,0,0,87
4169,7.460518589,4.271100535,59.08458757,0,0,7.37089347,6.193404827,12.36208548,2.09537349,0,0,1.162036035,0,0,0,0,0,80
4187,0,0.758191172,62.47292174,0,0,2.382886542,6.600324939,20.99241809,0,0,1.712699702,0,0,3.709721094,0.274167344,1.096669374,0,53.9
4189,0,0.666529238,62.55067684,0,0.748986463,2.41187384,4.768776197,22.66542981,0,0,2.064866351,0,0,3.576582148,0.092764378,0.453514739,0,57.5
4190,0,0.334163281,62.22644476,0,0,2.034464684,9.192766348,19.88271524,0,0.497968811,1.546324204,0,0,3.616826104,0.05569388,0.612632682,0,54
4197,0,1.531054072,59.96743912,0,7.745332363,3.055180297,0.956042814,22.84110984,0,0.554227718,3.349613773,0,0,0,0,0,0,89
4198,0,1.990049751,59.86733002,0,7.960199005,1.326699834,2.653399668,22.05638474,0,1.326699834,2.819237148,0,0,0,0,0,0,92
4199,0,3.344481605,60.53511706,0,7.692307692,1.505016722,0.668896321,23.07692308,0,0.334448161,2.842809365,0,0,0,0,0,0,84
4200,0,3.310926056,60.59329119,0,7.618474299,1.655463028,0.662185211,23.17648239,0,0.334436975,2.648740845,0,0,0,0,0,0,83
4201,0,2.006688963,59.86622074,0,9.030100334,1.672240803,2.006688963,22.40802676,0,0.334448161,2.675585284,0,0,0,0,0,0,92
4202,0,1.680672269,59.83193277,0,9.075630252,1.680672269,2.016806723,22.5210084,0,0.336134454,2.857142857,0,0,0,0,0,0,93
4203,0,1.669449082,59.76627713,0,9.015025042,1.669449082,2.671118531,22.03672788,0,0.333889816,2.838063439,0,0,0,0,0,0,92
4204,0,1.16478246,59.74648852,0,9.112709832,1.88420692,1.370332306,22.95306612,0,0.342583076,3.425830764,0,0,0,0,0,0,95
4205,0,1.234567901,59.87654321,0,9.053497942,1.714677641,1.028806584,23.31961591,0,0.342935528,3.429355281,0,0,0,0,0,0,94
4206,0,0,59.97284879,0,9.621275411,2.036340852,0.724032303,24.43957115,0,0.090504038,3.115427458,0,0,0,0,0,0,93
4217,0,0,59.66901624,0,6.06803555,0.796812749,10.48115231,18.54121974,0,2.819491266,1.624272142,0,0,0,0,0,0,87
4218,0,0,59.66257669,0,6.134969325,0,10.42944785,18.55828221,0,2.760736196,2.45398773,0,0,0,0,0,0,90
4219,0,0,59.63302752,0,6.360856269,0,10.39755352,18.65443425,0,2.813455657,2.140672783,0,0,0,0,0,0,91
4220,0,0,59.60365854,0,6.524390244,0,10.36585366,18.75,0,2.926829268,1.829268293,0,0,0,0,0,0,92
4221,0,0,59.85312118,0,6.303549572,0,9.975520196,19.27784578,0,2.815177479,1.774785802,0,0,0,0,0,0,90
4222,0,0,60.10375418,0,6.071768426,0,9.62642355,19.78082696,0,2.701292323,1.715934555,0,0,0,0,0,0,88
4223,0,0,60.0921659,0,6.328725038,0,9.585253456,19.78494624,0,2.457757296,1.751152074,0,0,0,0,0,0,87
4224,0,0,59.91458206,0,6.589383771,0,10.00610128,19.40207444,0,2.562538133,1.525320317,0,0,0,0,0,0,88
4225,0,0,59.63794529,0,6.24253377,0,10.4021809,18.60507857,0,2.818023096,2.294238368,0,0,0,0,0,0,87
4226,0,0,59.63794529,0,6.671363372,0,10.4021809,18.60507857,0,2.389193494,2.294238368,0,0,0,0,0,0,89
4227,1.230126494,11.07113845,60.77521179,1.932226993,2.367413253,0,5.756063595,16.490658,0,0,0,0.229198097,0,0,0.147963328,0,0,45
4228,1.376377116,10.26670999,60.86776737,0.19789113,5.552766045,0,1.837138553,19.42582036,0,0.159494344,0,0,0,0,0,0.316035089,0,65
4249,0.258923618,5.856605635,62.55779545,0,4.968867517,0,2.151531965,23.72541767,0,0,0.480858147,0,0,0,0,0,0,53.1
4250,1.275769622,5.861144495,62.53120089,0,3.999876737,0,2.169424671,23.68494037,0,0,0.477643216,0,0,0,0,0,0,50.5
4251,0,5.871661378,62.56738856,0,5.224731216,0,2.156433874,23.7330951,0,0,0.446689874,0,0,0,0,0,0,53.5
4252,0.193086266,4.634070383,62.63780754,0,5.207100592,0,2.404235441,24.45655559,0,0,0.467144192,0,0,0,0,0,0,53.9
4253,0,4.692374891,62.71371521,0,5.303881193,0,2.177711219,24.64432797,0,0,0.467989517,0,0,0,0,0,0,53.3
4254,0.258915637,5.837931141,62.54662023,0,3.150140246,0,2.145300989,23.74009802,0,1.867891379,0.453102364,0,0,0,0,0,0,55.5
4255,1.307840817,3.935978078,62.50544934,0,3.157501401,0,2.646820701,24.78358348,0,1.662826182,0,0,0,0,0,0,0,56.8
4256,0.647974323,6.12244898,62.32665173,0,3.124810755,0,3.040029068,22.8849997,0,1.853085448,0,0,0,0,0,0,0,56.8
4257,0,6.087565888,62.33509034,0,5.283202827,0,3.022455135,22.75677158,0,0,0.514914232,0,0,0,0,0,0,54.2
4258,0,3.37200408,62.7645334,0,2.294747578,1.300356961,4.971953085,22.5490821,0,0.089240184,1.568077511,0,0,0.283656298,0,0.806348802,0,50.6
4259,0,4.23723438,62.83222328,0,1.122740247,2.090072946,5.099904853,21.59213448,0,0.444021567,1.278147796,0,0,0.101490644,0.187123375,1.014906438,0,46.9
4260,0,4.106318638,62.53700462,0,1.477001432,2.062708897,5.271367181,21.06000318,0,0.407448671,1.521566131,0,0,0.184625179,0.26738819,1.104567882,0,50.9
4261,0,3.048162231,62.93726236,0,1.432192649,1.020278834,6.273764259,21.47338403,0,0,1.891634981,0,0,0.449936629,0.456273764,1.017110266,0,47.2
4262,0,3.095601322,62.63666412,0,1.137808289,1.172768879,6.604373252,20.61721332,0,0.324180015,2.177091279,0,0,0.584795322,0.53712179,1.112382405,0,49.7
4263,0,1.856884058,63.26669255,0,0.763457557,0.268504141,5.732401656,23.32751035,0,0.414078675,3.03765528,0,0,0.614648033,0,0.718167702,0,48.1
4264,0,1.904452389,63.07442314,0,1.793955151,0.529736757,5.154371141,23.5001625,0,0,2.856678583,0,0,0.474488138,0.016249594,0.695482613,0,51
4265,0,0.630086637,62.90693095,0,3.478603308,0,4.443423471,25.01640851,0,0,1.178130743,0,0,1.699921239,0,0.646495143,0,58.9
4286,0,6.536950651,63.64473361,0,3.087404861,0,1.460839676,24.95703413,0,0.245519273,0.0675178,0,0,0,0,0,0,40.6
4287,0,6.034696406,63.67100372,0,2.862453532,0,1.474597274,25.18277571,0,0.328376704,0.446096654,0,0,0,0,0,0,41.1
4288,0,5.821334572,63.64143056,0,2.929246013,0,1.628735098,25.2268153,0,0.408732002,0.343706456,0,0,0,0,0,0,40.9
4289,0,5.813127413,63.72818533,0,2.922007722,0,1.624710425,25.4023166,0,0.407722008,0.101930502,0,0,0,0,0,0,40.3
4290,0,5.821218682,63.67769873,0,2.926074853,0,1.626971853,25.29848438,0,0.408289514,0.241261986,0,0,0,0,0,0,41.3
4291,0,5.817260138,63.70239862,0,2.924085064,0,1.62586548,25.34928289,0,0.408011869,0.173095945,0,0,0,0,0,0,41.1
4292,0,5.822722215,63.75015453,0,2.614661887,0,1.631845716,25.38941773,0,0.618123377,0.173074546,0,0,0,0,0,0,41.2
4293,0,5.806991966,63.60083134,0.161305332,2.915904085,0,1.625461426,25.30942706,0,0.409467382,0.170611409,0,0,0,0,0,0,41
4294,0,5.689730883,63.53428267,0.457938649,2.546891663,0,1.474186061,25.4626435,0,0.48930431,0.34502227,0,0,0,0,0,0,39.8
4295,0,5.807229661,63.69399177,0.049475865,2.925260521,0,1.626519064,25.38730326,0,0.408175887,0.102043972,0,0,0,0,0,0,40.5
4321,0,37.37615606,59.34403901,0,0,0,0,0,0,0,0,0,0,0,0,0,3.279804925,75
4322,0,0,62.71186441,0,0,1.050847458,6.779661017,22.03389831,0,0,7.423728814,0,0,0,0,0,0,55
4323,0,0,62.71186441,0,0,2.13559322,6.779661017,22.03389831,0,0,6.338983051,0,0,0,0,0,0,53
4324,0,0,62.71186441,0,0,6.338983051,6.779661017,22.03389831,0,0,2.13559322,0,0,0,0,0,0,43
4325,0,0,62.71186441,0,0,7.423728814,6.779661017,22.03389831,0,0,1.050847458,0,0,0,0,0,0,41
4326,0,0,62.29508197,0,0,1.016393443,9.836065574,19.67213115,0,0,7.180327869,0,0,0,0,0,0,52.5
4327,0,0,62.29508197,0,0,2.06557377,9.836065574,19.67213115,0,0,6.131147541,0,0,0,0,0,0,50.5
4328,0,0,62.29508197,0,0,4.098360656,9.836065574,19.67213115,0,0,4.098360656,0,0,0,0,0,0,46
4329,0,0,62.29508197,0,0,6.131147541,9.836065574,19.67213115,0,0,2.06557377,0,0,0,0,0,0,42
4330,0,0,62.29508197,0,0,7.180327869,9.836065574,19.67213115,0,0,1.016393443,0,0,0,0,0,0,39.5
4331,0,0,61.9047619,0,0,0.984126984,12.6984127,17.46031746,0,0,6.952380952,0,0,0,0,0,0,50
4332,0,0,61.9047619,0,0,2,12.6984127,17.46031746,0,0,5.936507937,0,0,0,0,0,0,48
4333,0,0,61.9047619,0,0,3.968253968,12.6984127,17.46031746,0,0,3.968253968,0,0,0,0,0,0,44.5
4334,0,0,61.9047619,0,0,5.936507937,12.6984127,17.46031746,0,0,2,0,0,0,0,0,0,41
4335,0,0,61.9047619,0,0,6.952380952,12.6984127,17.46031746,0,0,0.984126984,0,0,0,0,0,0,39
4336,0,0,62.06896552,0,0,1.310344828,6.896551724,20.68965517,0,0,9.034482759,0,0,0,0,0,0,61.5
4337,0,0,62.06896552,0,0,2.586206897,6.896551724,20.68965517,0,0,7.75862069,0,0,0,0,0,0,58.5
4338,0,0,62.06896552,0,0,5.172413793,6.896551724,20.68965517,0,0,5.172413793,0,0,0,0,0,0,53
4339,0,0,62.06896552,0,0,7.75862069,6.896551724,20.68965517,0,0,2.586206897,0,0,0,0,0,0,48
4340,0,0,62.06896552,0,0,9.034482759,6.896551724,20.68965517,0,0,1.310344828,0,0,0,0,0,0,45
4341,0,0,61.66666667,0,0,2.5,10,18.33333333,0,0,7.5,0,0,0,0,0,0,55.5
4342,0,0,61.66666667,0,0,5,10,18.33333333,0,0,5,0,0,0,0,0,0,50.5
4343,0,0,61.66666667,0,0,7.5,10,18.33333333,0,0,2.5,0,0,0,0,0,0,45.5
4344,0,0,61.66666667,0,0,8.733333333,10,18.33333333,0,0,1.266666667,0,0,0,0,0,0,43
4345,0,0,61.29032258,0,0,4.838709677,12.90322581,16.12903226,0,0,4.838709677,0,0,0,0,0,0,47.5
4346,0,0,61.29032258,0,0,7.258064516,12.90322581,16.12903226,0,0,2.419354839,0,0,0,0,0,0,43.5
4347,0,0,61.29032258,0,0,8.451612903,12.90322581,16.12903226,0,0,1.225806452,0,0,0,0,0,0,42
4348,0,0,61.40350877,0,0,1.543859649,7.01754386,19.29824561,0,0,10.73684211,0,0,0,0,0,0,67
4349,0,0,61.40350877,0,0,3.087719298,7.01754386,19.29824561,0,0,9.192982456,0,0,0,0,0,0,65
4350,0,0,61.40350877,0,0,6.140350877,7.01754386,19.29824561,0,0,6.140350877,0,0,0,0,0,0,58.5
4351,0,0,61.40350877,0,0,9.192982456,7.01754386,19.29824561,0,0,3.087719298,0,0,0,0,0,0,53
4352,0,0,61.40350877,0,0,10.73684211,7.01754386,19.29824561,0,0,1.543859649,0,0,0,0,0,0,50
4353,0,0,61.01694915,0,0,1.491525424,10.16949153,16.94915254,0,0,10.37288136,0,0,0,0,0,0,63.5
4354,0,0,61.01694915,0,0,2.983050847,10.16949153,16.94915254,0,0,8.881355932,0,0,0,0,0,0,61
4355,0,0,61.01694915,0,0,5.93220339,10.16949153,16.94915254,0,0,5.93220339,0,0,0,0,0,0,55.5
4356,0,0,61.01694915,0,0,8.881355932,10.16949153,16.94915254,0,0,2.983050847,0,0,0,0,0,0,50
4357,0,0,61.01694915,0,0,10.37288136,10.16949153,16.94915254,0,0,1.491525424,0,0,0,0,0,0,47.5
4358,0,0,60.71428571,0,0,1.785714286,7.142857143,17.85714286,0,0,12.5,0,0,0,0,0,0,74
4359,0,0,60.71428571,0,0,3.571428571,7.142857143,17.85714286,0,0,10.71428571,0,0,0,0,0,0,71
4360,0,0,60.71428571,0,0,7.142857143,7.142857143,17.85714286,0,0,7.142857143,0,0,0,0,0,0,64
4361,0,0,60.71428571,0,0,10.71428571,7.142857143,17.85714286,0,0,3.571428571,0,0,0,0,0,0,57.5
4362,0,0,60.71428571,0,0,12.5,7.142857143,17.85714286,0,0,1.785714286,0,0,0,0,0,0,54
4363,0,0,60.34482759,0,0,1.724137931,10.34482759,15.51724138,0,0,12.06896552,0,0,0,0,0,0,68
4364,0,0,60.34482759,0,0,3.448275862,10.34482759,15.51724138,0,0,10.34482759,0,0,0,0,0,0,65
4365,0,0,60.34482759,0,0,6.896551724,10.34482759,15.51724138,0,0,6.896551724,0,0,0,0,0,0,59
4366,0,0,60.34482759,0,0,10.34482759,10.34482759,15.51724138,0,0,3.448275862,0,0,0,0,0,0,53.5
4367,0,0,60.34482759,0,0,12.06896552,10.34482759,15.51724138,0,0,1.724137931,0,0,0,0,0,0,50
4368,0,0,60,0,0,1.6,7.272727273,16.36363636,0,0,14.76363636,0,0,0,0,0,0,80.5
4369,0,0,60,0,0,4.109090909,7.272727273,16.36363636,0,0,12.25454545,0,0,0,0,0,0,77
4370,0,0,60,0,0,8.181818182,7.272727273,16.36363636,0,0,8.181818182,0,0,0,0,0,0,69.5
4371,0,0,60,0,0,12.25454545,7.272727273,16.36363636,0,0,4.109090909,0,0,0,0,0,0,62
4372,0,0,60,0,0,14.76363636,7.272727273,16.36363636,0,0,1.6,0,0,0,0,0,0,58.5
4376,13.63636364,27.27272727,54.54545455,0,0,0,4.545454545,0,0,0,0,0,0,0,0,0,0,90
4382,12.12121212,6.060606061,57.57575758,0,0,0,6.060606061,15.15151515,0,0,0,0,0,0,0,3.03030303,0,89
4383,12.12121212,6.060606061,57.57575758,0,0,0,6.060606061,15.15151515,0,0,0,0,0,0.909090909,0,2.121212121,0,90
4384,12.12121212,6.060606061,57.57575758,0,0,0,6.060606061,15.15151515,0,0,0,0,0,1.515151515,0,1.515151515,0,91
4385,12.12121212,6.060606061,57.57575758,0,0,0,6.060606061,15.15151515,0,0,0,0,0,3.03030303,0,0,0,92
4386,12.46105919,6.230529595,57.32087227,0,0,0.934579439,4.361370717,15.57632399,0,0,0,0,0,3.115264798,0,0,0,93
4387,12.6984127,6.349206349,57.14285714,0,0,1.587301587,3.174603175,15.87301587,0,0,0,0,0,3.174603175,0,0,0,95
4388,13.33333333,6.666666667,56.66666667,0,0,3.333333333,0,16.66666667,0,0,0,0,0,3.333333333,0,0,0,99
4389,0,35.29411765,58.82352941,0,0,0,0,0,0,0,5.882352941,0,0,0,0,0,0,59.3
4390,0,34.14634146,58.53658537,0,0,0,0,0,0,0,7.317073171,0,0,0,0,0,0,63
4391,0,32.91139241,58.2278481,0,0,0,0,0,0,0,8.860759494,0,0,0,0,0,0,67.6
4392,0,31.57894737,57.89473684,0,0,0,0,0,0,0,10.52631579,0,0,0,0,0,0,72.9
4393,0,31.21387283,58.95953757,0,0,0,4.624277457,0,0,0,5.202312139,0,0,0,0,0,0,56.3
4394,0,30.58823529,58.82352941,0,0,0,4.705882353,0,0,0,5.882352941,0,0,0,0,0,0,58.9
4395,0,29.26829268,58.53658537,0,0,0,4.87804878,0,0,0,7.317073171,0,0,0,0,0,0,62.8
4396,0,27.84810127,58.2278481,0,0,0,5.063291139,0,0,0,8.860759494,0,0,0,0,0,0,67.1
4397,0,24.65753425,57.53424658,0,0,0,5.479452055,0,0,0,12.32876712,0,0,0,0,0,0,80.9
4398,0,26.31578947,57.89473684,0,0,0,5.263157895,0,0,0,10.52631579,0,0,0,0,0,0,87.3
4399,0,30.76923077,59.34065934,0,0,0,6.593406593,0,0,0,3.296703297,0,0,0,0,0,0,53.1
4400,0,29.54545455,59.09090909,0,0,0,6.818181818,0,0,0,4.545454545,0,0,0,0,0,0,55
4401,0,29.21348315,59.02315983,0,0,0,6.879156157,0,0,0,4.884200871,0,0,0,0,0,0,55.6
4402,0,28.23529412,58.82352941,0,0,0,7.058823529,0,0,0,5.882352941,0,0,0,0,0,0,56.5
4403,0,27.31871838,58.63647314,0,0,0,7.227174175,0,0,0,6.817634305,0,0,0,0,0,0,58.5
4404,0,26.82926829,58.53658537,0,0,0,7.317073171,0,0,0,7.317073171,0,0,0,0,0,0,63.1
4405,0,25.3164557,58.2278481,0,0,0,7.594936709,0,0,0,8.860759494,0,0,0,0,0,0,66.2
4406,0,23.68421053,57.89473684,0,0,0,7.894736842,0,0,0,10.52631579,0,0,0,0,0,0,72
4407,0,22.81879195,57.71812081,0,0,0,8.053691275,0,0,0,11.40939597,0,0,0,0,0,0,76.3
4408,0,21.91780822,57.53424658,0,0,0,8.219178082,0,0,0,12.32876712,0,0,0,0,0,0,78.1
4409,0,20,57.14285714,0,0,0,8.571428571,0,0,0,14.28571429,0,0,0,0,0,0,85.5
4410,0,27.27272727,59.09090909,0,0,0,9.090909091,0,0,0,4.545454545,0,0,0,0,0,0,53.3
4411,0,25.88235294,58.82352941,0,0,0,9.411764706,0,0,0,5.882352941,0,0,0,0,0,0,58.2
4412,0,24.3902439,58.53658537,0,0,0,9.756097561,0,0,0,7.317073171,0,0,0,0,0,0,60.7
4413,0,22.78481013,58.2278481,0,0,0,10.12658228,0,0,0,8.860759494,0,0,0,0,0,0,66.8
4414,0,21.05263158,57.89473684,0,0,0,10.52631579,0,0,0,10.52631579,0,0,0,0,0,0,71.4
4415,0,19.17808219,57.53424658,0,0,0,10.95890411,0,0,0,12.32876712,0,0,0,0,0,0,79.2
4416,0,25.33814247,59.15238954,0,0,0,11.27141569,0,0,0,4.238052299,0,0,0,0,0,0,52.6
4417,0,23.52941176,58.82352941,0,0,0,11.76470588,0,0,0,5.882352941,0,0,0,0,0,0,54.5
4418,0,19.35483871,58.06451613,0,0,0,12.90322581,0,0,0,9.677419355,0,0,0,0,0,0,67.4
4419,0,18.42105263,57.89473684,0,0,0,13.15789474,0,0,0,10.52631579,0,0,0,0,0,0,71
4420,0,23.46368715,59.21787709,0,0,0,13.40782123,0,0,0,3.910614525,0,0,0,0,0,0,51.4
4421,0,17.72151899,58.2278481,0,0,0,15.18987342,0,0,0,8.860759494,0,0,0,0,0,0,63
4422,0,16.66583329,58.33291665,0,0,0,16.66583329,0,0,0,8.335416771,0,0,0,0,0,0,62.3
4423,0,36.87150838,59.21787709,0,0,0,0,0,0,0,0,0,0,0,0,3.910614525,0,65
4424,0,36.36363636,59.09090909,0,0,0,0,0,0,0,0,0,0,0,0,4.545454545,0,64
4425,0,35.94470046,58.98617512,0,0,0,0,0,0,0,0,0,0,0,0,5.069124424,0,64
4426,0,35.51401869,58.87850467,0,0,0,0,0,0,0,0,0,0,0,0,5.607476636,0,65
4427,0,35.29411765,58.82352941,0,0,0,0,0,0,0,0,0,0,0,0,5.882352941,0,65
4428,0,34.61538462,58.65384615,0,0,0,0,0,0,0,0,0,0,0,0,6.730769231,0,68
4429,0,33.66336634,58.41584158,0,0,0,0,0,0,0,0,0,0,0,0,7.920792079,0,72
4430,0,33.16582915,58.29145729,0,0,0,0,0,0,0,0,0,0,0,0,8.542713568,0,76
4431,0,31.57894737,57.89473684,0,0,0,0,0,0,0,0,0,0,0,0,10.52631579,0,86
4432,7.296137339,35.6223176,57.08154506,0,0,0,0,0,0,0,0,0,0,0,0,0,0,72
4433,15.74074074,30.55555556,53.7037037,0,0,0,0,0,0,0,0,0,0,0,0,0,0,81
4434,0,30.87557604,53.91705069,0,15.20737327,0,0,0,0,0,0,0,0,0,0,0,0,120
4435,0,22.85714286,57.14285714,0,0,0,5.714285714,0,0,0,14.28571429,0,0,0,0,0,0,87.3
4436,0,0,62.58876795,0,1.488510559,2.254473284,8.174403821,19.22039259,0,0.285297857,1.804819053,1.330356312,2.852978572,0,0,0,0,53
4437,0,0.191580929,63.25220213,0,0,0,7.233831633,22.60654963,0,0,5.384084732,0.002796751,0.000840314,0,0.181671571,1.146182455,0,47
4438,0,9.192426844,63.50026312,0,2.281464727,0.196677994,0.42361414,23.60438506,0,0.580956535,0.199703809,0.018154892,0.002352874,0,0,0,0,38.4
4439,0,9.186460968,63.47225274,0,2.276986052,0.196291901,0.610014831,23.42517348,0,0.579816077,0.202331652,0.048318006,0.002354295,0,0,0,0,38.4
4440,0,9.17043975,63.50655825,0,2.275963925,0.196725605,0.423716688,23.54956822,0,0.581097172,0.199752153,0.093822981,0.002355259,0,0,0,0,38.8
4441,0,9.170424624,63.50594716,0,2.275960171,0.196725281,0.423715989,23.54650283,0,0.581096214,0.199751823,0.093822826,0.006053086,0,0,0,0,38
4442,0,9.186931034,63.50108011,0,2.281602767,0.196689894,0.423639771,23.59673524,0,0.580991686,0.199715892,0.024207987,0.002353622,0,0,0,0,38.2
4443,9.940643923,0,64.03261586,0,0,0,0,0,22.02370246,0,0,0,0,0,0,0,4.003037752,141
4444,10.09466248,0,63.95420978,0,0,0,0,0,21.97050053,0,0,0,0,0,0,3.980627214,0,150
4455,0.406148463,6.273431642,62.97175706,0,1.112221945,0,0,24.56885779,0,3.780304924,0,0,0,0,0.88727818,0,0,51
4456,0.553389511,5.672242485,62.67765061,0,1.339454157,0,0,24.04414539,0,4.194440951,0,0,0,0,1.518676896,0,0,52.5
4457,0.194098202,9.407697207,63.57322658,0,0.060655688,0,0,23.55866921,0,2.535407758,0.309344009,0.121311376,0,0,0.157704789,0.081885179,0,39.5
4459,0.264550265,7.715023994,64.15343915,0,0.190722284,0,0,24.96000984,0,1.999507813,0,0,0,0,0.716746647,0,0,33
4484,0,0,60.0545834,0,6.652753251,1.342109488,6.986675229,20.96002569,0,2.03563975,1.968213196,0,0,0,0,0,0,87
4485,0,0,60.11647627,0,6.770983329,0,6.994976161,21.12252408,0,2.0031359,2.991904259,0,0,0,0,0,0,90
4486,0,0,60.09690478,0,7.025596889,0,6.980969685,21.23936119,0,2.046476045,2.610691403,0,0,0,0,0,0,91
4487,0,0,60.09273374,0,7.209095528,0,6.961382114,21.37322154,0,2.127794715,2.235772358,0,0,0,0,0,0,92
4488,0,0,60.35585829,0,6.92618646,0,6.665181271,21.86077601,0,2.037113665,2.154884298,0,0,0,0,0,0,90
4489,0,0,60.61485474,0,6.639665784,0,6.403673821,22.32037504,0,1.945339159,2.076091463,0,0,0,0,0,0,88
4490,0,0,60.56108771,0,6.91306013,0,6.3641006,22.28073535,0,1.768160347,2.112855866,0,0,0,0,0,0,87
4491,0,0,60.38956919,0,7.239388364,0,6.681048157,21.98464564,0,1.852674323,1.852674323,0,0,0,0,0,0,88
4492,0,0,60.10220377,0,6.892366656,0,6.981794954,21.18173108,0,2.044075375,2.79782817,0,0,0,0,0,0,87
4493,0,0,60.03641474,0,7.346834473,0,6.96352137,21.1301348,0,1.731297515,2.7917971,0,0,0,0,0,0,89
4504,0,20.75940277,59.69899165,0,0,0,0,9.018281919,0,0,0,0,0,0,0,0,10.52332366,72
4512,4.339622642,0,60.88861838,0,0,0,8.703590992,21.75289105,0,4.315276932,0,0,0,0,0,0,0,66
4513,4.245196706,0,61.01555352,0,0,0,8.508691674,21.26867948,0,4.220799024,0,0.741079597,0,0,0,0,0,60
4514,5.369942899,0,60.72469931,0,0,0,8.88105941,21.4706597,0,3.553638683,0,0,0,0,0,0,0,66
4515,5.247458453,0,60.85712546,0,0,0,8.686917879,20.99896512,0,3.475984659,0,0.733548426,0,0,0,0,0,68
4516,6.334403197,0,60.57045964,0,0,0,9.162478048,21.12880761,0,2.803851511,0,0,0,0,0,0,0,66
4517,6.19689245,0,60.70648216,0,0,0,8.958485069,20.67856276,0,2.737314882,0,0.722262685,0,0,0,0,0,67
4518,0,0,60.07022456,0,9.94152662,0.034615343,0.67846073,24.77420126,0,0.004438379,4.409994747,0,0,0.055384549,0,0.031153809,0,88.9
4519,0,0,60.69762656,0,8.018932638,0.037728083,0.692824804,25.70654411,0,1.296474139,3.549869667,0,0,0,0,0,0,95.3
4520,0,0,60.49867411,0,6.763784137,0.041326583,0.688776389,25.37107828,0,2.672452388,3.963908117,0,0,0,0,0,0,98.2
4521,0,0,60.53022196,0,5.336739273,0.041423591,0.718008906,25.29255411,0,3.845490007,4.235562153,0,0,0,0,0,0,98.7
4522,0,0,59.88551605,0,0.034692108,0.034692108,0.083261058,25.11014744,0,10.72679965,4.124891587,0,0,0,0,0,0,101
4523,0,31.0085812,54.26385433,0,13.95316388,0,0,0,0,0,0,0,0,0,0,0.774400595,0,111.5
4524,0,31.37337945,54.90223759,0,11.76442907,0,0,0,0,0,0,0,0,0,0,1.959953883,0,103.5
4525,0,31.74686317,55.5558201,0,9.523582772,0,0,0,0,0,0,0,0,0,0,3.173733959,0,97.6
4526,0,32.12934628,56.2251512,0,7.228741476,0,0,0,0,0,0,0,0,0,0,4.416761042,0,91
4527,0,32.52115802,56.91080705,0,4.877929807,0,0,0,0,0,0,0,0,0,0,5.690105119,0,87.3
4528,0,32.92264389,57.61339226,0,2.469074838,0,0,0,0,0,0,0,0,0,0,6.994889015,0,84.1
4529,0,33.0589577,57.85193633,0,1.651212377,0,0,0,0,0,0,0,0,0,0,7.437893589,0,82.6
4530,0,33.33416665,58.33354166,0,0,0,0,0,0,0,0,0,0,0,0,8.332291693,0,79
4531,0,31.0085812,54.26385433,0,13.95316388,0.774400595,0,0,0,0,0,0,0,0,0,0,0,114
4532,0,31.12947658,54.47541673,0,13.22780968,1.167297007,0,0,0,0,0,0,0,0,0,0,0,109.5
4533,0,31.49714178,55.11881703,0,11.02187367,2.362167525,0,0,0,0,0,0,0,0,0,0,0,98.2
4534,0,31.87359564,55.77759717,0,8.763206961,3.585600229,0,0,0,0,0,0,0,0,0,0,0,85.4
4535,0,32.25915711,56.45231529,0,6.449895969,4.838631635,0,0,0,0,0,0,0,0,0,0,0,77.2
4536,0,32.65416075,57.14355684,0,4.079933389,6.122349023,0,0,0,0,0,0,0,0,0,0,0,67.3
4537,0,32.85531244,57.49556475,0,2.87305342,6.776069387,0,0,0,0,0,0,0,0,0,0,0,62.1
4538,0,33.0589577,57.85193633,0,1.651212377,7.437893589,0,0,0,0,0,0,0,0,0,0,0,58.2
4539,0,33.33416665,58.33354166,0,0,8.332291693,0,0,0,0,0,0,0,0,0,0,0,52
4540,0,33.33416665,58.33354166,0,0,0.832479188,0,0,0,0,0,0,0,0,0,7.499812505,0,77
4541,0,33.33416665,58.33354166,0,0,1.249968751,0,0,0,0,0,0,0,0,0,7.082322942,0,74.7
4542,0,33.33416665,58.33354166,0,0,1.874953126,0,0,0,0,0,0,0,0,0,6.457338567,0,72.6
4543,0,33.33416665,58.33354166,0,0,2.499937502,0,0,0,0,0,0,0,0,0,5.832354191,0,69.9
4544,0,33.33416665,58.33354166,0,0,3.124921877,0,0,0,0,0,0,0,0,0,5.207369816,0,69.3
4545,0,33.33416665,58.33354166,0,0,3.749906252,0,0,0,0,0,0,0,0,0,4.58238544,0,65.1
4546,0,33.33416665,58.33354166,0,0,4.374890628,0,0,0,0,0,0,0,0,0,3.957401065,0,63.2
4547,0,33.33416665,58.33354166,0,0,4.999875003,0,0,0,0,0,0,0,0,0,3.33241669,0,60.1
4548,0,33.33416665,58.33354166,0,0,5.624859379,0,0,0,0,0,0,0,0,0,2.707432314,0,58.1
4549,0,33.33416665,58.33354166,0,0,6.249843754,0,0,0,0,0,0,0,0,0,2.082447939,0,54
4550,0,33.33416665,58.33354166,0,0,6.874828129,0,0,0,0,0,0,0,0,0,1.457463563,0,55.4
4551,4.206534422,0,58.34597433,0,8.273045508,0,12.48541424,16.68903151,0,0,0,0,0,0,0,0,0,98
4552,4.120091297,0,58.52402411,0,8.093872535,0,12.21396383,16.32820273,0,0,0,0.719845497,0,0,0,0,0,94
4553,5.224274406,0,58.63090003,0,6.830841395,0,12.04925242,17.26473175,0,0,0,0,0,0,0,0,0,88
4554,5.110261688,0,58.80623346,0,6.680388121,0,11.79064981,16.9009115,0,0,0,0.711555425,0,0,0,0,0,92
4555,6.209862723,0,58.91710364,0,5.414481824,0,11.62434455,17.83420727,0,0,0,0,0,0,0,0,0,87
4556,6.079404467,0,59.07775021,0,5.305447241,0,11.37894364,17.45244003,0,0,0,0.706014416,0,0,0,0,0,83
4560,0,7.62792922,59.58273553,1.996652319,6.731229077,0,6.695361071,17.36609278,0,0,0,0,0,0,0,0,0,74
4561,0,6.589315629,58.7919588,3.01855184,7.402121983,0,6.378358255,17.81969349,0,0,0,0,0,0,0,0,0,77
4563,0,8.149666838,60.23122046,0.49831995,7.016344894,0,7.420695939,16.68375192,0,0,0,0,0,0,0,0,0,76
4565,0,7.116937844,60.55249912,1.003745757,6.151234929,0,7.099379609,18.07620274,0,0,0,0,0,0,0,0,0,72
4566,0,8.293577982,58.85015291,3.039755352,4.348623853,0,6.042813456,16.97247706,0,2.452599388,0,0,0,0,0,0,0,76
4567,0,7.676224612,59.74611708,2.010155317,5.543608124,0,6.738351254,17.47311828,0,0.812425329,0,0,0,0,0,0,0,73
4638,0,0,61.74096174,0,3.299403299,0.07020007,0.280800281,25.62302562,0,2.737802738,3.966303966,0,0,1.544401544,0.737100737,0,0,79
4640,0,0,60.41374474,0,8.835904628,2.13884993,0.210378682,25.14025245,0,0,3.260869565,0,0,0,0,0,0,84
4668,7.837104072,0,60.33182504,0,0,0,11.16742081,18.9984917,0,0,0,0,0,0,0,1.665158371,0,62.13
4669,7.750158567,0,60.40351566,0,0,0,11.03627412,18.77737171,0,0,0,0.38660183,0,0,0,1.646078106,0,80.64
4691,0,0,59.85984964,0,3.415314488,1.983195564,4.286151648,20.81164745,0,4.54468143,2.850631017,0,0,0,0.744973977,1.503554785,0,86.7
4692,0,0,59.7297574,0,3.166478998,2.088238305,4.763367114,20.84484935,0,4.367557239,3.333674549,0,0,0,0,1.706077046,0,87.3
4693,0,0,59.55775287,0,3.582675832,1.720226203,4.761098507,20.74768887,0,4.81527886,3.257593715,0,0,0,0.186244963,1.371440182,0,86.2
4704,0,0,59.58176208,0.246828934,3.160781625,2.080905039,4.758313336,20.78848132,0,4.353788138,3.325334248,0,0,0,0,1.703805279,0,87.3
4726,0,0,63.25929359,0,0,0.400542885,7.275977358,22.8805985,0,0,4.187493793,0,0,0,0,1.996093879,0,47.3
4727,0,0,63.28521653,0,0,0.511033682,7.06155633,23.01974448,0,0,4.171229467,0,0,0,0.019910403,1.931309109,0,47.9
4729,0,0,63.25546046,0,0,0.399828173,7.401777748,22.66463999,0,0,4.183326174,0.145392063,0,0,0,1.949575389,0,46.9
4730,0,0,63.24483581,0,0,0.400556144,7.302701271,22.40466102,0,0,4.207494703,0.433659958,0,0,0,2.006091102,0,48.1
4732,6.161372221,6.873490619,61.4372407,0,0,0.913369249,2.167316862,21.43476376,0,0,0.656387392,0,0,0.356059199,0,0,0,41
4733,2.504265172,8.055081648,62.13136729,0,2.412868633,0.926151596,1.834023885,21.77674872,0,0,0,0,0,0.359493054,0,0,0,47.6
4734,0,9.750539698,63.18361717,0,2.434636604,0.935476133,1.481170544,21.96869753,0,0,0,0,0,0,0,0.245862317,0,37.6
4735,3.139013453,14.20563741,60.44202434,0,0.464445868,0,6.619688234,12.55872304,0,1.302583814,0.902199445,0,0,0,0.36568439,0,0,55.4
4759,0,2.622736911,63.01745229,0,0,1.347251672,6.100146795,21.67346273,0,0,3.992823357,0,0,0,0,1.246126244,0,46
4760,0,0.125520248,63.29854,0,0,0,7.214111118,22.74559028,0,0,5.328004228,0,0,0,0.181674044,1.106560085,0,47
4761,0,8.662359416,63.134123,0,0,0,5.246470447,19.31383106,0,0,0,0,0,0.065805217,0,3.577410864,0,45.4
4765,0,4.569321165,63.22040255,0,0,1.365795724,6.482060258,20.91511439,0,0,2.981622703,0,0,0,0,0.46568321,0,37.7
4766,0,5.139252193,63.44052931,0,0,2.218802893,6.431758732,21.09555316,0,0,1.0617018,0,0,0.612401908,0,0,0,31.4
4767,0,5.18801157,63.58545141,0,0,1.393931934,6.098836851,21.52747861,0,0,1.787802326,0,0,0,0,0.418487292,0,32.2
4778,0,0,61.55306359,0,1.48346047,0,0.224979787,25.80236932,0,4.87924913,3.687559321,0,0,1.996695609,0.372622772,0,0,81.32
4779,0,0,61.34087635,0,2.94458695,0,0.224884922,25.60877051,0,3.872237254,3.657893812,0,0,1.981798377,0.368951825,0,0,82.72
4780,0,0,61.33459371,0,2.219654798,0,0.224066099,25.72909008,0,4.866435599,3.266463607,0,0,1.988586633,0.371109477,0,0,83.92
4781,0,0,61.25452183,0,2.198574088,0,0.224774348,25.53998525,0,4.825624276,4.052962456,0,0,1.534787342,0.368770414,0,0,83.6
4783,0,9.099170896,63.50423884,0,2.249097391,0.196493724,0.604596073,23.51878723,0,0.574366269,0.202539684,0.048367686,0.002342205,0,0,0,0,38.4
4784,0,9.088445709,63.53782897,0,2.253934536,0.196916324,0.418068503,23.63904729,0,0.569542598,0.199945806,0.093913939,0.002356331,0,0,0,0,38.4
4785,0,9.087910218,63.53762052,0,2.253801734,0.196904721,0.41804387,23.63765448,0,0.56950904,0.199934025,0.093908406,0.00471299,0,0,0,0,38
4790,0,36.36363636,59.09090909,0,0,0,0,0,0,0,0,0,0,4.545454545,0,0,0,62.2
4791,0,35.83815029,58.95953757,0,0,0,0,0,0,0,0,0,0,5.202312139,0,0,0,60.8
4792,0,35.29411765,58.82352941,0,0,0,0,0,0,0,0,0,0,5.882352941,0,0,0,61.1
4793,0,34.73053892,58.68263473,0,0,0,0,0,0,0,0,0,0,6.586826347,0,0,0,64.2
4794,0,34.14634146,58.53658537,0,0,0,0,0,0,0,0,0,0,7.317073171,0,0,0,68.2
4795,0,33.34166458,58.33541615,0,0,0,0,0,0,0,0,0,0,8.32291927,0,0,0,71.5
4796,0,32.65306122,58.16326531,0,0,0,0,0,0,0,0,0,0,9.183673469,0,0,0,75.4
4797,0,31.8537859,57.96344648,0,0,0,0,0,0,0,0,0,0,10.18276762,0,0,0,80.5
4798,0,31.29973475,57.82493369,0,0,0,0,0,0,0,0,0,0,10.87533156,0,0,0,84
4799,0,30.7277628,57.6819407,0,0,0,0,0,0,0,0,0,0,11.5902965,0,0,0,88
4800,0,35.33408834,59.11664779,0,0,0,1.132502831,0,0,0,0,0,0,4.416761042,0,0,0,61.2
4801,0,34.31151242,59.14221219,0,0,0,2.257336343,0,0,0,0,0,0,4.288939052,0,0,0,61.8
4802,0,32.28699552,59.19282511,0,0,0,4.484304933,0,0,0,0,0,0,4.035874439,0,0,0,59.7
4803,0,30.28953229,59.24276169,0,0,0,6.681514477,0,0,0,0,0,0,3.786191537,0,0,0,56.7
4804,0,28.31858407,59.2920354,0,0,0,8.849557522,0,0,0,0,0,0,3.539823009,0,0,0,54.6
4805,0,26.37362637,59.34065934,0,0,0,10.98901099,0,0,0,0,0,0,3.296703297,0,0,0,51.2
4806,0,33.2244517,58.88940737,0,0,0,2.333177788,0,0,0,0,0,0,5.552963136,0,0,0,62.4
4807,0,31.21387283,58.95953757,0,0,0,4.624277457,0,0,0,0,0,0,5.202312139,0,0,0,60.1
4808,0,29.21348315,59.02315983,0,0,0,6.879156157,0,0,0,0,0,0,4.884200871,0,0,0,58.4
4809,0,27.27272727,59.09090909,0,0,0,9.090909091,0,0,0,0,0,0,4.545454545,0,0,0,58.3
4810,0,25.33814247,59.15238954,0,0,0,11.27141569,0,0,0,0,0,0,4.238052299,0,0,0,54
4811,0,32.06180589,58.61902463,0,0,0,2.414292612,0,0,0,0,0,0,6.904876871,0,0,0,65.9
4812,0,30.04537855,58.70551708,0,0,0,4.776689754,0,0,0,0,0,0,6.472414617,0,0,0,63.4
4813,0,28.07183365,58.79017013,0,0,0,7.088846881,0,0,0,0,0,0,6.049149338,0,0,0,61.5
4814,0,26.13981763,58.87304185,0,0,0,9.352349778,0,0,0,0,0,0,5.634790741,0,0,0,59.5
4815,0,24.24803332,58.95418788,0,0,0,11.56871819,0,0,0,0,0,0,5.22906062,0,0,0,55.8
4816,0,31.29318855,58.44027641,0,0,0,2.467917078,0,0,0,0,0,0,7.798617966,0,0,0,69.9
4817,0,29.26829268,58.53658537,0,0,0,4.87804878,0,0,0,0,0,0,7.317073171,0,0,0,67.2
4818,0,27.31871838,58.63647314,0,0,0,7.227174175,0,0,0,0,0,0,6.817634305,0,0,0,64.8
4819,0,25.41646835,58.73393622,0,0,0,9.519276535,0,0,0,0,0,0,6.330318896,0,0,0,62.1
4820,0,23.52941176,58.82352941,0,0,0,11.76470588,0,0,0,0,0,0,5.882352941,0,0,0,58
4821,0,22.63268646,58.87304185,0,0,0,12.85948094,0,0,0,0,0,0,5.634790741,0,0,0,56.8
4822,0,29.53367876,58.03108808,0,0,0,2.590673575,0,0,0,0,0,0,9.844559585,0,0,0,78.2
4823,0,27.55102041,58.16326531,0,0,0,5.102040816,0,0,0,0,0,0,9.183673469,0,0,0,75.5
4824,0,25.6281407,58.29145729,0,0,0,7.537688442,0,0,0,0,0,0,8.542713568,0,0,0,72.7
4825,0,23.76237624,58.41584158,0,0,0,9.900990099,0,0,0,0,0,0,7.920792079,0,0,0,68.4
4826,0,21.95121951,58.53658537,0,0,0,12.19512195,0,0,0,0,0,0,7.317073171,0,0,0,66.5
4827,0,20.19230769,58.65384615,0,0,0,14.42307692,0,0,0,0,0,0,6.730769231,0,0,0,58.4
4828,0,26.57342657,57.34265734,0,0,0,2.797202797,0,0,0,0,0,0,13.28671329,0,0,0,93.1
4829,0,24.65753425,57.53424658,0,0,0,5.479452055,0,0,0,0,0,0,12.32876712,0,0,0,91.8
4830,0,22.81879195,57.71812081,0,0,0,8.053691275,0,0,0,0,0,0,11.40939597,0,0,0,86.5
4831,0,21.05263158,57.89473684,0,0,0,10.52631579,0,0,0,0,0,0,10.52631579,0,0,0,81.8
4832,0,19.35483871,58.06451613,0,0,0,12.90322581,0,0,0,0,0,0,9.677419355,0,0,0,74.6
4833,0,29.21348315,59.02315983,0,0,4.884200871,6.879156157,0,0,0,0,0,0,0,0,0,0,48
4834,0,28.25193975,59.05979005,0,0,4.701049749,7.987220447,0,0,0,0,0,0,0,0,0,0,47.2
4835,0,27.27272727,59.09090909,0,0,4.545454545,9.090909091,0,0,0,0,0,0,0,0,0,0,48.7
4836,0,26.30149389,59.12177456,0,0,4.391127207,10.18560435,0,0,0,0,0,0,0,0,0,0,47.6
4837,0,25.33814247,59.15238954,0,0,4.238052299,11.27141569,0,0,0,0,0,0,0,0,0,0,50.1
4838,0,31.2669795,58.43418128,0,0,7.829093603,2.469745616,0,0,0,0,0,0,0,0,0,0,47.2
4839,0,30.2747792,58.48871443,0,0,7.55642787,3.680078508,0,0,0,0,0,0,0,0,0,0,52.7
4840,0,29.26829268,58.53658537,0,0,7.317073171,4.87804878,0,0,0,0,0,0,0,0,0,0,49.4
4841,0,28.27352085,58.58389913,0,0,7.080504365,6.062075655,0,0,0,0,0,0,0,0,0,0,51.3
4842,0,27.31871838,58.63647314,0,0,6.817634305,7.227174175,0,0,0,0,0,0,0,0,0,0,47.2
4843,0,26.34730539,58.68263473,0,0,6.586826347,8.383233533,0,0,0,0,0,0,0,0,0,0,50.1
4844,0,25.3869969,58.72826864,0,0,6.358656823,9.526077638,0,0,0,0,0,0,0,0,0,0,50.3
4845,0,24.46758164,58.77898722,0,0,6.10506389,10.64836725,0,0,0,0,0,0,0,0,0,0,50.7
4846,0,23.52941176,58.82352941,0,0,5.882352941,11.76470588,0,0,0,0,0,0,0,0,0,0,50.8
4847,0,22.60177819,58.86757136,0,0,5.662143191,12.86850725,0,0,0,0,0,0,0,0,0,0,46.6
4848,0,30.54830287,57.96344648,0,0,10.18276762,1.305483029,0,0,0,0,0,0,0,0,0,0,56.1
4849,0,29.53367876,58.03108808,0,0,9.844559585,2.590673575,0,0,0,0,0,0,0,0,0,0,59
4850,0,27.55102041,58.16326531,0,0,9.183673469,5.102040816,0,0,0,0,0,0,0,0,0,0,55.6
4851,0,25.6281407,58.29145729,0,0,8.542713568,7.537688442,0,0,0,0,0,0,0,0,0,0,52
4852,0,23.76237624,58.41584158,0,0,7.920792079,9.900990099,0,0,0,0,0,0,0,0,0,0,50.9
4853,0,21.95121951,58.53658537,0,0,7.317073171,12.19512195,0,0,0,0,0,0,0,0,0,0,50.1
4854,0,21.0653753,58.59564165,0,0,7.021791768,13.31719128,0,0,0,0,0,0,0,0,0,0,49.8
4855,0,20.66634476,58.61902463,0,0,6.904876871,13.80975374,0,0,0,0,0,0,0,0,0,0,44.7
4856,0,25.62257886,57.44327615,0,0,12.78361926,4.150525733,0,0,0,0,0,0,0,0,0,0,61.1
4857,0,24.65753425,57.53424658,0,0,12.32876712,5.479452055,0,0,0,0,0,0,0,0,0,0,59.6
4858,0,23.71134021,57.62344004,0,0,11.88279978,6.782419967,0,0,0,0,0,0,0,0,0,0,59.2
4859,0,22.81879195,57.71812081,0,0,11.40939597,8.053691275,0,0,0,0,0,0,0,0,0,0,57.4
4860,0,21.90906674,57.80377559,0,0,10.98112204,9.306035629,0,0,0,0,0,0,0,0,0,0,56.4
4861,0,21.05263158,57.89473684,0,0,10.52631579,10.52631579,0,0,0,0,0,0,0,0,0,0,55.3
4862,0,20.17726799,57.97705944,0,0,10.11470282,11.73096976,0,0,0,0,0,0,0,0,0,0,54.3
4863,0,19.35483871,58.06451613,0,0,9.677419355,12.90322581,0,0,0,0,0,0,0,0,0,0,53.6
4864,0,18.54879918,58.15022994,0,0,9.248850281,14.05212059,0,0,0,0,0,0,0,0,0,0,52.3
4900,0,2.903990518,67.98301067,0,0,0,5.408929277,7.493085737,16.2109838,0,0,0,0,0,0,0,0,48
4901,0,0,68.41783879,0,0,0,5.272466942,10.53019456,15.77949971,0,0,0,0,0,0,0,0,47
4903,0,2.730150898,67.90633609,0,0,0,5.08613955,9.023066486,15.25430698,0,0,0,0,0,0,0,0,53
4904,0,0,66.96712619,0,0,0,10.038883,11.15235065,11.84164016,0,0,0,0,0,0,0,0,37
4907,0,9.17549176,63.47690129,0,2.271221134,0.196315656,0.610088656,23.39176553,0,0.579886247,0.202356138,0.093627467,0.002346123,0,0,0,0,38.4
4908,0,9.175922283,63.50512968,0,2.275822413,0.196713373,0.423690343,23.54205127,0,0.581061042,0.199739733,0.093817147,0.006052719,0,0,0,0,38
4909,0,9.185687919,63.50352551,0,2.275242857,0.196663279,0.429633625,23.59959347,0,0.58091307,0.199688868,0.024204711,0.002353303,0,0,0,0,38.8
4958,0,2.414512357,63.39043044,0,0,1.311547943,7.597496998,21.7748562,0,0,1.82668605,0,0,0.328677075,0,1.355792933,0,37.5
4960,0,2.482828156,63.47280862,0,0,0.960993131,7.55561157,21.92639738,0,0,1.821160754,0,0,0.293024135,0,1.487176256,0,37.2
4961,0,7.372429551,63.10738766,0,0,3.089108911,5.483625286,19.78674791,0,0,1.160700685,0,0,0,0,0,0,33
4962,0,7.076239822,63.54108068,0,0,0.491487787,6.626202813,20.23094004,0,0,0.991857883,0,0,0.977054034,0,0.065136936,0,32
4963,0,5.978096448,63.29037333,0,0,2.290191807,6.934107824,20.12464452,0,0,0.943909966,0,0,0.399346524,0,0.039329582,0,32
4964,0,5.950770895,63.41778619,0,0,2.112824212,7.104859796,20.30775704,0,0,1.106001863,0,0,0,0,0,0,30
4965,0,6.292657546,63.20815352,0,0,2.88923576,6.078413369,20.23077159,0,0,0.9151287,0,0,0,0,0.385639519,0,34
4966,0,5.786224428,63.4124198,0,0,1.310374047,6.863575838,20.49993947,0,0,2.127466408,0,0,0,0,0,0,32
4967,0,8.571428571,63.53305785,0,0,1.130460449,5.330578512,20.11511216,0,0,1.319362456,0,0,0,0,0,0,30
4968,0,5.641644242,63.16538307,0,0,3.167238873,6.167455383,20.42621632,0,0,1.051622282,0,0,0.380439826,0,0,0,34
4969,0,7.674489485,63.0082292,0,0,3.407497714,5.352026821,19.50320024,0,0,1.054556538,0,0,0,0,0,0,34
4970,0,8.562672934,62.93177829,0,0,2.636041772,6.069441552,18.54749933,0,0,1.252566124,0,0,0,0,0,0,33
4997,0,6.819716408,64.14891658,0,2.393959855,0,1.104904549,25.53250261,0,0,0,0,0,0,0,0,0,32
4998,0,10.17964072,64.58083832,0,0,0,0,24.46107784,0,0.778443114,0,0,0,0,0,0,0,23
5027,0,1.813906617,61.80718844,0,1.343634531,1.074907625,4.232448774,22.16996977,0,1.813906617,5.744037622,0,0,0,0,0,0,69
5028,0,1.678979181,61.6856951,0,1.343183345,1.074546676,4.701141706,21.7259906,0,1.746138348,5.372733378,0,0,0,0,0.671591672,0,72
5029,0,1.690331305,60.95334686,0,2.028397566,1.081812035,4.732927654,20.7234618,0,2.028397566,5.409060176,0,0,0,0,1.352265044,0,79
5030,0,1.655975913,61.81764629,0,1.322162587,1.158528603,6.610812934,20.82406074,0,1.322162587,5.288650347,0,0,0,0,0,0,66
5031,0,2.265372168,61.32686084,0,1.941747573,0.970873786,6.472491909,20.22653722,0,1.941747573,4.854368932,0,0,0,0,0,0,68
5032,0,3.215434084,61.414791,0,1.92926045,0.964630225,5.78778135,20.25723473,0,1.92926045,4.501607717,0,0,0,0,0,0,69
5033,0.644122383,2.254428341,61.5136876,0,1.93236715,0.966183575,6.441223833,20.61191626,0,1.288244767,4.347826087,0,0,0,0,0,0,63
5034,0,1.62601626,61.46341463,0,1.951219512,1.138211382,6.504065041,20.48780488,0,1.951219512,4.552845528,0,0,0,0.325203252,0,0,66.5
5035,0,6.08378761,63.72315755,0,0,0.048188417,6.234376412,20.98003192,0,0,2.623256935,0.307201157,0,0,0,0,0,31.3
5036,0,5.531578627,63.66786214,0,0,0.048629263,6.346118777,21.0747067,0,0,3.008935627,0.322168865,0,0,0,0,0,31.1
5037,0,5.817676554,63.77997946,0,0,0.048329608,6.210354618,21.08077086,0,0,2.597716426,0.465172476,0,0,0,0,0,30.4
5038,0,6.709995787,63.80513932,0,0,0.048143468,5.500391166,21.24932298,0,0,2.43124511,0.255762171,0,0,0,0,0,33.1
5039,0,7.23099851,63.84202683,0,0,0.047690015,5.47242921,20.82265276,0,0,2.074515648,0.509687034,0,0,0,0,0,33.4
5040,0,5.89198036,63.86312663,0,0,0.048493666,5.764684488,21.58271201,0,0,2.533794023,0.315208826,0,0,0,0,0,28.2
5041,0,4.711717297,63.10911345,0,0,1.208927464,7.073775573,19.99690019,0,0,3.180409175,0.328580285,0,0.390576565,0,0,0,36.8
5056,0,0.191589866,63.241172,0,0,0,7.26059525,22.29379315,0,0,5.400852245,0.280778251,0,0,0.181680045,1.149539193,0,47.3
5057,0,0.191532924,63.22898091,0,0,0,7.278251106,21.96684499,0,0,5.415758536,0.561389604,0.026418334,0,0.181626048,1.149197543,0,47.6
5080,0,0,62.1572088,0,0.183274504,0,7.622861797,20.59462395,0,0,0,0,0,4.690469726,0,4.751561227,0,67
5081,0,0,62.65931205,0,0,0,6.16006578,22.2385912,0,0,8.942030972,0,0,0,0,0,0,55
5082,0,0,62.6545218,0,0,0.767044482,6.204841968,22.20662261,0,0,7.417046194,0,0,0,0,0.749922953,0,53
5083,0,0,63.23573201,0,0,0,7.358147229,22.79239041,0,0,2.990901572,0,0,0,0,3.622828784,0,52
5084,0,0,62.66301557,0,0,0.920759884,6.215984939,22.21803868,0,0,7.054595242,0,0,0.927605682,0,0,0,54
5085,0,1.830250693,61.84829542,0,0.683121737,0,7.088999162,20.17464716,0,2.255590643,5.310304827,0.531674937,0,0,0,0.277115422,0,54
5086,0,1.84706317,61.78594217,0,1.383618229,1.064580045,4.211304027,22.14460825,0,1.820196796,5.742687309,0,0,0,0,0,0,67
5087,0,7.382550336,63.23606653,0,0,0.773271083,7.785234899,18.88824044,0,0,1.596148235,0,0,0.338488474,0,0,0,31
5088,0,6.173769011,63.45128746,0,0,1.954524921,6.691763289,20.46980876,0,0,0.912513176,0,0,0,0,0.346333384,0,31
5089,0,8.493433673,63.28463922,0,0,1.286705032,5.914121293,19.36550096,0,0,1.505090748,0,0,0,0,0.150509075,0,32
5090,0,6.27069725,63.36928452,0,0,1.968707276,6.228163451,20.48913869,0,0,1.415767887,0,0,0,0,0.258240924,0,33
5091,0,6.71153202,63.29668991,0,0,2.204695636,5.791893785,20.34166692,0,0,1.653521727,0,0,0,0,0,0,33
5092,0,6.197372853,63.20462966,0,0,2.431182829,6.154505649,20.23332006,0,0,1.399308001,0,0,0.379680946,0,0,0,33
5093,0,6.09715846,63.70810454,0,0,1.269241156,6.475230294,21.1300147,0,0,0.981186425,0,0,0.096018243,0,0.243046179,0,30
5094,0,6.882088847,63.21183837,0,0,1.3911862,7.620510397,19.17237713,0,0,1.721999055,0,0,0,0,0,0,31
5095,0,6.166697377,63.14415576,0,0,2.905226952,6.123702475,20.1431116,0,0,1.391192187,0,0,0,0,0.125913642,0,34
5096,0,6.008712633,62.98332582,0,0,2.667868409,7.937509389,18.99354063,0,0,1.25582094,0,0,0.039056632,0,0.11416554,0,32
5098,0,2.501496487,63.49831448,0,0,0.850634826,7.491887464,21.99993699,0,0,1.827289625,0,0,0.280394443,0,1.550045682,0,37.1
5099,0,2.461033634,63.44418502,0,0,1.230516817,7.547169811,21.88426832,0,0,1.798447656,0,0,0.277655077,0,1.35672367,0,37.3
5102,0,2.331622632,63.3181271,0,0,1.412912628,7.67281252,21.63403662,0,0,1.84375594,0,0,0.456187037,0,1.330545524,0,37.9
5105,0,2.031911844,63.24086754,0,0,1.678397401,7.790057008,21.57075066,0,0,1.875855919,0,0,0.656071849,0,1.156087773,0,37.9
5107,0,1.850906306,63.25950983,0,0,1.691345417,7.805718662,21.69070717,0,0,1.879627266,0,0,0.651008425,0,1.171176921,0,37.9
5108,0,1.634633804,63.34205989,0,0,1.708064619,7.828363451,21.95262116,0,0,1.851733606,0,0,0.501245131,0,1.181278335,0,37.9
5109,15.38,0,58.97666667,0,0,0,0,22.31666667,0,0,0,0,0,0,3.326666667,0,0,79.8
5110,15.08850431,0,58.9063631,0,0,0,1.296308482,22.06027505,0,0,0,0,0,0,2.648549056,0,0,79.5
5111,14.73717949,0,58.65705128,0,0,0,3.846153846,21.45833333,0,0,0,0,0,0,1.301282051,0,0,80.5
5113,0,4.326686361,63.10930576,0,1.514032496,2.874199902,6.228458887,21.78114229,0,0.166174298,0,0,0,0,0,0,0,23.5
5116,0,4.241415449,63.17736268,0,1.485728377,2.823500401,6.109364404,22.00234264,0,0.160286049,0,0,0,0,0,0,0,23.5
5123,0,0,63.30065811,0,0,0.514183878,7.045977792,23.07192822,0,0,4.027220828,0,0,0.043125099,0,1.993706522,0,45.9
5129,0,0,61.55310899,0,3.448275862,0,1.225592023,25.2561972,0,2.977426949,3.887965656,0,0,1.201357153,0.450076167,0,0,81
5130,0,0,61.90820757,0,3.225139549,0,1.219764317,25.69085521,0,2.825442768,3.325063745,0,0,1.264557922,0.54096892,0,0,77
5131,0,0,61.75088132,0,3.22803622,0,1.223474113,25.33351766,0,2.923895763,3.922720675,0,0,0.985000346,0.632473906,0,0,78
5132,0,0,61.55623771,0,3.393922671,0,1.621080951,24.80943676,0,2.890352844,3.866450523,0,0,1.227882592,0.634635947,0,0,79
5133,0,0,61.58578977,0,2.968576196,0,1.188820912,25.14251947,0,3.149332592,4.084399333,0,0,1.386957731,0.493604004,0,0,80
5134,0,0,61.59465448,0,3.171305913,0,1.267137516,25.21811383,0,3.129760421,3.901814153,0,0,1.229054148,0.488159535,0,0,79
5135,0,0,61.63606818,0,3.381391972,0,1.313833281,25.24288628,0,2.883518307,3.813573972,0,0,1.223939425,0.504788577,0,0,79
5136,0,12.67130204,62.12169297,1.11941375,0,0,5.383572315,16.33536251,0,0,2.368656415,0,0,0,0,0,0,33.9
5137,0,12.58725056,62.21507805,1.138239639,0,0,5.056911982,16.74631448,0,0,2.256205289,0,0,0,0,0,0,35.1
5138,0,13.20792475,62.29166071,1.006318077,0,0,5.031590383,16.46988193,0,0,1.992624146,0,0,0,0,0,0,33.9
5139,0,12.85430275,62.58733314,0.485657484,0,0,5.168986083,16.64867935,0,0,2.255041181,0,0,0,0,0,0,33
5143,0,6.877134128,63.47271311,0,0,0.290540945,6.272090098,20.37081411,0,0,2.414185587,0,0,0.302522015,0,0,0,32.8
5144,0,6.575244027,63.47086652,0,0,0,6.599197557,20.35451225,0,0,3.000179651,0,0,0,0,0,0,33.6
5145,0,7.161353692,63.38958836,0,0,0,6.530344971,19.93332738,0,0,2.9853856,0,0,0,0,0,0,34.5
5163,0,0,61.20288306,0,3.51760527,0,1.703624513,24.59909646,0,3.400351761,4.090078284,0,0,1.072524744,0.413835914,0,0,83
5164,0,10.64344461,61.04660539,0,4.784174595,0,8.72439929,14.80137612,0,0,0,0,0,0,0,0,0,51.31
5165,0,10.64649094,60.56784901,0,5.982210652,0,7.999783057,14.80366634,0,0,0,0,0,0,0,0,0,59.6
5166,0,10.84725074,60.21472563,0,7.312877989,0,5.925761527,15.08627864,0,0,0,0,0,0,0.613105476,0,0,67.34
5167,0,10.85390664,60.08962446,0,7.312915819,0,6.669599164,14.46087865,0,0,0,0,0,0,0.613075274,0,0,66.8
5168,0,13.76077586,59.90301724,0,7.13362069,0,5.420258621,13.18426724,0,0,0,0,0,0,0.598060345,0,0,65.65
5169,0,13.76542212,59.60346964,0,7.731264479,0,5.419966597,12.88184904,0,0,0,0,0,0,0.598028123,0,0,69.46
5170,0,7.915045996,61.66574057,0,5.081187874,0,1.932456628,20.30931654,0,0,2.457245169,0,0,0,0.639007224,0,0,64.19
5171,0,4.485257371,62.74050475,0,3.954272864,0,2.517491254,24.50337331,0,1.093203398,0.705897051,0,0,0,0,0,0,57
5172,0,3.992419457,62.66898294,0,4.16298168,0.246367656,2.488945041,24.60202148,0,0.846493999,0.991787745,0,0,0,0,0,0,57
5173,0,3.442909322,62.80451008,0,3.989201207,0.196919168,2.502779101,25.09766556,0,0.93377799,1.032237573,0,0,0,0,0,0,56
5207,0,3.167271528,62.84394589,0,4.335202903,0.395908941,0.824810294,25.85945233,0,0,2.573408116,0,0,0,0,0,0,55.1
5208,0,3.149708782,62.86402239,0,4.112842872,0.494582371,1.295024892,25.88097485,0,0.637750952,1.565092897,0,0,0,0,0,0,55
5209,0,2.882090336,62.90047269,0,3.886554622,0.49894958,1.142331933,26.05042017,0,0.636817227,2.002363445,0,0,0,0,0,0,55.3
5210,0,2.599973604,62.97347235,0,3.952751749,0.448726409,0.871057147,26.50785271,0,0.640095024,2.006071004,0,0,0,0,0,0,55
5211,0,3.15868803,62.68226351,0,4.259641535,0.645499525,1.68419673,25.0729054,0,0,2.496805269,0,0,0,0,0,0,55.2
5212,0,3.338694114,62.82084271,0,4.400128659,0.398842071,1.691862335,25.62560309,0,0.598263107,0.929559344,0,0,0,0,0.196204567,0,56
5214,0,0,62.13099929,0,4.741295782,1.621342291,6.401395259,23.43194884,0,0,1.673018539,0,0,0,0,0,0,55.7
5216,0,0,61.54636,1.088407434,2.662833282,2.868193175,5.791148989,22.61696957,0,0,3.426087552,0,0,0,0,0,0,50.8
5218,0,0.958036681,62.8957643,0,0,0.275599593,7.618360182,21.39505889,0,0,5.584172709,0.01312379,0.01312379,0,0.088585584,1.158174481,0,49
5219,0,0.953508253,62.84276978,0,0,0.272900638,7.588610508,21.30597751,0,0,5.911751167,0.013151838,0.013151838,0,0.088774906,1.009403564,0,49
5220,0,0.955393029,62.769322,0,0,0.273440074,7.603610727,21.15042499,0,0,6.121104303,0.013177835,0.013177835,0,0.088950385,1.011398827,0,49
5221,0,0.638620054,62.95674501,0,0,0.273224044,7.597603529,21.68674699,0,0,5.721245638,0.013167424,0.013167424,0,0.088880111,1.010599776,0,48
5222,0,0.954229871,62.80148728,0,0,0.276397618,7.620677174,21.20693626,0,0,5.939258333,0.013161791,0.013161791,0,0.088842091,1.085847784,0,49
5223,0,1.268886127,62.76080842,0,0,0.274707306,7.789914317,20.8842959,0,0,5.899666427,0.0130813,0.0130813,0,0.088298777,1.007260122,0,49
5224,0,0.951499934,62.69657724,0,0,1.09356416,7.565746002,21.02550548,0,0,5.543808643,0.013215277,0.013215277,0,0.089203119,1.007664861,0,49
5227,0,9.268223235,59.45686219,0,0,1.601651481,0.633542141,13.96284169,0,0,1.149629841,0,0,4.669703872,0,9.257545558,0,101.3
5228,0,9.135316419,58.97856518,0,0,3.944298629,0,13.38947215,0,0,1.133712453,0,0,4.480169146,0,8.938466025,0,102.5
5229,0,9.352569624,59.43511341,0,0,1.61498708,0,14.193942,0,0,1.159201837,0,0,4.776772897,0,9.46741315,0,102.6
5230,0,9.063946759,58.9879919,0,0,3.913483796,0.622106481,13.13295718,0,0,1.124855324,0,0,4.387297454,0,8.767361111,0,101.9
5231,0,8.991494532,58.6840458,0,0,5.438344563,0,12.87234434,0,0,1.11565227,0,0,4.322692294,0,8.575426194,0,103.2
5232,0,8.061489607,59.88380485,0,0,3.482245958,0,11.83241917,0,0,0.999566975,3.904445727,0,3.944139723,0,7.891887991,0,97.6
5237,0,6.950560424,64.12919778,0,2.17358515,0.006140071,0.951711012,25.5212053,0,0.257882984,0.006140071,0,0.003577205,0,0,0,0,32.5
5238,0,0,60.34996809,0,9.86356477,0.041298945,0.591951549,25.33690294,0,0.004403156,3.809827704,0,0.002082843,0,0,0,0,92.8
5272,0,9.120771596,59.96645233,0,0,3.463097568,1.055353648,14.84484205,0,0,0,0,0,0,0,11.54948281,0,91
5274,0,9.461533329,61.90698605,0,0,0,0,19.08320544,0,0,0,0,0,0,0,9.548275172,0,77
5275,0,9.392448817,62.06793406,0,0,0,0,17.97726668,0,0,0,1.462377027,0,0,0,9.099973411,0,75.3
5276,0,9.471350843,61.67797407,0,0,0,0,17.14583193,0,0,1.051252771,1.474440787,0,0,0,9.179149594,0,81
5278,1.242814976,2.665838123,62.64098182,0,0.018642225,4.495883175,8.637564083,20.248563,0,0,0.031070374,0.006214075,0.01242815,0,0,0,0,36
5279,1.289482497,2.814543528,62.53887201,0,0.030997175,4.562784221,8.772200642,19.93428351,0,0.004141223,0.034096893,0.006199435,0.01239887,0,0,0,0,35
5280,1.291957486,3.059899309,62.50746422,0,0.030908074,4.534214431,8.765529739,19.75334999,0,0.004133028,0.033998881,0.006181615,0.01236323,0,0,0,0,35
5281,1.008694245,2.908504879,62.63703568,0,0.024753233,4.597913031,8.880222342,19.88612857,0,0.004147404,0.034035695,0.006188308,0.012376617,0,0,0,0,35
5282,1.030768314,3.012065492,62.66290958,0,0.030861327,4.440944921,8.85720078,19.91172803,0,0.004143442,0.030861327,0.006172265,0.012344531,0,0,0,0,33
5283,0,0,59.65689353,0,8.118203153,0.009916372,4.376425478,21.2772287,0,2.082438105,3.315373682,0,0,0,0.948666248,0.214854725,0,94
5284,0,0,59.80151354,0,7.800053107,0.816516198,4.268454594,21.17631439,0,1.945034519,2.741635688,0,0,0,1.165029209,0.285448752,0,89
5285,0,0,59.53929721,0,8.020386266,0,4.379023605,20.309147,0,1.461909871,4.379023605,0,0,0,1.321083691,0.590128755,0,91.1
5302,2.10253541,0,62.31043317,0,2.726817633,0,11.64934185,17.95989281,0,0,0,0,0,0,3.250979122,0,0,73.6
5309,0,0,59.29780138,0,9.757905138,2.498147233,9.887598814,18.53075593,0,0,0.027791502,0,0,0,0,0,0,80.6
5310,0,0,59.29047795,0,9.787575645,2.266271459,9.880202544,18.53464246,0,0,0.240829937,0,0,0,0,0,0,81.7
5311,0,0,59.31355906,0,9.77807957,1.97536961,9.864501991,18.58390691,0,0,0.484582857,0,0,0,0,0,0,81.8
5312,0,0,59.29597036,0,9.763779528,1.781689054,9.8872935,18.53018373,0,0,0.741083835,0,0,0,0,0,0,81.9
5313,0,0,59.28134462,0,9.74479392,1.591175925,9.899277019,18.48544769,0,0,0.997960823,0,0,0,0,0,0,81.9
5314,0,0,59.2988417,0,9.717374517,1.056370656,9.908880309,18.5019305,0,0,1.516602317,0,0,0,0,0,0,82.9
5315,0,0,59.27367056,0,9.807917979,0.509542338,9.882033228,18.51028349,0,0,2.016552406,0,0,0,0,0,0,84.5
5316,0,0,59.28487618,0,9.769653554,0.040140802,9.905514729,18.50182177,0,0,2.49799296,0,0,0,0,0,0,85.4
5318,0,3.131647777,59.27462947,0,0,2.720139494,8.578901482,12.69398431,0,0,13.60069747,0,0,0,0,0,0,80
5319,0,8.480780964,61.40939597,0,0,2.440512508,7.687614399,14.73459426,0,0,5.247101891,0,0,0,0,0,0,59
5321,0,3.132177908,59.35477135,0,0,2.745875966,8.554325886,12.17025127,0,0,13.34655808,0,0,0,0.696039535,0,0,82
5353,0,9.143220474,61.36703227,0,0,0,4.539818789,15.89254491,0,0,0,0,0,0,0,9.057383564,0,74
5376,0,0,63.42708503,0,1.313607543,2.529669972,6.802145993,24.10990083,0,0,1.817590636,0,0,0,0,0,0,35.6
5384,0,5.792805311,63.11563996,0,4.063609696,0,2.093561834,24.35077968,0,0.061756986,0.432298904,0,0,0,0,0.08954763,0,48
5385,0,5.916182319,62.83267054,0,4.594677271,0,2.526766595,23.79932701,0,0.1162435,0.214132762,0,0,0,0,0,0,50.5
5386,0,6.07411025,62.78005006,0,4.590684329,0,2.527318235,23.65545449,0,0.201452903,0.170929736,0,0,0,0,0,0,52
5387,0,5.765401464,62.79753699,0,4.546150783,0,2.536531569,23.86116472,0,0.287963729,0.205250743,0,0,0,0,0,0,51.2
5388,0,5.819031802,63.05591438,0,4.1089992,0,2.116011564,24.36488897,0,0.332164606,0.202989481,0,0,0,0,0,0,48.6
5475,0,3.719776813,63.2734036,0,0,1.342219467,7.730936144,20.74085555,0,0,1.971481711,0,0.006199628,1.131432114,0.068195908,0.006199628,0,35.1
5480,0,3.273307616,63.26450504,0,0,1.387258942,7.830998791,20.96163848,0,0,2.057507644,0,0.012469743,1.193977921,0.006234872,0.009352307,0,35.8
5482,0,2.667698812,60.5234168,0,8.199601036,0.747312948,8.318694733,19.32295233,0.220323339,0,0,0,0,0,0,0,0,75.9
5483,0,2.460936342,60.56571886,0,8.266374122,0.756070804,8.337533727,19.10931894,0.504047203,0,0,0,0,0,0,0,0,76.1
5484,0,1.925673692,60.69688252,0,8.36611284,0.780837198,8.418951447,18.62560911,1.185933189,0,0,0,0,0,0,0,0,77.6
5485,0,1.755463881,60.78001112,0,8.33260189,0.74607215,8.455484362,18.54940168,1.38096492,0,0,0,0,0,0,0,0,78.1
5486,0,1.206566506,60.91420616,0,8.422762341,0.754104066,8.532977551,18.1681072,2.001276176,0,0,0,0,0,0,0,0,79
5487,0,0.571510216,61.10587227,0,8.515502215,0.785826547,8.612658951,17.4710673,2.937562509,0,0,0,0,0,0,0,0,80.9
5539,0,0,59.25279215,0.118604421,8.420913913,1.518795506,5.785260106,19.71798504,0,1.396896518,1.578097717,0,0,0,0.922478832,1.288175798,0,92.1
5540,0,0,59.20473217,0.118304305,8.366743345,1.508379888,5.921787709,19.80611239,0,1.577390733,1.528097272,0,0,0,0.732829445,1.235622741,0,92
5546,0,0,59.63750778,0,8.088885976,1.609255678,5.342335551,21.08092163,0,1.743633444,0.963586903,0,0,1.02258202,0.439185867,0.072105142,0,90
5547,0,0,59.59403534,0,8.165276227,1.878736123,5.347172042,20.87630559,0,1.609406819,0.965644091,0,0,0.939368061,0.525520594,0.098535111,0,90
5548,0,0,59.50841306,0,8.010557572,1.900362917,5.36456615,20.62025734,0,1.623226658,0.973276146,0,0,1.454965358,0.531177829,0.013196965,0,90.3
5549,0,0,59.54971241,0,8.092029581,1.75842235,5.475760066,20.74609696,0,1.597370583,0.854560394,0,0,1.452752671,0.460147905,0.013147083,0,90.5
5550,0,0,62.29566202,0,0,4.196447527,4.642275847,22.27018612,0,0,6.595428491,0,0,0,0,0,0,47
5551,0,5.682715075,62.80735839,0,2.556007528,0.883370773,5.433792727,21.33446664,0,0,0.953190456,0,0,0,0,0.349098415,0,42
5552,0,3.376466474,62.9002003,0,3.268368677,1.204972499,3.967825009,23.76243919,0,0,1.122309478,0,0,0,0,0.39741837,0,46
5553,0,2.446766301,62.37270202,0,0,3.693294538,6.679010713,20.18251554,0,0,3.792487766,0,0,0,0,0.833223119,0,46
5554,0,2.892935555,62.38538034,0,0.652201989,3.993930001,7.109647423,20.09557019,0,0,2.870334496,0,0,0,0,0,0,42
5555,0,0,63.30250726,0,0,0.030047074,6.62371048,23.29315928,0,0,4.744099089,0,0,0.043401329,0,1.963075485,0,50
5556,0,2.634880803,62.36875124,0,0,4.140526976,6.590503863,20.12481014,0,0,4.140526976,0,0,0,0,0,0,45
5557,0,4.585817582,61.56285678,0,0.837244704,4.405048839,8.023595078,17.23962958,0,0,3.345807434,0,0,0,0,0,0,41
5558,0,6.850239176,63.65448301,0,1.796884582,0.19624678,2.336563228,23.80412118,0,0.380228137,0.42315712,0,0,0,0,0.558076782,0,38
5559,0,1.856583757,63.26292978,0,0.763334088,0.268460717,5.750881392,23.31079988,0,0.414011709,3.033929553,0,0,0.62425203,0,0.714817091,0,48
5560,0,9.184505299,63.44917122,0,2.306693638,0.187192416,0.628000362,23.44434045,0,0.597808037,0.202288578,0,0,0,0,0,0,38
5561,0.63455955,9.847645844,62.89323236,0,0.305306953,0.236463228,0.933880092,22.17965219,0,2.628034362,0.341225418,0,0,0,0,0,0,43
5562,0,5.202488412,63.57648207,0,0,0.789826787,6.397901927,21.48084899,0,0.256160039,1.951695535,0,0,0.344596243,0,0,0,36
5563,0,0,62.08097669,0,6.863015588,0,0,27.59346117,0,0,3.462546558,0,0,0,0,0,0,74
5591,0,0,60.03026373,0,9.239701068,1.581125317,8.937063801,20.21184609,0,0,0,0,0,0,0,0,0,78.8
5594,0,2.950374698,60.40302118,0,8.697704608,0,8.538384375,19.41051514,0,0,0,0,0,0,0,0,0,80.2
5595,1.278772379,4.795396419,62.6758312,0,0,3.24488491,4.219948849,21.59526854,0,0.319693095,1.774296675,0,0.095907928,0,0,0,0,41.9
5597,0,0,61.23692893,0,9.081250349,0.005591903,8.913493262,16.29480512,3.617961192,0,0.013979757,0.835989487,0,0,0,0,0,81.8
5598,0,0,61.94895592,0,8.018787844,0.005658989,7.854677155,17.39007413,3.644389112,0,0.014147473,1.123309377,0,0,0,0,0,74.4
5603,0,0,61.5340812,0,8.416377199,0.566596435,7.903877911,17.07192073,3.627356073,0.034166619,0.011388873,0.825693298,0.005694437,0,0,0,0,79.2
5604,0,0,61.71634121,0,7.873701039,0.568116935,7.907959347,17.14342811,3.642800046,0.034258308,0.285485897,0.822199383,0.005709718,0,0,0,0,76.6
5605,0,0.992412659,60.9872198,0,8.435507602,0.770273779,8.568213946,17.91535643,2.331015781,0,0,0,0,0,0,0,0,79.7
5606,0,0.290490701,61.17392419,0,8.54384416,0.788881611,8.657762082,17.34400365,3.201093612,0,0,0,0,0,0,0,0,81.1
5630,0,5.902202226,61.4373668,0,5.671323704,0.766635094,6.340279422,19.57435472,0,0.005919962,0.278238219,0,0.005919962,0.002959981,0.005919962,0,0,52.2
5669,0,0,60.54951559,0,9.607177347,0.962586835,6.473318588,21.89028379,0.517117847,0,0,0,0,0,0,0,0,81.4
5670,0,0,60.46805819,0,9.740670462,0.948766603,6.072106262,22.77039848,0,0,0,0,0,0,0,0,0,80.5
5671,0,0,60.94244149,0,8.791903858,0.948766603,6.072106262,23.24478178,0,0,0,0,0,0,0,0,0,73.4
5682,0,0,59.83792545,0,9.270664506,3.209076175,5.964343598,21.45867099,0,0.259319287,0,0,0,0,0,0,0,90.8
5683,0,0,59.94254708,0,9.128630705,2.649218002,6.894350463,21.12990744,0,0.255346313,0,0,0,0,0,0,0,87.6
5684,0,0,60.04514673,0,9.222831345,2.67655595,5.933569816,21.86391487,0,0.257981296,0,0,0,0,0,0,0,86.3
5686,0,1.147593242,59.9298693,0,9.116990755,2.645839974,5.86547657,21.03920944,0,0.25502072,0,0,0,0,0,0,0,90.9
5688,0,0.644745326,59.92907801,0,9.090909091,3.288201161,5.931656995,21.11540941,0,0,0,0,0,0,0,0,0,95.8
5689,0,0,60.12491782,0,9.270216963,3.353057199,4.733727811,22.51808021,0,0,0,0,0,0,0,0,0,88.1
5690,0,0,60.25982678,0,9.393737508,3.397734843,3.464357095,23.48434377,0,0,0,0,0,0,0,0,0,87.2
5714,0,0,60.57894087,0,9.542031848,0.950499938,6.789285273,21.34921615,0.790025923,0,0,0,0,0,0,0,0,81.8
5868,0,0,61.26171493,0,9.041824031,0.005595188,8.873968387,16.0833683,3.608896349,0,0.01398797,1.110644845,0,0,0,0,0,81.8
5869,0.529582598,0,61.56824782,0,7.818461363,0.560901999,7.903877911,17.11462901,3.621661637,0.034166619,0.014236091,0.825693298,0.005694437,0,0,0,0,78.6
5870,0,0,61.54481031,0,7.883427726,0.560662549,7.87773572,17.07317073,3.654267581,0.569200558,0.011384011,0.819648803,0.005692006,0,0,0,0,81.7
5872,0,0.283832879,61.79325613,0,7.794050863,0.570504087,7.913260672,17.15769755,3.610354223,0.034059946,0.011353315,0.825953678,0.005676658,0,0,0,0,75.9
5873,0,0,61.2416928,0,9.102678443,0.005753905,8.049713743,18.78074743,2.819413677,0,0,0,0,0,0,0,0,83.1
5874,0,0,61.62390443,0,7.960429262,0.575626971,8.081918371,18.9002343,2.857886668,0,0,0,0,0,0,0,0,77.4
5875,0,0,61.9687973,0,6.863429969,1.161369193,8.132495052,19.01560135,2.858307137,0,0,0,0,0,0,0,0,70.2
5886,0,0,61.39673188,0,0.033348155,0,6.05824811,16.97698977,5.285682526,10.24899956,0,0,0,0,0,0,0,110
5907,0,4.17219799,60.93621594,0,2.206207725,0,3.792907263,21.36355016,0,4.741134079,0,0,0,0.056893609,0,2.73089323,0,77.2
5908,0,0.136193395,61.29043241,0,2.240381342,1.872659176,2.315287709,24.10963568,0,4.630575417,1.668369084,0.680966973,0,0.885257065,0,0.170241743,0,77.3
5909,0,1.750328187,60.4175783,0,4.457085704,0,6.876289304,20.22254173,0,3.569419266,1.784709633,0.312558605,0,0.012502344,0,0.596986935,0,82.9
5911,0,1.513357837,61.05732608,0,2.063081838,0.16168353,3.27247464,23.92916238,0,6.357396385,1.642704661,0,0,0,0,0,0,80.7
5912,0,4.494808812,60.8825019,0,2.836161053,0.503291973,3.798429982,20.93567992,0,3.798429982,1.076221828,0,0,0.031653583,0,1.642820967,0,78
5914,0,11.57255315,61.361805,0,0,0,1.859542553,16.93733342,0,1.859542553,0,0,0,0.127068741,0,6.28215459,0,71.9
5944,0,7.417905497,62.62099328,0,3.889877273,0,2.291710641,22.75728975,0,0.850345264,0.171878298,0,0,0,0,0,0,53
5945,0,6.543731203,62.42974755,0,4.234893824,0,2.576176444,22.9304007,0,1.026825045,0.258225233,0,0,0,0,0,0,53.8
5946,0,6.795586809,62.56668283,0,4.03128031,0.118210475,2.564258002,22.89645975,0,0.854752667,0.172769156,0,0,0,0,0,0,53
5947,0,6.540635828,62.41869795,0,4.236824509,0.118533828,2.571272263,22.9135007,0,1.027293174,0.173241748,0,0,0,0,0,0,54
5948,0.254368168,7.201041698,62.50189262,0,3.948762983,0,2.216636889,22.80228931,0,0.811555582,0.263452745,0,0,0,0,0,0,52.6
5949,0.26125524,7.193632663,62.41569962,0,3.912752901,0.118476214,2.229783097,22.61376754,0,0.814144237,0.264293092,0,0,0,0,0.176195395,0,52.5
5953,0.260772006,7.265229388,62.44883107,0,3.935837957,0,2.17714303,22.68413233,0,0.818702811,0.239546378,0,0,0,0,0.169805027,0,52.6
5954,1.242814976,2.665838123,62.65030294,0,0,4.495883175,8.637564083,20.25788411,0,0,0.031070374,0.006214075,0.01242815,0,0,0,0,36
5955,0,1.049344964,59.30730357,0,10.98271478,1.107284257,3.817555606,22.25190717,0,1.15878585,0.325103808,0,0,0,0,0,0,96
5956,0,0,59.08740661,0,10.48611344,3.242989715,3.209487755,22.37595899,0,1.125665851,0.472377634,0,0,0,0,0,0,101
5957,0,1.234686988,59.08491688,0,10.51413138,2.363268062,4.668660172,21.02826276,0,1.10607376,0,0,0,0,0,0,0,89
5958,0,0.293331595,59.14542729,0,10.70334398,2.770353953,4.699824001,21.55987224,0,0.827846946,0,0,0,0,0,0,0,87.5
5959,0,2.954571996,61.07283273,0,11.00471019,0,1.634941025,0,18.50986804,4.823076025,0,0,0,0,0,0,0,190
5960,14.6725521,2.037264972,60.82084801,0,0,0,0.848860405,0,18.35660626,0,0,0,0,0,0,3.263868257,0,137
5961,18.77022654,2.187255887,58.48454414,0,0,0,0.892757505,0,16.54279656,0,0,0,0,0,0,3.122419373,0,148
5987,0,19.24443935,57.56133914,0,0,0,8.306581059,1.347168081,0,0,2.806122449,0,0,0,0,10.73434992,0,100
6000,7.8125,7.5,57.1875,0,7.8125,0,0,18.4375,0,0,0,0,0,0,0,1.25,0,116
6001,0,17.24137931,60.34482759,0,0,0,2.298850575,12.06896552,0,2.298850575,0,0,0,0,0,5.747126437,0,73
6084,0,3.273664935,60.60764603,0,0,0,0.769834448,19.19354236,0,0,0,0,0,4.499420756,0,11.65589148,0,100
6085,0,6.857142857,60.96296296,0,0,0,0.670194004,18.1622575,0,0,0,0,0,0,0,13.34744268,0,94
6088,0,1.840940217,63.34363156,0,0,1.643469121,7.771443132,21.88107144,0,0,1.856865306,0,0,0.465012581,0,1.197566646,0,37.9
6135,0,8.708684598,65.73263749,0,0,0,1.600428208,19.24528302,4.704937776,0,0,0,0,0,0,0,0,42.8
6147,6.201301824,0,58.43781063,0,6.727161959,0.009619393,4.463398211,20.93179851,0,1.590406259,0.663738096,0.003206464,0.006412928,0,0.965145734,0,0,84.2
6150,5.316731518,2.440466926,59.23424125,0,5.86459144,0.491828794,4.874708171,20.28949416,0,0.771984436,0.214785992,0.00311284,0.006225681,0,0.491828794,0,0,87.4
6152,8.24005565,0,58.53727945,0,6.304938974,0,5.141339404,20.88787706,0,0,0,0,0,0,0.888509454,0,0,90
6153,4.124168514,0,59.19227114,0,7.380424454,0.947101679,5.974025974,20.99461514,0,0.791891036,0.044345898,0.104529617,0,0,0.446626544,0,0,90.6
6154,4.826869152,0,59.37805224,0,6.843315794,0.340275371,6.377012508,21.16638836,0,0.170137685,0.573427014,0,0.006301396,0,0.318220486,0,0,84.2
6155,4.05418266,0,59.20439045,0,7.34067189,0.015861435,5.957554801,21.0703296,0,0.780382578,1.12616185,0.003172287,0.006344574,0,0.440947879,0,0,90.1
6163,0,5.689676089,62.82603421,0,2.559747665,0.882567027,5.440980226,21.3666141,0,0,0.885599903,0,0,0,0,0.348780784,0,42
6164,0,5.194646831,63.57345365,0,0,0.78956193,6.432338506,21.4614517,0,0.25607414,1.947992562,0,0,0.344480688,0,0,0,36
6171,0,3.348073279,61.90777006,0,7.770056854,0,1.895135818,24.16298168,0,0,0,0,0,0,0.915982312,0,0,59
6172,0,2.04865557,61.39564661,0,9.218950064,0,1.920614597,24.48783611,0,0,0,0,0,0,0.928297055,0,0,63.7
6181,0,0,62.40745084,0,0,5.182753191,8.154377031,20.72431237,0,0,3.504305002,0,0.026801568,0,0,0,0,39
6182,0,0,62.18322929,0,0,6.438333052,8.118778471,20.29357179,0,0,2.93909229,0,0.026995107,0,0,0,0,40
6183,0,0,62.10926974,0,0,6.150633252,8.387227162,20.01145244,0,0,3.314470493,0,0.026946915,0,0,0,0,40
6184,0,0,62.37510127,0,0.067512827,6.562246827,7.642452066,20.94923035,0,0,2.376451526,0,0.027005131,0,0,0,0,39
6185,0,0,62.23191688,0,0,5.14186759,8.905021979,19.99800186,0,0,3.696549887,0,0.026641801,0,0,0,0,40
6186,0,0,61.89666315,0,0,6.183883806,8.149937073,19.70475186,0,0,4.037552298,0,0.02721181,0,0,0,0,40
6208,0,13.49393712,61.08219766,0,4.662517437,0,6.025324606,14.73602318,0,0,0,0,0,0,0,0,0,58
6209,0,13.50764834,60.31334357,0,5.83814111,0,7.097866935,13.24300005,0,0,0,0,0,0,0,0,0,66.1
6210,0,15.33845293,60.99018461,0,3.448100493,0,8.376137924,11.84712404,0,0,0,0,0,0,0,0,0,56.2
6211,0,13.51960101,59.02558052,0,8.762803668,0,6.038504853,12.65350995,0,0,0,0,0,0,0,0,0,83.4
6232,0,0,60.97265761,0,8.987927407,0.003102945,4.034635922,23.03156398,1.433847535,1.526954518,0.006207132,0,0,0,0,0,0,93.3
6233,0,0,60.48876999,0,9.21250627,0.011146408,9.128908209,16.19573093,3.650448643,1.304129744,0.008359806,0,0,0,0,0,0,97.7
6234,0,0,59.98923147,0,9.430968034,0.008501474,8.1330764,16.64588529,3.43459533,2.34640671,0.008501474,0,0,0,0,0,0,108.2
6250,0,0,65.04859208,0,0,0,0,0,20.06478943,0,0,0,0,0,0,0,14.88661849,148.2
6251,0,0,66.68589815,0,0,0,0,0,22.2478642,0,0,0,0,0,0,0,11.06623766,146.2
6252,0,0,68.13408484,0,0,0,0,0,24.17877979,0,0,0,0,0,0,0,7.68713537,141.7
6253,0,0,67.98969725,0,0,0,0,3.285056792,21.79622514,0,0,0,0,0,0,0,6.929020817,115.1
6254,0,0,67.34508018,0,0,0,3.880419719,0,21.83330034,0,0,0,0,0,0,0,6.941199762,94.2
6270,0,0,59.36464088,0,0,2.268646409,12.20994475,12.62430939,0,0,13.53245856,0,0,0,0,0,0,75
6271,0,0,58.91034483,0,0,2.282758621,13.2137931,11.2137931,0,0,14.37931034,0,0,0,0,0,0,77
6283,6.390245459,0,59.09221488,0,6.390245459,0,5.190079479,21.08270293,0,0,0.95757924,0,0,0,0.896932555,0,0,86.1
6284,4.02833112,0,59.33725416,0,7.335736419,0.012647821,5.931828243,21.02384114,0,0.777841017,0.793650794,0.003161955,0.006323911,0,0.749383419,0,0,87.6
6285,3.294384429,0,59.3776574,0,8.383987906,0.551163743,6.393499417,21.16468773,0,0.170073384,0.343296274,0,0.006299014,0,0.31495071,0,0,87
6304,0,6.153103698,60.53266574,0,0,0,3.360077215,17.82891959,0,9.096941546,0,2.681426072,0,0,0.34686614,0,0,90
6305,0,2.483422182,60.70406969,0,6.969184761,0,0,20.13067221,0,4.128201794,0,5.408919516,0,0,0.17552984,0,0,91
6306,3.343346881,0,59.12705425,0,2.417388231,3.095953349,0,18.69234847,0,5.301289981,0,4.686340343,0,0,0.406432232,2.929846263,0,81
6317,0,9.565194351,65.59444636,0,0,0,1.563286611,18.57396465,4.695159111,0,0,0,0,0,0,0,0,43
6338,0,0,58.97184021,0,9.430255403,1.833660773,5.893909627,20.33398821,0,1.24426981,2.292075966,0,0,0,0,0,0,94.9
6339,0,0,58.78846777,0,9.335924846,1.946873988,7.13313897,19.26141885,0,1.166180758,2.367994817,0,0,0,0,0,0,93.3
6340,0,0,59.64450296,0,8.953258723,2.106649111,4.674127716,22.05398288,0,1.25082291,1.316655695,0,0,0,0,0,0,90
6341,0,0,59.34869512,0,9.158568689,2.109265819,5.908544314,20.93990705,0,1.235009263,1.30000975,0,0,0,0,0,0,91.3
6342,0,0,58.43232717,0,9.918857514,2.074001947,6.93930542,18.77637131,0.129827978,1.23336579,2.495942876,0,0,0,0,0,0,95.1
6343,0,0,59.40647711,0,9.071783756,1.820094352,7.08912406,20.18679077,0.127502231,1.147520082,1.150707637,0,0,0,0,0,0,93.3
6344,0,0,59.34458144,0,9.085009734,1.65476963,5.775470474,20.47371836,0.324464633,1.232965607,2.109020117,0,0,0,0,0,0,92.4
6345,0,0,58.5728124,0,9.622215047,2.066515983,7.039070068,18.59864385,0.322893122,1.29157249,2.486277042,0,0,0,0,0,0,93.4
6346,0,0,59.49693647,0,9.158336021,1.999355047,5.869074492,20.73524669,0.32247662,1.160915834,1.25765882,0,0,0,0,0,0,93.8
6347,0,0,58.91631278,0,9.693796098,2.136083528,7.018104026,19.3301191,0.319294997,1.277179987,1.309109486,0,0,0,0,0,0,94
6352,0,0.72892154,61.05435344,0,8.49451874,0.769098318,8.597830454,17.68065201,2.674625495,0,0,0,0,0,0,0,0,80.2
6353,0,0.045302679,61.20958152,0,8.635823093,0.798459709,8.732091285,17.03946996,3.539271759,0,0,0,0,0,0,0,0,82
6355,0,0,60.83897077,0,8.558830635,0.003020053,6.336071515,21.22493356,1.540227108,1.491906258,0.006040106,0,0,0,0,0,0,91.3
6356,0,0,60.39755778,0,9.027293763,0.011151691,8.809835791,16.13370877,3.785999052,1.823301458,0.008363768,0,0,0,0,0,0,102.2
6364,0,0,61.0059138,0,9.228932105,0.005686341,9.064028204,17.27794837,2.831798021,0,0.017059024,0.568634141,0,0,0,0,0,82.9
6365,0,0,60.77833622,0,9.799236494,0.005492846,9.799236494,14.70160116,3.91639889,0,0.019224959,0.980472934,0,0,0,0,0,86.8
6367,0,0,61.5316726,0,8.421352313,0.566548043,7.903202847,17.07046263,3.627046263,0.034163701,0.0113879,0.825622776,0.00569395,0,0,0,0,79.2
6369,3.806187974,9.824868651,59.63806188,0,4.897840047,0,2.609457093,18.01517805,0,1.208406305,0,0,0,0,0,0,0,75
6371,0,7.096338167,64.18653232,0,2.144261489,0,0.743425903,25.6266896,0,0.202752519,0,0,0,0,0,0,0,33
6382,0,4.074263533,60.73180273,0,8.527668282,0.006018115,5.669063882,20.88887552,0,0.084253603,0.009027172,0,0,0,0,0,0,75.4
6387,0,3.117294286,59.96529575,0,10.02161405,0.45054644,6.021492283,20.37504947,0,0.024353862,0.015221164,0,0,0,0,0,0,84.8
6388,0,1.993083936,60.92738133,0,8.160955674,1.361207168,5.07387614,22.41433511,0,0.044011317,0.015718328,0,0,0,0,0,0,73.9
6393,0,1.967872748,60.9380403,0,8.085253529,1.414605011,5.155449373,22.36962057,0,0.044009934,0.015717833,0,0,0,0,0,0,71.2
6394,0,2.641123407,60.41414799,0,8.76034595,1.314361884,5.685235128,21.0793887,0,0.086797483,0.00929973,0,0,0,0,0,0,76.7
6395,0,2.940111084,59.89193432,0,9.744023183,0.054334702,6.562424535,20.20345327,0,0.597681719,0.006037189,0,0,0,0,0,0,87.7
6404,2.625248716,4.009146794,61.14394322,0,4.032904701,0.466248923,7.056098358,19.81112464,0,0.285094883,0,0.261336976,0.30885279,0,0,0,0,60.4
6405,0,2.40453081,60.62835613,0,7.939149108,0.497695903,7.765255359,19.69196803,0,0.275831464,0.011992672,0.380767348,0.395758188,0,0.002698651,0,0,76
6406,2.637644631,4.009932716,61.15771219,0,3.986170152,0.466340323,7.051540939,19.8209489,0,0.285150771,0.011881282,0.255447566,0.308913335,0,0.002376553,0,0,60.3
6408,0,0,60.18489664,0,10.38052699,0,0,25.56005678,0,0,3.87451958,0,0,0,0,0,0,100
6409,0,0,60.43626589,0,10.20710569,0,0,25.4936421,0,0,3.380543782,0.482442538,0,0,0,0,0,94
6410,0,0,60.75515263,0,10.5802859,0,0,25.64598825,0,0,1.864113273,1.15445995,0,0,0,0,0,88
6411,0,0,61.38944556,0,10.42084168,0,0,26.15230461,0,0,0.200400802,1.837007348,0,0,0,0,0,86
6412,0,0,59.93496731,0,10.20244047,0,0,24.37677004,0,0,4.891437362,0.594384812,0,0,0,0,0,95
6413,0,0,59.92517221,0,10.21714046,0,0,23.90992692,0,0,4.898772684,1.048987727,0,0,0,0,0,98
6414,0,0,59.88838507,0,10.46389955,0,0,23.36937565,0,0,4.638995466,1.639344262,0,0,0,0,0,99
6415,0,0,59.90237099,0,10.46025105,0,0,22.94281729,0,0,4.60251046,2.092050209,0,0,0,0,0,100
6416,0,0,59.76931143,0,10.55574974,0,0,21.950367,0,0,4.858441105,2.866130724,0,0,0,0,0,103
6417,0,0,59.81830887,0,10.48218029,0,0,21.4185884,0,0,4.821802935,3.459119497,0,0,0,0,0,103
6418,0,0,60.22924627,0,10.07294199,0,0,24.86974644,0,0,4.202848211,0.625217089,0,0,0,0,0,91
6419,0,0,60.33114867,0,10.348396,0,0,24.66367713,0,0,3.483959986,1.172818213,0,0,0,0,0,92
6420,0,0,60.58214615,0,10.50869461,0,0,24.67971713,0,0,2.490519627,1.738922483,0,0,0,0,0,91
6421,0,0,60.76636148,0,10.64767718,0,0,24.38114615,0,0,1.729399797,2.475415395,0,0,0,0,0,90
6422,0,0,60.91428571,0,10.94453782,0,0,24.04369748,0,0,0.840336134,3.257142857,0,0,0,0,0,89
6423,0,0,61.18157543,0,10.8811749,0,0,23.79839786,0,0,0.133511348,4.005340454,0,0,0,0,0,86
6430,7.300509338,0,65.5131308,0,0,0,3.648448506,0,21.90152801,0,0,0,0,0,0,1.258895351,0.377487989,92
6479,0,1.9251131,60.09561395,0,0,0,3.426701319,22.65858119,0,10.286521,1.607469439,0,0,0,0,0,0,90
6494,0,31.45990404,59.12497144,0,4.596755769,0,0,4.818368746,0,0,0,0,0,0,0,0,0,82
6500,0,18.05759933,58.97624553,0,6.248686147,0,5.187092705,9.454488123,0,0,1.29808703,0,0,0,0,0.777801135,0,74.7
6528,0,5.745562309,63.35540839,0,0,1.388006895,7.06401766,20.30602679,0,0,1.711572772,0,0,0,0,0.429405183,0,32
6530,0,4.620934138,63.13203557,0,0,1.741401828,6.922072268,20.49256795,0,0,1.545494123,0,0,1.533055538,0,0.012438584,0,38
6533,0,5.834949103,63.40281144,0,0,0.684682501,6.768056229,20.50412021,0,0,2.672079496,0,0,0.133301018,0,0,0,32
6534,0,0,60.21056326,0,9.264783295,2.049482365,0.084225303,25.03246184,0,0.042112651,3.316371293,0,0,0,0,0,0,95
6558,0,0,61.66666667,0,10,0,0,23.33333333,0,0,0,5,0,0,0,0,0,150
6559,0,0,60,0,13.33333333,0,0,21.66666667,0,0,0,5,0,0,0,0,0,175
6560,0,0,63.33333333,0,6.666666667,0,0,26.66666667,0,0,0,3.333333333,0,0,0,0,0,90
6561,0,0,61.66666667,0,10,0,0,25,0,0,0,3.333333333,0,0,0,0,0,110
6562,0,0,60,0,13.33333333,0,0,23.33333333,0,0,0,3.333333333,0,0,0,0,0,130
6563,7.973174367,13.68795139,57.97317437,0,3.295884443,0,0.332454431,15.29290382,0,1.444457182,0,0,0,0,0,0,0,93
6564,7.838815418,14.89770544,58.23442975,0,3.238385894,0,0.327794733,14.75076297,0,0.712105799,0,0,0,0,0,0,0,80.3
6565,8.783670738,16.02253081,57.877419,0,2.649043556,0,0.323462161,13.64675701,0,0.697116725,0,0,0,0,0,0,0,83.3
6566,9.677061369,16.61302852,57.47974698,0,3.107313284,0,0.155365664,12.96748419,0,0,0,0,0,0,0,0,0,84.2
6567,8.057395143,12.35622168,58.65574532,0,2.219123969,0,0.505402579,16.74799582,0,1.458115487,0,0,0,0,0,0,0,74.4
6568,9.046524986,13.34290638,58.29982769,0,1.636990235,0,0.499712809,15.73808156,0,1.435956347,0,0,0,0,0,0,0,79.3
6569,6.381522669,13.94924437,58.84516681,0,2.235528942,0,0.507556316,15.87396635,0,2.207014542,0,0,0,0,0,0,0,77.1
6570,7.422692069,14.69840014,58.510939,0,1.6507434,0,0.503137543,15.04324722,0,2.170840635,0,0,0,0,0,0,0,77.9
6571,9.087769784,13.16834532,57.98561151,0,1.916546763,0,0.500719424,15.53956835,0,1.801438849,0,0,0,0,0,0,0,82.9
6572,5.858907931,14.08073791,58.5008256,0,2.824118886,0,0.512440927,15.43870637,0,2.78426237,0,0,0,0,0,0,0,77.8
6573,10.02725414,14.34249375,57.76175335,0,1.073131955,0,0.488303429,14.54122189,0,1.765841472,0,0,0,0,0,0,0,80.9
6574,8.671026509,11.90587411,58.27980848,0,1.95025108,0,0.507999533,16.67055938,0,2.014480906,0,0,0,0,0,0,0,81.7
6575,0,3.03030303,62.12121212,0,0,6.060606061,12.12121212,16.66666667,0,0,0,0,0,0,0,0,0,25.8
6701,1.045068583,5.205747877,61.84846506,0.731548008,0.235140431,5.293925539,4.389288047,20.23840627,0,0.052253429,0.875244938,0.022860875,0.058785108,0,0,0,0,41.9
6702,1.012785872,10.11009054,62.55152962,0,0.2428317,0,1.036476769,21.78378033,0,3.257498418,0,0.000071,0.001184545,0,0,0,0,44
6706,0,6.476190476,58.0952381,0,0,13.33333333,1.142857143,12.38095238,0,0,8.571428571,0,0,0,0,0,0,87.1
6708,0,6.427221172,58.4120983,0,0,12.85444234,1.134215501,11.90926276,0,0,8.128544423,0,0,0,1.134215501,0,0,91.8
6714,0,10.41666667,59.02777778,0,0,12.15277778,2.083333333,11.11111111,0,0,4.513888889,0,0,0,0.694444444,0,0,70.3
6760,0,1.771672752,61.37997774,0,2.177000097,1.019855901,3.000729864,23.91431338,0,4.90969091,1.706297374,0,0,0.117675681,0,0,0,76.7
6762,0,0,61.36693131,0,2.064204349,1.863997239,1.31170176,24.84639282,0,4.853296514,2.002071108,0.690369348,0,1.001035554,0,0,0,77.2
6822,0,0.745736334,60.33979638,0,2.781920757,1.459049348,4.610595941,22.23591207,0,6.335516503,0.56740808,0.324233189,0,0.259386551,0,0.340444848,0,87.3
6823,0,0.530521569,61.14261083,0,2.778606718,1.989455884,3.978911768,22.81242747,0,4.11154216,0.765940515,0.663151961,0,0.530521569,0,0.696309559,0,77.3
6824,0,0,61.29795331,0,2.050121705,1.854708766,1.988412356,24.34090987,0,4.799616031,1.988412356,0.685659433,0,0.994206178,0,0,0,77
6825,0,0.529170525,60.88437624,0,2.639237994,1.752877365,4.617012832,22.66503506,0,4.299510517,1.752877365,0,0,0.016536579,0,0.843365525,0,78
6827,0,3.551271482,61.12308961,0,2.21320312,0,3.798592175,21.43128924,0,4.775191832,1.236603462,0.634155622,0,0.025366225,0,1.211237238,0,77.9
6905,0,7.224614687,59.72064823,0,8.335222121,0,8.335222121,15.82898912,0,0,0.555303717,0,0,0,0,0,0,78.5
6906,0,8.289191931,59.94308577,0,7.736954807,0,7.736954807,15.74157557,0,0,0.552237124,0,0,0,0,0,0,75.9
6911,0,7.111329083,64.04794017,0,2.151790093,0,0.931829328,25.35250123,0,0.404610103,0,0,0,0,0,0,0,32.5
6916,0,0,60.73166523,0,8.849007765,0.103537532,0.531492666,25.68766178,0,0.131147541,3.965487489,0,0,0,0,0,0,90
6949,0,0,61.99760048,0,4.672398854,2.986069453,4.679064187,23.99186829,0,0,1.672998734,0,0,0,0,0,0,58
6951,0,5.743023003,62.12088287,0,2.582808183,1.735324248,4.706174526,20.62831776,0,0.639493372,1.070996182,0,0,0.772979853,0,0,0,40.5
6973,0,0,60.59902465,0,9.252669112,0.712798213,0.918413082,25.40371709,0,0.082245948,3.025965491,0,0.005166416,0,0,0,0,97
6974,0,0,61.00885665,0,8.747508726,0.398232888,0.871347173,25.643475,0.224644193,0.054459198,3.046311404,0,0.005164774,0,0,0,0,95.5
6975,0,0,60.59658898,0,9.512808317,0.563973636,0.81538357,24.91676293,0.4416661,0.081538357,3.064483251,0,0.006794863,0,0,0,0,93
6976,0,0,60.61497869,0,9.491915297,0.66977877,1.014816318,24.55517218,0.608889791,0,3.044448955,0,0,0,0,0,0,94.5
6977,0,0,60.67650428,0,9.446802776,0.670439997,1.010713564,24.35819689,0.808570851,0,3.028771646,0,0,0,0,0,0,99
6978,0,0,60.81529999,0,9.30235106,0.766234119,0.846890342,24.46236032,0.947710621,0.053770815,2.802803751,0,0.002578983,0,0,0,0,103
6979,0,0,61.53846154,0,15.38461538,0,3.846153846,0,19.23076923,0,0,0,0,0,0,0,0,157.5
6980,0,0,61.328125,0,15.625,0,3.90625,0,18.75,0,0,0.390625,0,0,0,0,0,168
6981,0,0,61,0,16,0,4,0,18,0,0,1,0,0,0,0,0,158
6982,0,0,60.41666667,0,16.66666667,0,4.166666667,0,16.66666667,0,0,2.083333333,0,0,0,0,0,157.5
6983,0,0,59.7826087,0,17.39130435,0,4.347826087,0,15.2173913,0,0,3.260869565,0,0,0,0,0,168
6984,5.022735222,0,60,0,0,4.980762504,0,20,0,0,4.973767051,0,5.022735222,0,0,0,0,80
6985,5.022735222,0,60,0,0,4.980762504,2.798181182,20,0,0,4.973767051,0,2.22455404,0,0,0,0,77
6986,5.022735222,0,60,0,0,4.980762504,5.022735222,20,0,0,4.973767051,0,0,0,0,0,0,71
6988,0,0,59.38455657,0,9.378185525,0,8.142201835,19.38710499,0,0,3.70795107,0,0,0,0,0,0,93.8
7067,0,9.549278846,62.98076923,0,0,0.462740385,4.399038462,18.98137019,0,0,3.533653846,0,0,0.087139423,0.003004808,0,0,37
7138,0,2.953051782,60.41967522,0,7.94553653,0.68668769,8.045739884,18.67613687,0,0,0,0,1.273172026,0,0,0,0,76.1
7139,0,3.19484066,60.46221075,0,8.204255623,0.606841243,7.877037306,19.12144857,0,0.001189885,0.010708963,0.217153974,0.303420621,0,0,0,0,75.5
7140,0,3.152060139,60.46008183,0,8.266723761,0.538229137,7.892044914,19.09077933,0,0.000594728,0.009813017,0.291416881,0.297364164,0,0,0,0,77.2
7141,0,3.227528923,60.46277069,0,8.270542866,0.447938297,7.914565411,18.95876594,0,0.011865915,0.008899436,0.364876891,0.320379709,0,0.002966479,0,0,75.1
7230,0,0.534045394,61.21495327,0,2.79706275,2.002670227,3.337783712,23.63150868,0,4.14552737,0.767690254,0.333778371,0,0.534045394,0,0.700934579,0,77.2
7231,0,0.527339244,60.67367588,0,2.630104479,1.614976435,4.620810125,22.56682377,0,4.956988893,1.618272305,0,0,0.016479351,0,0.774529515,0,83.1
7233,0,0.534045394,61.21495327,0,2.79706275,2.002670227,3.337783712,23.29773031,0,4.14552737,0.767690254,0.667556742,0,0.534045394,0,0.700934579,0,76.2
7334,0,26.88378524,56.12822285,0,2.954656016,1.894666769,1.971477584,0,0.834677523,3.891747958,5.44076606,0,0,0,0,0,0,103
7335,0,25.62400223,56.31097484,0,2.817829359,1.806755695,3.755416466,0,0.795682031,3.704736082,5.184603299,0,0,0,0,0,0,100
7336,0,23.29750046,54.23292244,0,12.33211554,0,2.023812653,0,1.31416406,0,6.799484848,0,0,0,0,0,0,129
7337,0,22.17661271,54.51144423,0,11.73780884,0,3.850250708,0,1.252240784,0,6.471642722,0,0,0,0,0,0,123
7338,0,6.085555754,67.40647933,0,0,0,3.185967424,0,20.11813138,0,3.203866118,0,0,0,0,0,0,72.9
7339,0,5.890856523,67.04011565,0,0,0,4.698229129,0,19.19045898,0,3.180339718,0,0,0,0,0,0,67.4
7340,0,2.065298589,64.10774707,0,4.618359186,0,2.245462934,0,18.91286198,0,8.050270247,0,0,0,0,0,0,95.8
7341,0,4.192933587,64.46478313,0,4.276708484,0,2.098561166,0,18.61478208,0,6.352231554,0,0,0,0,0,0,112.6
7342,0,2.680486061,66.94067191,0,3.609721229,0,1.786990708,0,22.30164403,0,2.680486061,0,0,0,0,0,0,88.5
7349,0,7.626459144,65.62256809,0,3.657587549,0,0,1.420233463,18.56031128,0,3.112840467,0,0,0,0,0,0,100
7350,0,1.341736125,67.53405164,0,0,0,0,0,22.93149014,0,8.192722098,0.00E+00,0,0,0,0,0,80.7
7376,0,3.335930511,59.4320838,0,8.322511759,0.002885753,10.10013563,17.13848729,0,1.662193749,0.005771506,0,0,0,0,0,0,93.5
7378,0,0,60.77989839,0,7.348620074,0.005492242,9.803652341,14.70273239,3.915968694,2.449540025,0.013730606,0.980365234,0,0,0,0,0,93.5
7416,0,4.855842185,63.12594841,0,0,1.638846737,8.194233687,19.72685888,0,0,1.229135053,0,0,1.229135053,0,0,0,23
7417,0,4.900459418,63.09341501,0,0,1.776416539,7.656967841,19.90811639,0,0,1.332312404,0,0,1.332312404,0,0,0,26.1
7418,0,4.945904173,63.06027821,0,0,1.916537867,7.109737249,20.0927357,0,0,1.4374034,0,0,1.4374034,0,0,0,36.2
7419,0,4.992199688,63.02652106,0,0,2.059282371,6.55226209,20.28081123,0,0,1.544461778,0,0,1.544461778,0,0,0,38
7420,0,5.039370079,62.99212598,0,0,2.204724409,5.984251969,20.47244094,0,0,1.653543307,0,0,1.653543307,0,0,0,35.7
7421,0,5.087440382,62.95707472,0,0,2.352941176,5.405405405,20.66772655,0,0,1.764705882,0,0,1.764705882,0,0,0,37.9
7422,0,5.136436597,62.92134831,0,0,2.504012841,4.81540931,20.86677368,0,0,1.878009631,0,0,1.878009631,0,0,0,37
7427,0,6.954171274,64.16328787,0,2.150141295,0,0.896916083,25.5958963,0,0.239587173,0,0,0,0,0,0,0,32.5
7432,0,0.1754671,58.9471974,0,10.84646629,2.453290008,4.796100731,21.48172218,0,1.299756296,0,0,0,0,0,0,0,99.5
7433,0,0.173149069,59.15926508,0,10.7929586,1.567961009,5.200884984,21.72058871,0,1.385192548,0,0,0,0,0,0,0,98.7
7434,0,0.174244135,58.95582588,0,11.17098512,1.971540125,4.994998548,21.51915072,0,1.213255461,0,0,0,0,0,0,0,100.1
7435,0,0.464666021,59.15779284,0,10.50661504,2.020006454,4.749919329,21.67473379,0,1.426266538,0,0,0,0,0,0,0,98.8
7436,0,0.295354586,59.15759735,0,10.77402164,1.717551125,5.110918489,21.64756493,0,1.296991878,0,0,0,0,0,0,0,98.5
7437,0,0.116009281,58.72969838,0,11.8393916,1.669244651,4.878834751,21.51005414,0,1.256767208,0,0,0,0,0,0,0,103.5
7438,0,0.231466598,59.06577509,0,10.84678197,1.871021668,5.195139201,21.49103067,0,1.2987848,0,0,0,0,0,0,0,98.6
7439,0,0.465386853,59.23017258,0,10.4841316,2.165341607,4.744360416,21.70189387,0,1.208713076,0,0,0,0,0,0,0,97.5
7440,0,0.527500804,59.35670634,0,10.47925378,1.762624638,4.7410743,21.92344805,0,1.209392087,0,0,0,0,0,0,0,97.5
7441,0,0.116136525,58.68443125,0,11.85237757,1.69688367,4.800309697,21.50783922,0,1.342022066,0,0,0,0,0,0,0,104.3
7509,0,3.114644476,60.50018575,0,8.250241474,0.460658296,7.887658816,19.10988929,0,0.001188796,0.008915967,0.362582658,0.303142878,0,0,0,0,76
7510,0,0,68,0,0,0,0,0,24,0,0,0,0,8,0,0,0,107
7511,0,0,67.9245283,0,0,0,0,0,22.64150943,0,0,0,3.773584906,5.660377358,0,0,0,84
7512,0,0,67.85714286,0,0,0,0,0,21.42857143,0,0,0,7.142857143,3.571428571,0,0,0,81
7513,0,0,67.79661017,0,0,0,0,0,20.33898305,0,0,0,10.16949153,1.694915254,0,0,0,62
7514,0,0,66.66666667,0,0,0,0,0,20.83333333,0,0,0,4.166666667,8.333333333,0,0,0,103
7515,0,0,66.66666667,0,0,0,0,0,19.60784314,0,0,0,7.843137255,5.882352941,0,0,0,95
7516,0,0,66.66666667,0,0,0,0,0,18.51851852,0,0,0,11.11111111,3.703703704,0,0,0,84
7517,0,0,65.2173913,0,0,0,0,0,17.39130435,0,0,0,8.695652174,8.695652174,0,0,0,96
7518,0,0,60.2027972,0,9.034965035,5.388111888,0.51048951,24.72727273,0,0.118881119,0.017482517,0,0,0,0,0,0,77.5
7519,0,0,60.17405284,0,9.094086397,4.029777716,0.524255557,24.69942681,0,0.132811408,1.345589263,0,0,0,0,0,0,78.2
7520,0,0,60.17408327,0,9.053728109,2.723109728,0.538329779,24.6792743,0,0.146817213,2.684657601,0,0,0,0,0,0,79
7521,0,0,60.20893019,0,9.021032772,2.253511285,0.559010551,24.71176018,0,0.125777374,3.11997764,0,0,0,0,0,0,79.5
7522,0,0,60.23422479,0,8.935500787,1.356406223,0.531375634,24.74392589,0,0.146827478,4.051739206,0,0,0,0,0,0,80
7523,0,0,60.22933855,0,8.95678926,0.020976087,0.531394211,24.73779891,0,0.132848553,5.390854426,0,0,0,0,0,0,81.6
7524,19.57996445,24.9117625,52.72472402,0,0,0,0,2.783549025,0,0,0,0,0,0,0,0,0,128
7525,15.37470032,25.55231884,53.75731484,0,0,0,0,2.425820422,0,0,2.889845583,0,0,0,0,0,0,125
7526,10.63852077,26.25320832,55.36116495,0,0,0,0,2.914986119,0,0,4.832119847,0,0,0,0,0,0,121
7527,5.193529909,26.802324,56.72785794,0,0,0,0,2.65131884,0,0,8.624969313,0,0,0,0,0,0,120
7528,0,27.81534352,58.26863678,0,0,0,0,2.629601803,0,0,11.2864179,0,0,0,0,0,0,114
7529,21.6968451,20.9377718,52.32861548,0,0,0,0,5.036767613,0,0,0,0,0,0,0,0,0,112
7530,16.00237472,21.71249696,54.15710932,0,0,0,0,5.459157514,0,0,2.668861484,0,0,0,0,0,0,110
7531,10.86938493,22.74498963,55.54941258,0,0,0,0,5.161022806,0,0,5.675190048,0,0,0,0,0,0,105
7532,6.78572459,22.05360492,56.72658031,0,0,0,0,5.819220449,0,0,8.614869738,0,0,0,0,0,0,105
7533,0,23.72534098,58.86553884,0,0,0,0,5.868407188,0,0,11.54071299,0,0,0,0,0,0,102
7534,22.53379791,16.36794425,52.671777,0,0,0,0,8.426480836,0,0,0,0,0,0,0,0,0,103
7535,18.35142372,16.46272997,53.80473901,0,0,0,0,8.553824893,0,0,2.827282412,0,0,0,0,0,0,101
7536,12.1278745,16.96476321,55.74306257,0,0,0,0,9.067680789,0,0,6.096618932,0,0,0,0,0,0,98.5
7537,6.347488955,18.43536802,57.55717849,0,0,0,0,9.070417456,0,0,8.58954708,0,0,0,0,0,0,98.5
7538,0,19.07436882,59.25163062,0,0,0,0,8.966076834,0,0,12.70792373,0,0,0,0,0,0,91
7539,23.40350257,11.55138864,53.03968394,0,0,0,0,12.00542485,0,0,0,0,0,0,0,0,0,81
7540,17.53899898,12.38932723,54.92079745,0,0,0,0,12.41643077,0,0,2.734445582,0,0,0,0,0,0,80
7541,12.18471577,12.2474589,56.41234785,0,0,0,0,12.79332413,0,0,6.362153344,0,0,0,0,0,0,76
7542,7.07466261,12.6476585,57.77209618,0,0,0,0,12.75769442,0,0,9.747888281,0,0,0,0,0,0,75
7543,0,12.95355954,59.89171739,0,0,0,0,13.30665501,0,0,13.84806806,0,0,0,0,0,0,73
7550,0,11.4331475,61.94905596,1.931191672,2.778205563,0,0.289524748,21.35707026,0,0,0.261804294,0,0,0,0,0,0,36.8
7552,0.985936791,11.50461213,61.86602147,1.844851051,0.774232572,0,1.808558899,20.15424165,0,0.707696961,0.196582489,0,0,0,0,0.157265991,0,41
7553,0,0,61.64115923,0,3.972647346,3.288831,7.619667861,21.45880821,0,0,2.018886356,0,0,0,0,0,0,53.6
7554,0,0,61.42733035,0,5.785256926,2.570867789,6.686186814,22.5650761,0,0.321760674,0.643521349,0,0,0,0,0,0,62.7
7555,0,0,61.20157395,0,6.391759173,2.236155987,7.223519626,21.98726767,0,0,0.9597236,0,0,0,0,0,0,64.4
7556,0,0,61.84821052,0,5.509588241,2.268081378,5.898958435,23.50173594,0,0,0.973425484,0,0,0,0,0,0,58.8
7557,0,0,61.19923858,0,6.662436548,1.015228426,7.487309645,21.63705584,0,0,1.649746193,0,0,0,0.348984772,0,0,66.8
7558,0,0,60.72555205,0.315457413,7.570977918,0,7.570977918,21.4511041,0,0.315457413,1.577287066,0.47318612,0,0,0,0,0,76.2
7559,0,0,61.44388398,0,6.620428752,0.378310214,7.440100883,21.50063052,0,0,1.639344262,0.977301387,0,0,0,0,0,68.9
7560,0,0,61.84210526,0,2.631578947,3.947368421,7.894736842,21.05263158,0,0,2.631578947,0,0,0,0,0,0,49.3
7561,0,0,61.13219481,0.189753321,6.325110689,0,7.52688172,21.91650854,0,0.632511069,2.024035421,0.253004428,0,0,0,0,0,69.8
7562,0,0,61.08806485,0.189999683,6.326989455,0,7.530320783,21.82779695,0,0.633332278,2.150163083,0.253332911,0,0,0,0,0,70.6
7563,0,0,60.94359365,0.190240654,6.65208155,0,7.413044168,21.76036019,0,0.634135515,2.152890073,0.253654206,0,0,0,0,0,72.2
7564,0,0,61.1112873,0.190288922,6.349307031,0,7.364181282,21.96885605,0,0.634296407,2.128064445,0.253718563,0,0,0,0,0,70.4
7565,0,1.204093919,60.26490066,0,8.970499699,0.60204696,9.090909091,19.86754967,0,0,0,0,0,0,0,0,0,89.5
7566,0,1.204093919,59.6628537,0,8.368452739,0.60204696,9.090909091,19.26550271,0,1.806140879,0,0,0,0,0,0,0,97.4
7567,0,1.204093919,59.6628537,0,7.76640578,0.60204696,9.090909091,19.26550271,0,2.408187839,0,0,0,0,0,0,0,105.2
7568,0,1.207729469,59.84299517,0,7.185990338,0.905797101,9.118357488,19.3236715,0,2.415458937,0,0,0,0,0,0,0,101.7
7569,0,1.209043646,59.85068311,0,7.86482892,0.604521823,9.079917785,19.33563052,0,1.692661105,0.362713094,0,0,0,0,0,0,99.9
7570,0,2.488151659,59.89336493,0,7.819905213,0,9.004739336,18.77962085,0,1.658767773,0.355450237,0,0,0,0,0,0,98.3
7571,0,2.491842183,59.98220113,0,7.238208247,0.148323939,9.018095521,18.80747553,0,1.957876001,0.355977455,0,0,0,0,0,0,95.4
7572,0,2.449955184,59.9342695,0,6.871825515,0.507917538,8.425455632,19.18135644,0,2.629220197,0,0,0,0,0,0,0,102.6
7573,0,2.445279418,60.24035307,0,6.208624083,0.506948172,8.600226636,19.37436631,0,2.624202302,0,0,0,0,0,0,0,96.3
7574,0,3.012404017,60.36621382,0,6.202008269,0,8.38747785,19.43295924,0,2.598936799,0,0,0,0,0,0,0,92.8
7575,0,1.393517116,59.34565283,0,8.118751893,0.757346259,8.542865798,19.11541957,0,2.665858831,0.060587701,0,0,0,0,0,0,100.2
7576,0,1.501501502,59.27927928,0,8.888888889,0.12012012,8.528528529,19.21921922,0,2.462462462,0,0,0,0,0,0,0,102.3
7577,0,1.270417423,59.25589837,0,8.408953418,0.604960678,8.590441621,19.14700544,0,2.722323049,0,0,0,0,0,0,0,101.5
7578,0,1.56203064,59.35716431,0,8.471012316,0.39050766,8.711324722,19.04475819,0,2.463202163,0,0,0,0,0,0,0,100.8
7691,0,6.657471264,63.39310345,0,3.739463602,0,1.514176245,24.4137931,0,0,0,0,0,0,0.156321839,0.125670498,0,41
7705,0,8.715125502,61.73991478,0,0,0,2.799290846,19.1222668,0,2.799290846,0,0,0,0.096420018,0,4.727691207,0,70.6
7706,0,5.825788323,62.11988761,0,0,0,3.746487668,21.32688105,0,3.746487668,0,0,0,0.065563534,0,3.168904152,0,65.3
7715,0,4.967320261,61.47653001,0,5.395127748,0.008912656,5.912061794,20.86452763,0,1.342840166,0.008912656,0,0.011883541,0,0.005941771,0,0,70
7732,2.917152859,5.309218203,60.82263711,0,3.850641774,0,7.176196033,19.16569428,0,0.758459743,0,0,0,0,0,0,0,66
7733,2.917152859,5.309218203,60.82263711,0,2.68378063,0,7.176196033,19.16569428,0,1.925320887,0,0,0,0,0,0,0,67.2
7734,2.917152859,6.476079347,60.82263711,0,3.850641774,0,6.009334889,19.16569428,0,0.758459743,0,0,0,0,0,0,0,65.3
7783,4.484888017,2.77124228,62.46436826,0,1.091530123,0.008483395,7.91217949,18.99997641,2.250927403,0.002265632,0.014138991,0,0,0,0,0,0,47
7785,0,0,61.41084584,0,0,0,5.987924445,16.80330139,5.461696117,10.33623221,0,0,0,0,0,0,0,110.8
7786,0,0,61.02155052,0,0,0,7.192835153,16.99692135,4.422054296,10.36663868,0,0,0,0,0,0,0,104.8
7787,0,0,61.8224171,0,0,0,4.883529734,16.63195396,6.451082488,10.21101672,0,0,0,0,0,0,0,118.5
7788,0,0,61.43792663,0,0,0,6.043620623,16.93490205,5.355458128,10.22809257,0,0,0,0,0,0,0,110
7789,0,0,61.3840406,0,0,0,6.07260358,17.14715887,5.141359505,10.25483745,0,0,0,0,0,0,0,110.3
7790,0,0,61.41340596,0,0,0,6.05824811,16.99366385,5.285682526,10.24899956,0,0,0,0,0,0,0,110
7827,0,0,57.82997763,0,11.74496644,0,10.85011186,13.75838926,2.628635347,3.187919463,0,0,0,0,0,0,0,131
7842,0,4.081632653,65.30612245,0,0,0,0,0,16.32653061,0,0,0,8.163265306,6.12244898,0,0,0,75
7852,0,3.66226501,62.56748845,0,0,7.29525792,6.153646003,20.2270214,0,0,0,0,0,0.094321213,0,0,0,24.6
7853,0,3.691351229,62.67202021,0,0,5.883495774,6.204060486,20.39633455,0,0,1.058834958,0,0,0.093902794,0,0,0,26.1
7854,0,3.720060604,62.7768286,0,0,4.451822959,6.253828052,20.56671287,0,0,2.134038232,0,0,0.096708681,0,0,0,28
7855,0,3.753729667,62.88620103,0,0,2.99015047,6.307549167,20.74176265,0,0,3.224357535,0,0,0.096249479,0,0,0,29
7856,0,3.787080499,62.99453971,0,0,1.50716863,6.360762525,20.9151579,0,0,4.336302966,0,0,0.09898777,0,0,0,31.2
7857,0,3.819510645,63.10454401,0,0,0,6.418811567,21.08992691,0,0,5.46870035,0,0,0.098506514,0,0,0,34
7870,0,13.95982106,62.8553169,0,0,0.00833588,4.757009086,16.34388285,0,0,2.067298341,0,0,0,0,0,0,35.2
7871,0,13.72985144,63.05846171,0,0,0,4.684625312,16.07765604,0.549194058,0,1.891973529,0,0,0,0,0,0,35.2
7877,0,0,60.89845245,0,0.098430579,0,7.125280254,15.58210751,5.424618582,10.87111063,0,0,0,0,0,0,0,113.8
7879,0,0,60.23733127,0,0.110643948,0,6.096481522,15.55930516,5.460278823,12.53595928,0,0,0,0,0,0,0,127.3
7880,0,0,61.21167133,0,0.08565066,0,6.33243876,18.312111,4.008450865,10.04967738,0,0,0,0,0,0,0,103.2
7881,0,0,61.36247941,0,0.071867046,1.20077856,6.62374607,20.05090582,2.371612517,8.31861057,0,0,0,0,0,0,0,91.5
7892,0,3.082432806,60.55852019,0,8.190124931,0.377137732,7.916922794,19.12414958,0,0.001187835,0.009205724,0.436529501,0.302898021,0,0,0,0,75.4
7912,0,7.843137255,59.94397759,0,8.1232493,0,8.1232493,15.96638655,0,0,0,0,0,0,0,0,0,79.3
7930,0,11.76470588,61.76470588,0,5.882352941,0,0,20.58823529,0,0,0,0,0,0,0,0,0,54.8
7931,0,16.66666667,61.11111111,0,5.555555556,0,0,16.66666667,0,0,0,0,0,0,0,0,0,57.15
7932,0,9.090909091,60.60606061,0,9.090909091,0,0,21.21212121,0,0,0,0,0,0,0,0,0,76.1
7933,0,14.28571429,60,0,8.571428571,0,0,17.14285714,0,0,0,0,0,0,0,0,0,73.3
7934,0,6.25,59.375,0,12.5,0,0,21.875,0,0,0,0,0,0,0,0,0,92.55
7935,0,11.76470588,58.82352941,0,11.76470588,0,0,17.64705882,0,0,0,0,0,0,0,0,0,89
7936,0,9.090909091,57.57575758,0,15.15151515,0,0,18.18181818,0,0,0,0,0,0,0,0,0,104
7937,0,0,62.29508197,0,0,0,9.836065574,19.67213115,0,0,8.196721311,0,0,0,0,0,0,53.1
7938,0,0,62.06896552,0,0,0,6.896551724,20.68965517,0,0,10.34482759,0,0,0,0,0,0,65.6
7939,0,0,60.71428571,0,0,0,7.142857143,17.85714286,0,0,14.28571429,0,0,0,0,0,0,76.56666667
7940,0,0,59.25925926,0,0,0,7.407407407,14.81481481,0,0,18.51851852,0,0,0,0,0,0,85.1
7942,0,0,62.06896552,0,0,10.34482759,6.896551724,20.68965517,0,0,0,0,0,0,0,0,0,42
7943,0,0,60,0,0,0,7.272727273,16.36363636,0,0,16.36363636,0,0,0,0,0,0,83.5
7944,0,0,60,0,0,16.36363636,7.272727273,16.36363636,0,0,0,0,0,0,0,0,0,57.25
7945,0,0,60.34482759,0,0,0,10.34482759,15.51724138,0,0,13.79310345,0,0,0,0,0,0,72.25
7946,0,0,60.71428571,0,0,14.28571429,7.142857143,17.85714286,0,0,0,0,0,0,0,0,0,52.75
7947,0,0,61.01694915,0,0,0,10.16949153,16.94915254,0,0,11.86440678,0,0,0,0,0,0,67.5
7948,0,0,61.40350877,0,0,0,7.01754386,19.29824561,0,0,12.28070175,0,0,0,0,0,0,70
7949,0,0,61.40350877,0,0,12.28070175,7.01754386,19.29824561,0,0,0,0,0,0,0,0,0,48.75
7950,0,0,61.66666667,0,0,0,10,18.33333333,0,0,10,0,0,0,0,0,0,62.25
7951,0,0,62.71186441,0,0,0,6.779661017,22.03389831,0,0,8.474576271,0,0,0,0,0,0,59.25
7952,0,0,62.71186441,0,0,8.474576271,6.779661017,22.03389831,0,0,0,0,0,0,0,0,0,40.5
7953,0,9.090909091,62.12121212,0,6.060606061,0,0,22.72727273,0,0,0,0,0,0,0,0,0,57.55
7954,0,0,62.85750204,0,0,5.713746936,11.42749387,20.00125715,0,0,0,0,0,0,0,0,0,28.55
7955,0,0,62.29508197,0,0,8.196721311,9.836065574,19.67213115,0,0,0,0,0,0,0,0,0,34.5
7956,0,0,62.5,0,0,6.25,12.5,18.75,0,0,0,0,0,0,0,0,0,27.75
7957,0,0,61.9047619,0,0,7.936507937,12.6984127,17.46031746,0,0,0,0,0,0,0,0,0,35
7958,0,0,61.29032258,0,0,9.677419355,12.90322581,16.12903226,0,0,0,0,0,0,0,0,0,36.65
7959,0,34.7826087,56.52173913,0,8.695652174,0,0,0,0,0,0,0,0,0,0,0,0,100.55
7960,0,14.28571429,57.14285714,0,14.28571429,0,0,14.28571429,0,0,0,0,0,0,0,0,0,106.5
7961,0,0,60.20761246,0,8.996539792,1.384083045,0.692041522,24.91349481,0,0.692041522,3.114186851,0,0,0,0,0,0,92.5
7964,0,0,60.4860486,0,0,0,0,21.32213221,0,12.36123612,0,5.830583058,0,0,0,0,0,101
7965,0,0,60.66,0,0,0,0,24.49333333,0,12.01333333,0,2.833333333,0,0,0,0,0,101.25
7968,0,0,62.71186441,0,0,4.237288136,6.779661017,22.03389831,0,0,4.237288136,0,0,0,0,0,0,47
7969,0,0,63.49206349,0,0,0,9.523809524,22.22222222,0,0,0,0,0,4.761904762,0,0,0,43.45
7970,0,0,64.82084691,0,0,0,5.211726384,27.03583062,0,0,0,0,0,2.931596091,0,0,0,31.25
7971,0,0,64.83870968,0,0,0,5.806451613,26.77419355,0,0,0,0,0,2.580645161,0,0,0,27.35
7972,0,31.81818182,59.09090909,0,0,0,4.545454545,0,0,0,4.545454545,0,0,0,0,0,0,56.1
7973,0,20.55259654,55.88215712,0,0,0,1.105193076,0.935419441,0,0,0,0,0,0,0,0,21.52463382,105
7977,0,12.08791209,62.36263736,0,0,0.549450549,8.241758242,14.56043956,0,0,0,0,0,0,0,2.197802198,0,40.25
7980,0,6.25,56.25,0,18.75,0,0,18.75,0,0,0,0,0,0,0,0,0,119.5
7985,0,0.607697502,57.22484808,0,16.47535449,0,0.945307225,21.91087103,0,0,2.835921675,0,0,0,0,0,0,85.3
7992,0,0,66.66666667,0,0,0,0,0,22.22222222,0,0,0,0,11.11111111,0,0,0,118
7994,0,32.3907455,58.09768638,0,0,0,0,0,0,0,0,0,0,0,0,9.511568123,0,80.2
7995,0,31.29973475,57.82493369,0,0,0,0,0,0,0,0,0,0,0,0,10.87533156,0,86.9
7996,0,31.01604278,57.7540107,0,0,0,0,0,0,0,0,0,0,0,0,11.22994652,0,87.85
7997,0,28.57142857,57.14285714,0,0,0,0,0,0,0,0,0,0,0,0,14.28571429,0,106.4
7998,0,0,59.76457817,0,3.480443706,1.394212829,4.416703416,20.98782184,0,4.728789986,3.259947759,0,0,0,0.437599647,1.529902643,0,87.5
7999,0,2.464065708,60.78028747,0,6.160164271,0,4.928131417,0,16.42710472,7.392197125,0,0,0,0,0,0,1.848049281,171
8002,0,4.774003325,63.04695587,0,0,2.060788557,6.398795521,20.50751231,0,0,2.528151564,0,0,0.683792855,0,0,0,37.75
8003,0,4.941599281,63.32434861,0,0,1.26984127,8.511530398,19.92213237,0,0,1.275831087,0,0,0.020964361,0,0.733752621,0,31.55
8004,0,3.034536535,62.56538549,0,0,3.031287566,6.855323435,20.185841,0,0,3.138503525,0,0,0.029240716,0,1.159881738,0,48.3
8007,0,37.5,58.33333333,0,4.166666667,0,0,0,0,0,0,0,0,0,0,0,0,100.05
8008,0,35.48387097,56.98924731,0,7.52688172,0,0,0,0,0,0,0,0,0,0,0,0,94.85
8009,0,33.33333333,55.55555556,0,11.11111111,0,0,0,0,0,0,0,0,0,0,0,0,102.3
8010,0,30.77029584,53.84686389,0,15.38284026,0,0,0,0,0,0,0,0,0,0,0,0,117.9
8011,4.166666667,37.5,58.33333333,0,0,0,0,0,0,0,0,0,0,0,0,0,0,85.05
8012,6.382978723,36.17021277,57.44680851,0,0,0,0,0,0,0,0,0,0,0,0,0,0,70.95
8013,8.695652174,34.7826087,56.52173913,0,0,0,0,0,0,0,0,0,0,0,0,0,0,71.7
8014,11.11111111,33.33333333,55.55555556,0,0,0,0,0,0,0,0,0,0,0,0,0,0,75.9
8015,13.63636364,31.81818182,54.54545455,0,0,0,0,0,0,0,0,0,0,0,0,0,0,78.95
8016,19.04761905,28.57142857,52.38095238,0,0,0,0,0,0,0,0,0,0,0,0,0,0,100.2
8018,0,0,67.74193548,0,0,0,0,0,19.35483871,0,0,0,12.90322581,0,0,0,0,62.45
8019,0,33.34166458,58.33541615,0,0,0,0,0,0,0,8.32291927,0,0,0,0,0,0,66.55
8026,0,0,62.14100971,0,2.667024957,3.328742736,5.871485674,22.67978906,0,0,3.311947869,0,0,0,0,0,0,50.75
8029,0,0,63.44745302,0,0,4.059921122,6.820667484,23.4845723,0,0,2.187386074,0,0,0,0,0,0,34.2
8035,0,0,59.61917269,0,7.8332239,1.874589626,5.436638214,21.0013132,0,1.831910703,0.961917269,0,0,1.021011162,0.351280368,0.068942876,0,90.3
8036,0,0,61.49362582,0,8.539106466,0,8.234753646,18.91868611,2.813827955,0,0,0,0,0,0,0,0,78.835
8041,0,1.953999593,61.06248728,0,7.042540199,0,3.500915937,0,17.62670466,7.042540199,0,0,0,0,0,1.770812131,0,168.5
8042,7.042540199,1.913291268,61.06248728,0,0,0,3.541624262,0,17.62670466,7.042540199,0,0,0,0,0,1.770812131,0,150
