,Li,B,O,F,Na,Mg,Al,Si,P,K,Ca,Ti,Fe,Sr,Zr,Ba,Pb,Modulus
1,0,0,60.03401361,0,11.9047619,0,0,22.78911565,0,0,2.040816327,0,0,0,3.231292517,0,0,83.12
2,0,0,61.37184116,0,5.054151625,0,0,10.83032491,0,0,2.075812274,11.9133574,0,2.075812274,2.527075812,4.151624549,0,106.7
3,0,0,62.96296296,0,0,0,0,11.11111111,0,0,0,14.81481481,0,5.555555556,0,5.555555556,0,103.2
4,0.662251656,0,62.58278146,0,7.284768212,0,0.662251656,23.50993377,0,0,0,0,0,0,5.298013245,0,0,81.97
5,0,0,66.15214994,0,0,10.25358324,3.087100331,0,20.50716648,0,0,0,0,0,0,0,0,61.29
6,0,0,65.49707602,0,0,12.28070175,2.339181287,0,19.88304094,0,0,0,0,0,0,0,0,68.48
7,0,0,66.29834254,0,0,10.49723757,2.209944751,0,20.99447514,0,0,0,0,0,0,0,0,61.47
8,0,0,66.66666667,0,0,9.677419355,2.150537634,0,21.50537634,0,0,0,0,0,0,0,0,59.1
9,0,0,66.48199446,0,0,10.8033241,1.108033241,0,21.6066482,0,0,0,0,0,0,0,0,58.5
10,0,0,65.85365854,0,0,12.19512195,0,2.43902439,19.51219512,0,0,0,0,0,0,0,0,67.78
11,0,0,66.27218935,0,0,11.24260355,0,2.366863905,20.1183432,0,0,0,0,0,0,0,0,57.82
12,0,0,66.66666667,0,0,10.34482759,0,2.298850575,20.68965517,0,0,0,0,0,0,0,0,55.12
13,0,0,66.66666667,0,0,10.54131054,0,1.709401709,21.08262108,0,0,0,0,0,0,0,0,56.51
14,0,0,65.86826347,0,0,12.5748503,0,1.19760479,20.35928144,0,0,0,0,0,0,0,0,63.95
15,0,0,66.27906977,0,0,11.62790698,0,1.162790698,20.93023256,0,0,0,0,0,0,0,0,61.03
16,0,0,66.66666667,0,0,10.73446328,0,1.129943503,21.46892655,0,0,0,0,0,0,0,0,57.59
17,0,0,67.03296703,0,0,9.89010989,0,1.098901099,21.97802198,0,0,0,0,0,0,0,0,54.31
18,0,0,66.66666667,0,0,10.92436975,0,0.56022409,21.8487395,0,0,0,0,0,0,0,0,55.64
19,0,0,66.27218935,0,0,0,0,2.366863905,20.1183432,0,11.24260355,0,0,0,0,0,0,57.72
20,0,0,66.66666667,0,0,0,0,2.298850575,20.68965517,0,10.34482759,0,0,0,0,0,0,56.23
21,0,0,67.03910615,0,0,0,0,2.234636872,21.22905028,0,9.497206704,0,0,0,0,0,0,54.86
22,0,0,66.66666667,0,0,0,0,1.709401709,21.08262108,0,10.54131054,0,0,0,0,0,0,56.16
23,0,0,66.27906977,0,0,0,0,1.162790698,20.93023256,0,11.62790698,0,0,0,0,0,0,59.17
24,0,0,66.66666667,0,0,0,0,1.129943503,21.46892655,0,10.73446328,0,0,0,0,0,0,57.14
25,0,0,67.03296703,0,0,0,0,1.098901099,21.97802198,0,9.89010989,0,0,0,0,0,0,54.81
26,0,0,66.8943333,0,0,0,0,0.568432185,22.14682295,0,10.39041156,0,0,0,0,0,0,56.49
27,18.66666667,0,57.33333333,0,0,0,0,24,0,0,0,0,0,0,0,0,0,77.89
28,0,0,62.50046874,0,0,0,0,25.00093749,0,0,0,0,0,0,0,12.49859377,0,64.09
29,0,0,62.50046874,0,0,0,0,25.00093749,0,0,0,0,0,12.49859377,0,0,0,71.43
30,0,0,57.44680851,0,0,0,0,14.89361702,0,0,0,0,0,0,0,0,27.65957447,41.21
31,0,0,61.77370031,0,0,0,0,23.54740061,0,0,0,0,0,0,0,0,14.67889908,52.84
32,0,0,62.21424523,0,0,0,0,24.42849046,0,0,0,0,0,0,0,0,13.35726431,46.34
33,0,0,62.96296296,0,0,0,0,25.92592593,0,0,0,0,0,0,0,0,11.11111111,50.13
34,0,0,63.68917938,0,0,0,0,27.37835875,0,0,0,0,0,0,0,0,8.932461874,47.14
35,0,0,66.66666667,0,0,0,0,31.28666667,0,0,0,2.046666667,0,0,0,0,0,66
36,0,0,66.66666667,0,0,0,0,31.41666667,0,0,0,1.916666667,0,0,0,0,0,67.9
37,0,0,66.66666667,0,0,0,0,32.06333333,0,0,0,1.27,0,0,0,0,0,66
38,13.33333333,0,58.33333333,0,3.333333333,0,0,25,0,0,0,0,0,0,0,0,0,77.5
39,10,0,58.33333333,0,6.666666667,0,0,25,0,0,0,0,0,0,0,0,0,75.3
40,6.666666667,0,58.33333333,0,10,0,0,25,0,0,0,0,0,0,0,0,0,72.2
41,3.333333333,0,58.33333333,0,13.33333333,0,0,25,0,0,0,0,0,0,0,0,0,68
42,0,0,53.33333333,0,20,0,0,20,0,6.666666667,0,0,0,0,0,0,0,58.2
43,0,0,53.33333333,0,13.33333333,0,0,20,0,13.33333333,0,0,0,0,0,0,0,55.6
44,0,0,53.33333333,0,6.666666667,0,0,20,0,20,0,0,0,0,0,0,0,47.8
45,0,0,56.66666667,0,16.66666667,0,0,23.33333333,0,3.333333333,0,0,0,0,0,0,0,59.2
46,0,0,56.66666667,0,13.33333333,0,0,23.33333333,0,6.666666667,0,0,0,0,0,0,0,55.2
47,0,0,56.66666667,0,10,0,0,23.33333333,0,10,0,0,0,0,0,0,0,56.1
48,0,0,56.66666667,0,6.666666667,0,0,23.33333333,0,13.33333333,0,0,0,0,0,0,0,53.9
49,0,0,56.66666667,0,3.333333333,0,0,23.33333333,0,16.66666667,0,0,0,0,0,0,0,52.1
50,0,0,60,0,10,0,0,26.66666667,0,3.333333333,0,0,0,0,0,0,0,59.2
51,0,0,60,0,6.666666667,0,0,26.66666667,0,6.666666667,0,0,0,0,0,0,0,54.2
52,0,0,60,0,3.333333333,0,0,26.66666667,0,10,0,0,0,0,0,0,0,56.6
53,0,0,53.98773006,0,22.6993865,0,7.975460123,15.33742331,0,0,0,0,0,0,0,0,0,70.38
54,0,8.536585366,60.36585366,0,9.756097561,0,0,21.34146341,0,0,0,0,0,0,0,0,0,80.73
55,0,0,56.06060606,0,18.18181818,0,9.090909091,16.66666667,0,0,0,0,0,0,0,0,0,67.62
56,0,17.72256047,62.24014042,0,0.987329274,0,0,17.09176677,0,1.958203061,0,0,0,0,0,0,0,46.5
57,0,4.153354633,65.93610224,0,0.012779553,0,0,29.83386581,0,0.063897764,0,0,0,0,0,0,0,63
58,11.125567,0,59.27071979,0,0,0,0,24.10422307,0,0,0,0,0,0,0,0,5.499490137,65
59,10.4217668,0,59.56844093,0,0,0,0.489613206,24.10295866,0,0,0,0,0,0,0,5.417220396,0,77
60,13.5110229,0,57.73020486,0,0,0,0.141773588,22.14503438,0,0,0,0,0,6.471964273,0,0,0,83
61,12.57171013,0,58.44859747,0,0,5.726252068,0.140780629,23.1126597,0,0,0,0,0,0,0,0,0,86
62,0,0,58.98799253,0,11.53561745,0,0.070425015,23.70858129,0,0,0,0,0,5.697383711,0,0,0,74
63,0,0,58.12467076,0,13.30289728,5.566286216,0.21071115,22.79543459,0,0,0,0,0,0,0,0,0,72
64,0,0,58.39041096,0,14.7260274,0,0,24.14383562,0,0,2.739726027,0,0,0,0,0,0,66.4
65,0,0,59.24657534,0,13.01369863,0,0,25,0,0,2.739726027,0,0,0,0,0,0,67.1
66,0,0,59.20138889,0,12.15277778,0,0,24.47916667,0,0,4.166666667,0,0,0,0,0,0,70.3
67,0,0,60.2739726,0,10.95890411,0,0,26.02739726,0,0,2.739726027,0,0,0,0,0,0,68
68,0,0,61.13013699,0,9.246575342,0,0,26.88356164,0,0,2.739726027,0,0,0,0,0,0,69.1
69,0,0,60.4832978,0,7.960199005,0,0,24.9466951,0,0,6.609808102,0,0,0,0,0,0,75.8
70,0,0,60.56838366,0,7.815275311,0,0,25.04440497,0,0,6.571936057,0,0,0,0,0,0,75.2
71,0,0,59.63302752,0,7.339449541,0,0,22.93577982,0,0,10.09174312,0,0,0,0,0,0,80.6
72,0,0,60,0,7.272727273,0,0,23.63636364,0,0,9.090909091,0,0,0,0,0,0,79.7
73,0,0,60.78431373,0,7.130124777,0,0,25.13368984,0,0,6.951871658,0,0,0,0,0,0,76.2
74,0,0,61.0619469,0,7.079646018,0,0,25.66371681,0,0,6.194690265,0,0,0,0,0,0,75.1
75,0,0,61.60558464,0,6.980802792,0,0,26.70157068,0,0,4.712041885,0,0,0,0,0,0,73.9
76,0,0,61.87175043,0,6.932409012,0,0,27.20970537,0,0,3.986135182,0,0,0,0,0,0,72.2
77,0,0,62.32876712,0,6.849315068,0,0,28.08219178,0,0,2.739726027,0,0,0,0,0,0,70.5
78,0,0,61.47079521,0,6.685432794,0,0,26.28430683,0,0,5.559465165,0,0,0,0,0,0,75.3
79,0,0,61.33093525,0,5.395683453,0,0,25.35971223,0,0,7.913669065,0,0,0,0,0,0,77.8
80,0,0,62,0,3.272727273,0,0,25.63636364,0,0,9.090909091,0,0,0,0,0,0,79.1
81,0,0,59.25706106,0,0,0,0.488775617,23.85225011,0,11.1650316,0,0,0,0,0,5.236881612,0,54
82,0,0,58.75486381,0,0,0,0,23.38167669,0,11.74389813,6.119561372,0,0,0,0,0,0,45
83,0,0,58.75486381,0,0,0,0,23.38167669,0,11.74389813,0,0,0,0,0,0,6.119561372,44.1
84,0,8.510638298,53.19148936,0,0,0,0,2.127659574,0,0,0,0,0,0,0,0,36.17021277,77.33
85,0,12,54,0,0,0,0,2,0,0,0,0,0,0,0,0,32,77.62
86,0,8.333333333,54.16666667,0,0,0,0,4.166666667,0,0,0,0,0,0,0,0,33.33333333,79.88
87,0,17.85714286,55.35714286,0,0,0,0,1.785714286,0,0,0,0,0,0,0,0,25,75.24
88,0,8,56,0,0,0,0,8,0,0,0,0,0,0,0,0,28,55.53
89,0,0,60.37735849,0,0,0,3.773584906,18.86792453,0,0,0,0,0,16.98113208,0,0,0,81
90,0,0,60.55045872,0,0,0,5.504587156,18.34862385,0,0,0,0,0,15.59633028,0,0,0,82.5
91,0,0,60.86956522,0,0,0,8.695652174,17.39130435,0,0,0,0,0,13.04347826,0,0,0,84
92,0,0,61.01694915,0,0,0,10.16949153,16.94915254,0,0,0,0,0,11.86440678,0,0,0,83.6
93,0,0,61.11111111,0,0,0,3.703703704,20.37037037,0,0,0,0,0,14.81481481,0,0,0,80.3
94,0,0,61.26126126,0,0,0,5.405405405,19.81981982,0,0,0,0,0,13.51351351,0,0,0,81.6
95,0,0,61.40350877,0,0,0,7.01754386,19.29824561,0,0,0,0,0,12.28070175,0,0,0,82.2
96,0,0,61.53846154,0,0,0,8.547008547,18.8034188,0,0,0,0,0,11.11111111,0,0,0,83.2
97,0,0,61.66666667,0,0,0,10,18.33333333,0,0,0,0,0,10,0,0,0,78.1
98,0,0,62.59914582,0,0,0,13.78889567,18.30384381,0,0,5.308114704,0,0,0,0,0,0,98.2
99,0,0,62.22074025,0,0,0,8.869623208,20.00666889,0,0,8.902967656,0,0,0,0,0,0,91.8
100,0,0,60.83333333,0,0,11.66666667,11.66666667,15.83333333,0,0,0,0,0,0,0,0,0,109.7
101,0,0,60.68376068,0,0,12.82051282,10.25641026,16.23931624,0,0,0,0,0,0,0,0,0,111
102,0,0,60.52631579,0,0,14.03508772,8.771929825,16.66666667,0,0,0,0,0,0,0,0,0,109.9
103,0,0,61.15702479,0,0,10.74380165,11.57024793,16.52892562,0,0,0,0,0,0,0,0,0,109.2
104,0,0,61.01694915,0,0,11.86440678,10.16949153,16.94915254,0,0,0,0,0,0,0,0,0,109.4
105,0,0,60.86956522,0,0,13.04347826,8.695652174,17.39130435,0,0,0,0,0,0,0,0,0,108.9
106,0,0,60.71428571,0,0,14.28571429,7.142857143,17.85714286,0,0,0,0,0,0,0,0,0,107.4
107,0,0,61.9047619,0,0,7.936507937,12.6984127,17.46031746,0,0,0,0,0,0,0,0,0,104.1
108,0,0,61.78861789,0,0,8.943089431,11.38211382,17.88617886,0,0,0,0,0,0,0,0,0,103.9
109,0,0,61.66666667,0,0,10,10,18.33333333,0,0,0,0,0,0,0,0,0,106.8
110,0,0,61.53846154,0,0,11.11111111,8.547008547,18.8034188,0,0,0,0,0,0,0,0,0,106.4
111,0,0,61.40350877,0,0,12.28070175,7.01754386,19.29824561,0,0,0,0,0,0,0,0,0,104.4
112,0,0,62.49906248,0,0,0,0,24.99812495,0,0,0,0,0,6.251406285,0,6.251406285,0,67.15
113,0,0,62.49906248,0,0,0,0,24.99812495,0,0,6.251406285,0,0,0,0,6.251406285,0,71.36
114,0,0,60,0,0,10,0,20,0,0,0,0,0,0,0,10,0,79.52
115,0,0,60,0,0,5,0,20,0,0,0,0,0,0,0,15,0,71.37
116,0,0,60,0,0,10,0,20,0,0,0,0,0,10,0,0,0,90.74
117,0,0,60,0,0,5,0,20,0,0,0,0,0,15,0,0,0,87.22
118,0,0,60,0,0,5,0,20,0,0,15,0,0,0,0,0,0,94.95
119,13.33333333,0,60,0,0,0,0,22.5,0,0,0,0,0,0,4.166666667,0,0,88.5
120,13.33333333,0,60,0,0,0,0,23.33333333,0,0,0,0,0,0,3.333333333,0,0,86.5
121,13.33333333,0,60,0,0,0,0,24.16666667,0,0,0,0,0,0,2.5,0,0,84
122,13.33333333,0,60,0,0,0,0,25,0,0,0,0,0,0,1.666666667,0,0,80
123,13.33333333,0,60,0,0,0,0,25.83333333,0,0,0,0,0,0,0.833333333,0,0,76
124,0,13.42491054,55.7052984,0,0,0,0,13.4220247,0,17.44776636,0,0,0,0,0,0,0,51.8
125,0,13.98589369,56.64315614,0,0,0,0,13.98589369,0,15.38505648,0,0,0,0,0,0,0,61.06
126,0,14.59804145,57.66340241,0,0,0,0,14.59804145,0,13.14051469,0,0,0,0,0,0,0,63.84
127,0,14.92740472,58.20950544,0,0,0,0,14.92456897,0,11.93852087,0,0,0,0,0,0,0,65.21
128,0,15.26859854,58.77817319,0,0,0,0,15.26577416,0,10.6874541,0,0,0,0,0,0,0,65.44
129,0,15.62473635,59.37456059,0,0,0,0,15.62473635,0,9.375966703,0,0,0,0,0,0,0,64.55
130,0,15.81074255,59.68457092,0,0,0,0,15.81074255,0,8.693943986,0,0,0,0,0,0,0,62.15
131,0,16.39399091,60.65665152,0,0,0,0,16.39399091,0,6.555366649,0,0,0,0,0,0,0,56.09
132,0,16.80532446,61.34498059,0,0,0,0,16.80809762,0,5.041597338,0,0,0,0,0,0,0,48.67
133,0,17.69998903,53.98332053,0,0,0,0,8.849994513,0,19.46669593,0,0,0,0,0,0,0,49.08
134,0,18.18181818,54.54545455,0,0,0,0,9.090909091,0,18.18181818,0,0,0,0,0,0,0,52.4
135,0,19.23045855,55.76886831,0,0,0,0,9.615229274,0,15.38544387,0,0,0,0,0,0,0,57.37
136,0,19.80166261,56.43527305,0,0,0,0,9.900831306,0,13.86223303,0,0,0,0,0,0,0,60.07
137,0,20.40751353,57.14209912,0,0,0,0,10.20375677,0,12.24663058,0,0,0,0,0,0,0,58.66
138,0,21.7387902,58.69525524,0,0,0,0,10.8693951,0,8.69655946,0,0,0,0,0,0,0,51.89
139,0,22.47260699,59.55137482,0,0,0,0,11.23630349,0,6.739714699,0,0,0,0,0,0,0,44.96
141,0,0,59.4438007,0,10.0811124,0,13.09385863,17.38122827,0,0,0,0,0,0,0,0,0,78
142,0,0,57.8313253,0,14.45783133,0,9.638554217,18.07228916,0,0,0,0,0,0,0,0,0,73
143,0,0,59.67741935,0,12.90322581,0,3.225806452,24.19354839,0,0,0,0,0,0,0,0,0,65
144,0,0,55.80645161,0,20.64516129,0,3.225806452,20.32258065,0,0,0,0,0,0,0,0,0,63.9
145,0,0,56.4516129,0,19.35483871,0,3.225806452,20.96774194,0,0,0,0,0,0,0,0,0,63.4
146,0,0,59.09090909,0,12.12121212,0,9.090909091,19.6969697,0,0,0,0,0,0,0,0,0,71.3
147,0,0,59.70149254,0,10.44776119,0,10.44776119,19.40298507,0,0,0,0,0,0,0,0,0,71.2
148,0,0,60,0,8.571428571,0,14.28571429,17.14285714,0,0,0,0,0,0,0,0,0,77.3
149,0,0,60.29411765,0,8.823529412,0,11.76470588,19.11764706,0,0,0,0,0,0,0,0,0,73.7
150,0,0,60.60606061,0,9.090909091,0,9.090909091,21.21212121,0,0,0,0,0,0,0,0,0,71.9
151,0,0,60.9375,0,9.375,0,6.25,23.4375,0,0,0,0,0,0,0,0,0,70.9
152,0,18.18033055,56.81830579,0,13.63661157,0,0,11.36475209,0,0,0,0,0,0,0,0,0,73.5
153,0,26.82926829,56.09756098,0,12.19512195,0,0,4.87804878,0,0,0,0,0,0,0,0,0,73.2
154,0,33.33333333,56.66666667,0,8.888888889,0,0,1.111111111,0,0,0,0,0,0,0,0,0,51.3
155,0,30.23255814,56.97674419,0,9.302325581,0,0,3.488372093,0,0,0,0,0,0,0,0,0,56.2
156,0,26.82926829,57.31707317,0,9.756097561,0,0,6.097560976,0,0,0,0,0,0,0,0,0,67.2
157,0,23.07692308,57.69230769,0,10.25641026,0,0,8.974358974,0,0,0,0,0,0,0,0,0,73.3
158,0,18.91891892,58.10810811,0,10.81081081,0,0,12.16216216,0,0,0,0,0,0,0,0,0,76.1
159,0,14.28571429,58.57142857,0,11.42857143,0,0,15.71428571,0,0,0,0,0,0,0,0,0,83.5
160,0,13.42491054,55.7052984,0,17.44776636,0,0,13.4220247,0,0,0,0,0,0,0,0,0,70.49
161,0,13.69886658,56.16477763,0,16.43748921,0,0,13.69886658,0,0,0,0,0,0,0,0,0,72.55
162,0,13.98589369,56.64315614,0,15.38505648,0,0,13.98589369,0,0,0,0,0,0,0,0,0,73.25
163,0,14.59804145,57.66340241,0,13.14051469,0,0,14.59804145,0,0,0,0,0,0,0,0,0,75.7
164,0,15.26859854,58.77817319,0,10.6874541,0,0,15.26577416,0,0,0,0,0,0,0,0,0,76.5
165,0,15.44532131,59.07271702,0,10.03945885,0,0,15.44250282,0,0,0,0,0,0,0,0,0,76.59
166,0,15.62473635,59.37456059,0,9.375966703,0,0,15.62473635,0,0,0,0,0,0,0,0,0,73.7
167,0,15.81074255,59.68457092,0,8.693943986,0,0,15.81074255,0,0,0,0,0,0,0,0,0,75.31
168,0,15.99932799,59.99887999,0,8.00246402,0,0,15.99932799,0,0,0,0,0,0,0,0,0,71.1
169,0,16.19643556,60.32459914,0,7.285323202,0,0,16.1936421,0,0,0,0,0,0,0,0,0,66.61
170,0,16.39399091,60.65665152,0,6.555366649,0,0,16.39399091,0,0,0,0,0,0,0,0,0,62.54
171,0,16.80532446,61.34498059,0,5.041597338,0,0,16.80809762,0,0,0,0,0,0,0,0,0,54.08
172,0,17.24137931,62.06896552,0,3.448275862,0,0,17.24137931,0,0,0,0,0,0,0,0,0,47.57
173,0,17.69853244,62.8308874,0,1.77204773,0,0,17.69853244,0,0,0,0,0,0,0,0,0,41.9
174,0,16.80672269,52.94117647,0,21.8487395,0,0,8.403361345,0,0,0,0,0,0,0,0,0,63.1
175,0,17.24137931,53.44827586,0,20.68965517,0,0,8.620689655,0,0,0,0,0,0,0,0,0,63.89
176,0,18.18181818,54.54545455,0,18.18181818,0,0,9.090909091,0,0,0,0,0,0,0,0,0,70.49
177,0,18.69189277,55.14054157,0,16.82161928,0,0,9.345946385,0,0,0,0,0,0,0,0,0,71.57
178,0,19.80166261,56.43527305,0,13.86223303,0,0,9.900831306,0,0,0,0,0,0,0,0,0,76.11
179,0,20.40751353,57.14209912,0,12.24663058,0,0,10.20375677,0,0,0,0,0,0,0,0,0,75.24
180,0,20.72555288,57.51314503,0,11.39852564,0,0,10.36277644,0,0,0,0,0,0,0,0,0,72.27
181,0,21.3902062,58.2885739,0,9.626116802,0,0,10.6951031,0,0,0,0,0,0,0,0,0,67.22
182,0,21.7387902,58.69525524,0,8.69655946,0,0,10.8693951,0,0,0,0,0,0,0,0,0,62.93
183,0,22.09987794,59.11652427,0,7.733658815,0,0,11.04993897,0,0,0,0,0,0,0,0,0,58.95
184,0,22.47260699,59.55137482,0,6.739714699,0,0,11.23630349,0,0,0,0,0,0,0,0,0,56.14
186,9.615384615,0,61.21794872,0,0,0,3.846153846,25.32051282,0,0,0,0,0,0,0,0,0,78.8
187,9.493670886,0,61.07594937,0,0,0,5.063291139,24.36708861,0,0,0,0,0,0,0,0,0,80.1
188,9.375,0,60.9375,0,0,0,6.25,23.4375,0,0,0,0,0,0,0,0,0,81.8
189,16.12903226,0,58.06451613,0,0,0,3.225806452,22.58064516,0,0,0,0,0,0,0,0,0,81.8
190,14.64968153,0,58.59872611,0,0,0,4.458598726,22.29299363,0,0,0,0,0,0,0,0,0,82.4
191,10.42944785,0,60.12269939,0,0,0,7.975460123,21.47239264,0,0,0,0,0,0,0,0,0,83
192,9.090909091,0,60.60606061,0,0,0,9.090909091,21.21212121,0,0,0,0,0,0,0,0,0,82.8
193,9.036144578,0,60.54216867,0,0,0,9.638554217,20.78313253,0,0,0,0,0,0,0,0,0,82.8
194,6.470588235,0,61.47058824,0,0,0,11.76470588,20.29411765,0,0,0,0,0,0,0,0,0,87
195,8.928571429,0,60.41666667,0,0,0,10.71428571,19.94047619,0,0,0,0,0,0,0,0,0,84.6
196,15.72327044,0,57.86163522,0,0,0,5.660377358,20.75471698,0,0,0,0,0,0,0,0,0,84.5
197,21.71052632,0,55.59210526,0,0,0,1.315789474,21.38157895,0,0,0,0,0,0,0,0,0,82.4
198,20.12987013,0,56.16883117,0,0,0,2.597402597,21.1038961,0,0,0,0,0,0,0,0,0,83
199,18.58974359,0,56.73076923,0,0,0,3.846153846,20.83333333,0,0,0,0,0,0,0,0,0,83.8
200,17.08860759,0,57.27848101,0,0,0,5.063291139,20.56962025,0,0,0,0,0,0,0,0,0,84.2
201,15.625,0,57.8125,0,0,0,6.25,20.3125,0,0,0,0,0,0,0,0,0,85.3
202,14.19753086,0,58.33333333,0,0,0,7.407407407,20.0617284,0,0,0,0,0,0,0,0,0,85.2
203,12.80487805,0,58.84146341,0,0,0,8.536585366,19.81707317,0,0,0,0,0,0,0,0,0,85.7
204,11.44578313,0,59.3373494,0,0,0,9.638554217,19.57831325,0,0,0,0,0,0,0,0,0,84.3
205,10.44776119,0,59.70149254,0,0,0,10.44776119,19.40298507,0,0,0,0,0,0,0,0,0,84.5
206,8.823529412,0,60.29411765,0,0,0,11.76470588,19.11764706,0,0,0,0,0,0,0,0,0,87.5
207,7.558139535,0,60.75581395,0,0,0,12.79069767,18.89534884,0,0,0,0,0,0,0,0,0,88.8
208,20.64516129,0,55.80645161,0,0,0,3.225806452,20.32258065,0,0,0,0,0,0,0,0,0,84.2
209,10,0,59.70588235,0,0,0,11.76470588,18.52941176,0,0,0,0,0,0,0,0,0,85.8
210,9.941520468,0,59.64912281,0,0,0,12.28070175,18.12865497,0,0,0,0,0,0,0,0,0,86.7
211,11.17647059,0,59.11764706,0,0,0,11.76470588,17.94117647,0,0,0,0,0,0,0,0,0,86.3
212,17.68292683,0,56.40243902,0,0,0,8.536585366,17.37804878,0,0,0,0,0,0,0,0,0,87.6
213,13.88888889,0,56.94444444,0,0,0,16.66666667,12.5,0,0,0,0,0,0,0,0,0,90.5
214,11.91773598,0,58.78010195,0,0,0,0.21093338,23.4136052,0,0,5.677623484,0,0,0,0,0,0,84
215,0,2.694610778,59.58083832,0,10.77844311,0,7.48502994,19.46107784,0,0,0,0,0,0,0,0,0,74.9
216,0,0,58.99653979,0,12.80276817,0,0,24.39446367,0,0,3.806228374,0,0,0,0,0,0,75.2
217,0,0,60.3539823,0,8.495575221,0,0,24.95575221,0,0,6.194690265,0,0,0,0,0,0,70.3
218,0,0,60.13769363,0,10.8777969,0,0,25.71428571,0,0,3.270223752,0,0,0,0,0,0,75.3
219,0,0,60.9,0,11.53333333,0,0,27.56666667,0,0,0,0,0,0,0,0,0,60.25
220,0,0,67.02170508,0,0,0,0,2.244349966,21.19937346,0,9.534571493,0,0,0,0,0,0,54.86
221,0,0,66.66666667,0,0,0,0,0.56022409,21.8487395,0,10.92436975,0,0,0,0,0,0,56.49
222,0,0,60.83858591,0,9.118936695,0,0.465881063,26.11674431,0,0.22608934,3.233762675,0,0,0,0,0,0,74
223,0,0,61.12122565,0,3.551921954,0,0.535879908,26.23750472,0,4.974064787,0,0,0,0,0,0,3.579402975,57.5
224,0,4.931811492,61.76210877,0,0.327043202,2.328547601,5.76904209,18.35693495,0,0.039245184,6.485266704,0,0,0,0,0,0,73
225,0,0,60.28368794,0,8.510638298,0,0,24.82269504,0,0,6.382978723,0,0,0,0,0,0,77.71
226,0,0,60.28368794,0,0,0,0,24.82269504,0,8.510638298,0,0,0,6.382978723,0,0,0,63.99
227,12.60119676,0,58.43013024,0,0,0,0.140795495,23.09046111,0,0,0,0,0,0,0,0,5.737416403,84.28
228,11.95499297,0,58.75527426,0,0,0,0.210970464,23.38255977,0,0,5.696202532,0,0,0,0,0,0,82.32
229,13.54129741,0,57.7100319,0,0,0,0.14179369,22.11981567,0,0,0,0,0,6.487061326,0,0,0,81.34
230,10.49685094,0,59.51714486,0,0,0,0.489853044,24.03778866,0,0,0,0,0,0,0,5.458362491,0,75.46
231,12.30551627,0,58.48656294,0,0,0,0,23.12588402,0,0,0,0,0,0,0,0,6.082036775,63.7
232,0,0,58.09624166,0,13.34738321,5.584826133,0.210748156,22.76080084,0,0,0,0,0,0,0,0,0,70.56
233,0,0,58.76760563,0,11.76056338,0,0.281690141,23.27464789,0,0,5.915492958,0,0,0,0,0,0,69.58
234,0,0,58.97887324,0,11.54929577,0,0.070422535,23.6971831,0,0,0,0,0,5.704225352,0,0,0,72.52
235,0,0,58.9314054,0,0,0,0.141068595,23.52318815,0,11.46182331,5.942514548,0,0,0,0,0,0,55.86
236,0,0,59.3166608,0,0,0,0.070447341,24.02254315,0,10.84889045,0,0,0,5.74145826,0,0,0,61.74
237,0,0,59.20363255,0,0,0,0.488997555,23.78623821,0,11.24694377,0,0,0,0,0,5.274187915,0,52.92
238,0,0,66.66666667,0,8.05,0,0.566666667,0,24.71666667,0,0,0,0,0,0,0,0,41.9
239,0,0,66.05105921,0,9.373302553,0,0.07468767,0,24.50095057,0,0,0,0,0,0,0,0,30.1
240,0,0,65.77217963,0,9.361308872,0,1.07475356,0,23.79175794,0,0,0,0,0,0,0,0,33.4
241,0,0,64.4001424,0,12.01139195,0,0.576717693,0,23.01174795,0,0,0,0,0,0,0,0,33
242,0,0,62.06517203,0,16.1185084,0,0.534881074,0,21.28143849,0,0,0,0,0,0,0,0,36.4
243,0,0,57.31056564,0,24,0,1.413020277,0,17.27641409,0,0,0,0,0,0,0,0,39.8
244,0,0,60.13069636,0,9.190235807,0.867851463,0.684599959,24.85651061,0,0.698430261,3.530184635,0,0.013830302,0,0,0.027660604,0,66.85
245,0,4.043633628,61.85505611,0,6.168892232,0,2.959062128,23.50636324,0,0.426305561,0.645727541,0,0,0,0,0.394959564,0,73.5
246,0,7.025300909,64.02910833,0,2.161631049,0,0.859739622,25.43908131,0,0.485138787,0,0,0,0,0,0,0,63
247,0,2.837155072,66.09016712,0,0,0,0,30.86539707,0,0.207280736,0,0,0,0,0,0,0,94.2
248,0,0,59.06373149,0,11.78828645,1.474385107,1.569506726,23.52221769,0,0.570729719,2.011142818,0,0,0,0,0,0,60.76
249,1.13750221,10.26109507,62.35928567,0,0.241645547,0,1.331997407,21.29722402,0,3.371250074,0,0,0,0,0,0,0,63.74
250,0,6.445240153,62.97999753,0,3.685640202,0,1.518706013,24.14804297,0,0.654401778,0.518582541,0,0,0,0,0.049388813,0,72.8
251,0.243189253,12.92377175,63.63452129,0,0.880113488,0,0.318462117,21.44118584,0,0.463217625,0.095538635,0,0,0,0,0,0,46.68
252,0.908608569,0,60.70102136,0,5.120042446,0,2.228412256,25.29181589,0,3.999204138,0,0,0.019896538,0,0,1.730998806,0,67.7
253,0,0,62.49953129,0,0,0,0,24.99906258,0,0,0,0,0,6.250703063,0,6.250703063,0,67.15
254,0,12.25521588,60.16380734,0,0,0,0,14.20000674,0,0,0,0,0,0,0,0,13.38097004,54.42
255,0,26.87335577,58.27557919,0,0,0,0,3.114480496,0,0,0,0,0,0,0,0,11.73658454,73.74
256,0,21.08174159,57.30593607,0,0,0,0,4.071001351,0,0,0,0,0,0,0,0,17.54132099,76.07
257,0,14.84912378,58.01389513,0,0,0,0,8.603228371,0,0,0,0,0,0,0,0,18.53375272,78.28
258,0,16.60809671,56.55749227,0,0,0,0,4.810936182,0,0,0,0,0,0,0,0,22.02347484,75.78
259,0,17.58241758,59.34065934,0,8.791208791,0,0,14.28571429,0,0,0,0,0,0,0,0,0,69.68
260,0,2.597402597,61.03896104,0,0,0,0,25.97402597,0,10.38961039,0,0,0,0,0,0,0,60.27
261,0,5.063291139,60.75949367,0,0,0,0,24.05063291,0,10.12658228,0,0,0,0,0,0,0,68.5
262,0,7.407407407,60.49382716,0,0,0,0,22.22222222,0,9.87654321,0,0,0,0,0,0,0,73.21
263,0,9.638554217,60.24096386,0,0,0,0,20.48192771,0,9.638554217,0,0,0,0,0,0,0,76.54
264,0,11.76470588,60,0,0,0,0,18.82352941,0,9.411764706,0,0,0,0,0,0,0,75.95
265,0,17.58241758,59.34065934,0,0,0,0,14.28571429,0,8.791208791,0,0,0,0,0,0,0,62.43
267,0,6.71641791,53.38930348,0,24.3159204,0,0,15.57835821,0,0,0,0,0,0,0,0,0,56.45
268,11.48747263,0,59.45937728,0,0,0,8.781318414,20.27183167,0,0,0,0,0,0,0,0,0,83
269,0,3.225806452,61.29032258,0,9.677419355,0,0,25.80645161,0,0,0,0,0,0,0,0,0,65.3
270,0,6.25,60.9375,0,9.375,0,0,23.4375,0,0,0,0,0,0,0,0,0,70.9
271,0,9.090909091,60.60606061,0,9.090909091,0,0,21.21212121,0,0,0,0,0,0,0,0,0,71.9
272,0,11.76470588,60.29411765,0,8.823529412,0,0,19.11764706,0,0,0,0,0,0,0,0,0,73.7
273,0,3.225806452,58.06451613,0,16.12903226,0,0,22.58064516,0,0,0,0,0,0,0,0,0,63.5
274,0,6.25,57.8125,0,15.625,0,0,20.3125,0,0,0,0,0,0,0,0,0,67
275,0,11.76470588,57.35294118,0,14.70588235,0,0,16.17647059,0,0,0,0,0,0,0,0,0,70.9
276,0,16.66666667,56.94444444,0,13.88888889,0,0,12.5,0,0,0,0,0,0,0,0,0,78.5
277,0,10.44776119,59.70149254,0,10.44776119,0,0,19.40298507,0,0,0,0,0,0,0,0,0,71.2
278,0,17.15453441,61.9214625,0,3.7722302,0,0,17.15177289,0,0,0,0,0,0,0,0,0,47.57
279,0,12.90210196,61.29079085,0,6.451050981,0,0,19.35605621,0,0,0,0,0,0,0,0,0,68.44
280,0,10.80984659,62.16256392,0,5.404923296,0,0,21.62266619,0,0,0,0,0,0,0,0,0,68.37
281,0,9.300637983,62.79140084,0,4.650318991,0,0,23.25764219,0,0,0,0,0,0,0,0,0,63.75
282,0,8.161391049,63.26455642,0,4.083756811,0,0,24.49029572,0,0,0,0,0,0,0,0,0,68.98
283,0,4.87712066,41.46186777,0,0,0,0,4.87712066,0,48.78389091,0,0,0,0,0,0,0,60.98
284,0,12.90210196,61.29079085,0,0,0,0,19.35605621,0,6.451050981,0,0,0,0,0,0,0,60.89
285,0,10.80984659,62.16256392,0,0,0,0,21.62266619,0,5.404923296,0,0,0,0,0,0,0,63.2
286,0,9.300637983,62.79140084,0,0,0,0,23.25764219,0,4.650318991,0,0,0,0,0,0,0,67.68
287,0,0,58,0,17.33333333,0,0,16.66666667,0,0,0,8,0,0,0,0,0,81.52
288,0,0,56.66666667,0,20,0,0,15,0,0,0,8.333333333,0,0,0,0,0,78.26
289,0,0,59.66666667,0,14,0,0,22.33333333,0,0,0,4,0,0,0,0,0,74.27
290,0,0,60,0,13.33333333,0,0,20,0,0,0,6.666666667,0,0,0,0,0,82.02
291,0,0,60,0,13.33333333,0,0,21.66666667,0,0,0,5,0,0,0,0,0,78.82
292,0,0,60,0,13.33333333,0,0,23.43333333,0,0,0,0,0,0,3.233333333,0,0,77.9
293,0,0,59.4,0,14.53333333,0,0,23.66666667,0,0,0,0,0,0,2.4,0,0,73.7
294,0,0,59.9,0,13.53333333,0,0,24.93333333,0,0,0,0,0,0,1.633333333,0,0,70.3
295,0,0,60.73333333,0,11.86666667,0,0,23.33333333,0,0,0,0,0,0,4.066666667,0,0,83.2
296,0,0,60.7,0,11.93333333,0,0,24.1,0,0,0,0,0,0,3.266666667,0,0,79.3
297,0,0,60.86666667,0,11.6,0,0,24.93333333,0,0,0,0,0,0,2.6,0,0,75.9
298,0,0,60.5,0,12.33333333,0,0,25.53333333,0,0,0,0,0,0,1.633333333,0,0,71.1
299,0,0,61.96666667,0,9.4,0,0,24.5,0,0,0,0,0,0,4.133333333,0,0,86.7
300,0,0,61.63333333,0,10.06666667,0,0,25.03333333,0,0,0,0,0,0,3.266666667,0,0,82.3
301,0,0,62,0,9.333333333,0,0,26.16666667,0,0,0,0,0,0,2.5,0,0,78.9
302,0,0,62.23333333,0,8.866666667,0,0,24.76666667,0,0,0,0,0,0,4.133333333,0,0,87.1
303,0,0,62.43333333,0,8.466666667,0,0,25.9,0,0,0,0,0,0,3.2,0,0,83.6
304,0,0,62.63333333,0,8.066666667,0,0,26.9,0,0,0,0,0,0,2.4,0,0,80.2
305,0,0,62.6,0,8.133333333,0,0,27.63333333,0,0,0,0,0,0,1.633333333,0,0,76.2
312,0,35.17718237,56.78478825,0,0,0,0,0,0,8.038029386,0,0,0,0,0,0,0,31.85
313,0,34.64052288,56.42701525,0,0,0,0,0,0,8.932461874,0,0,0,0,0,0,0,32.49
314,0,33.09545049,55.39696699,0,0,0,0,0,0,11.50758252,0,0,0,0,0,0,0,37.59
315,0,31.56934307,54.37956204,0,0,0,0,0,0,14.05109489,0,0,0,0,0,0,0,41.91
316,0,29.57746479,53.05164319,0,17.37089202,0,0,0,0,0,0,0,0,0,0,0,0,57.11
317,0,0,62.70736345,0,0,3.632548685,9.028916137,19.85443577,0,0,3.730902892,1.04583306,0,0,0,0,0,89.18
318,0,0,61.06933724,0,0,8.188048975,11.32552569,16.47591163,0,0,2.941176471,0,0,0,0,0,0,99.96
319,0,0,62.71098811,0,0,2.046774733,13.75870564,18.5426234,0,0,2.940908123,0,0,0,0,0,0,88.2
320,0,0,63.59484062,0,0,2.042523079,8.478883206,22.95023963,0,0,2.933513461,0,0,0,0,0,0,87.22
321,0,0,62.13432492,0,0,2.616078186,9.924643786,19.30632795,0,0,6.01862516,0,0,0,0,0,0,95.06
322,0,0,61.68967384,0,0,4.85180674,8.952496955,18.08769793,0,0,5.037894167,0.815401272,0,0,0,0.565029097,0,91.14
323,0,0,56.46324054,0,11.73447537,11.02783726,3.961456103,16.81299072,0,0,0,0,0,0,0,0,0,98
324,0,0,57.25739762,0,10.41958796,11.01643117,3.163988063,18.14259519,0,0,0,0,0,0,0,0,0,98
325,0,0,57.78375318,0,7.925275969,10.15425984,4.01217096,18.39088593,0,1.733654118,0,0,0,0,0,0,0,98
326,0,0,57.47832883,0,10.73610914,9.290180475,3.261332954,18.69404576,0,0,0,0,0,0,0,0.540002842,0,98
327,0,0.575438596,57.21403509,0,11.67719298,8.978947368,3.150877193,18.40350877,0,0,0,0,0,0,0,0,0,98
328,0,0,56.99885293,0,11.73485349,9.023601794,4.755118357,17.48757343,0,0,0,0,0,0,0,0,0,98
329,0,0,58.24845074,0,9.110335494,10.00783532,3.16261842,19.47076003,0,0,0,0,0,0,0,0,0,98
330,0,0,58.41647662,0,7.860604333,10.07340365,3.185575827,19.60162486,0,0.862314709,0,0,0,0,0,0,0,98
331,0,0,57.80902504,0,9.390917569,10.31637851,3.257048569,18.68498458,0,0,0,0,0,0,0,0.541645742,0,98
332,0,0,58.53139411,0,10.40794608,8.002837886,1.58212132,21.4757006,0,0,0,0,0,0,0,0,0,98
333,0,0,58.12295171,0,9.759786797,10.00468182,1.973565744,20.13901394,0,0,0,0,0,0,0,0,0,98
334,0,0,56.20407741,0,13.05322709,9.031011763,5.553830763,16.15785298,0,0,0,0,0,0,0,0,0,98
335,0,0,55.60104468,0,13.05145761,11.03974024,5.159878591,15.14787887,0,0,0,0,0,0,0,0,0,98
339,0,0,60.18844364,0,0,17.46320051,3.942937148,18.4054187,0,0,0,0,0,0,0,0,0,115
340,0,0,66.28571429,0,0,0,0,0,21.71428571,0,12,0,0,0,0,0,0,57.9
341,0,0,67.03963711,0,0,0,0,0,22.71951615,0,10.24084674,0,0,0,0,0,0,54.51
342,0,0,59.98280605,0,10.00687758,1.024759285,0.811554333,24.78335626,0,0.440165062,2.950481431,0,0,0,0,0,0,76.6
343,0,7.103875682,64.01812968,0,2.454290383,0,0.746153609,25.33838991,0,0,0.339160731,0,0,0,0,0,0,63.7
344,2.198079043,0,57.31695796,0,9.661470635,0.188946623,5.77546843,20.00314911,0,4.742560227,0.069280428,0.044087545,0,0,0,0,0,70.7
345,0,0,63.46153846,0,0,0,3.846153846,0,19.23076923,11.53846154,0,1.923076923,0,0,0,0,0,55
346,0,0,64.28571429,0,0,0,3.571428571,0,21.42857143,10.71428571,0,0,0,0,0,0,0,42
347,0,0,62.5,0,0,0,4.166666667,0,16.66666667,12.5,0,4.166666667,0,0,0,0,0,60
348,0,0,60,0,0,0,5.715428457,0,17.14228577,17.14228577,0,0,0,0,0,0,0,37
349,0,0,58.5925537,0,0,0,6.251914074,0,14.06133788,18.7513672,0,2.342827143,0,0,0,0,0,43
350,0,0,57.49982502,0,0,0,6.668066541,0,11.66561676,19.99953338,0,4.166958307,0,0,0,0,0,44
351,0,0,65.2173913,0,0,0,4.347826087,0,21.73913043,8.695652174,0,0,0,0,0,0,0,45
352,0,0,64.86486486,0,0,0,4.504504505,0,20.72072072,9.009009009,0,0.900900901,0,0,0,0,0,50
353,0,0,64.48598131,0,0,0,4.672897196,0,19.62616822,9.345794393,0,1.869158879,0,0,0,0,0,59
354,0,0,61.40350877,0,0,0,7.01754386,0,17.54385965,14.03508772,0,0,0,0,0,0,0,42
355,0,0,60.26603643,0,0,0,7.604626357,0,14.8286031,15.20925271,0,2.091481396,0,0,0,0,0,50
356,0,0,59.63668876,0,0,0,7.929169574,0,13.32431961,15.85833915,0,3.251482903,0,0,0,0,0,53
357,0,0,58.92086824,0,0,0,8.298906717,0,11.61755643,16.59781343,0,4.56485518,0,0,0,0,0,60
358,0,0,58.83587865,0,0,0,8.813238381,0,14.7202898,17.63059317,0,0,0,0,0,0,0,35
359,0,0,57.77363457,0,0,0,9.392410616,0,12.40184251,18.78920816,0,1.642904146,0,0,0,0,0,40
360,0,0,56.56022541,0,0,0,10.05400329,0,9.753463254,20.11270251,0,3.519605541,0,0,0,0,0,43
361,0,1.697404929,66.31956912,0,0,0,0.385180349,31.5978456,0,0,0,0,0,0,0,0,0,65.9
362,0,2.311610291,61.93025989,0,0.646467285,5.98798485,7.88820687,19.08384485,0,0,2.151625963,0,0,0,0,0,0,89.1
363,0,7.596638655,64.05805959,0,2.438502674,0,0.739495798,25.16730328,0,0,0,0,0,0,0,0,0,63.7
364,0,0,60.11972733,0,9.308280563,2.045053462,0.809716599,24.70673726,0,0.436001246,2.574483546,0,0,0,0,0,0,73.4
365,0,0,60.81262592,0,8.159838818,0,1.981195433,25.25184688,0,1.074546676,0,0,0,0,0,0,2.719946273,65.3
369,0,0,59.42028986,0,10.14492754,0,13.04347826,17.39130435,0,0,0,0,0,0,0,0,0,77
370,0,0,62.22207407,0,0,0,8.886962899,20.00066669,0,0,8.890296343,0,0,0,0,0,0,91.25
371,0,0,62.4,0,0,0,11.2,19.2,0,0,7.2,0,0,0,0,0,0,98
372,0,5.063291139,55.69620253,0,20.25316456,0,0,18.98734177,0,0,0,0,0,0,0,0,0,65
373,0,9.638554217,57.8313253,0,14.45783133,0,0,18.07228916,0,0,0,0,0,0,0,0,0,84
374,0,13.04347826,59.42028986,0,10.14492754,0,0,17.39130435,0,0,0,0,0,0,0,0,0,87
375,0,16.66666667,44.44444444,0,38.88888889,0,0,0,0,0,0,0,0,0,0,0,0,59.4
376,0,4.109092108,61.89361211,0.445206609,0,0,6.153744682,19.10101243,0,0,8.297332058,0,0,0,0,0,0,70
377,0,0,60.59685864,0,8.516579407,0,0.488656195,25.20767888,0,0,5.190226876,0,0,0,0,0,0,55
378,0,0,60.07143105,0,10.50660564,0,0,25.39616492,0,0,4.025798398,0,0,0,0,0,0,66.6
379,0,0,60.08231876,0,10.65993359,0,0,25.49460432,0,0,3.763143331,0,0,0,0,0,0,67.5
380,0,0,59.69398305,0,11.69618857,0,0,25.23606038,0,0,3.373768006,0,0,0,0,0,0,67.4
384,0,37.32394366,59.33098592,0,0,0,0,0,0,0,0,0,0,0,0,0,3.345070423,36.44
385,0,37.12893221,59.28223305,0,0,0,0,0,0,0,0,0,0,0,0,0,3.588834736,40.7
386,0,36.83150593,59.20787648,0,0,0,0,0,0,0,0,0,0,0,0,0,3.960617588,44.94
387,0,36.6704162,59.16760405,0,0,0,0,0,0,0,0,0,0,0,0,0,4.161979753,49.66
388,0,36.25997719,59.0649943,0,0,0,0,0,0,0,0,0,0,0,0,0,4.675028506,60.39
389,0,35.51401869,58.87850467,0,0,0,0,0,0,0,0,0,0,0,0,5.607476636,0,65
390,0,0,58.98982688,0,10.63001963,0,0,23.03051936,0,0,7.085489916,0.264144208,0,0,0,0,0,80.1
391,0,0,59.04955582,0,10.54621999,0,0,22.84776482,0,0,7.032002569,0.524456813,0,0,0,0,0,81.6
392,0,0,59.16672607,0,10.38562977,0,0,22.49269371,0,0,6.921377147,1.033573312,0,0,0,0,0,87.6
393,0,0,59.60445959,0,9.778440562,0,0,21.18307059,0,0,6.518960375,2.915068882,0,0,0,0,0,87.1
394,0,0,59.8057633,0,9.499167051,0,0,20.5827101,0,0,6.333959522,3.778400028,0,0,0,0,0,85.1
395,0,0,59.99504583,0,9.235995612,0,0,20.01486252,0,0,6.160869104,4.593226937,0,0,0,0,0,85.6
396,0,0,60.42445181,0,8.644151449,0,0,18.72664457,0,0,5.760417401,6.444334767,0,0,0,0,0,90.5
397,0,0,60.80326083,0,8.11694016,0,0,17.59373133,0,0,5.414807267,8.07126041,0,0,0,0,0,98.4
398,15,0,59.16666667,0,0,0,0,25.83333333,0,0,0,0,0,0,0,0,0,73.55
399,18.33333333,0,57.5,0,0,0,0,24.16666667,0,0,0,0,0,0,0,0,0,74.46
400,0,0,60.66666667,0,12,0,0,27.33333333,0,0,0,0,0,0,0,0,0,60.42
401,0,0,59.16666667,0,15,0,0,25.83333333,0,0,0,0,0,0,0,0,0,58.49
402,0,0,57.5,0,18.33333333,0,0,24.16666667,0,0,0,0,0,0,0,0,0,55.93
403,0,0,60.66666667,0,0,0,0,27.33333333,0,12,0,0,0,0,0,0,0,49.03
404,0,0,59.16666667,0,0,0,0,25.83333333,0,15,0,0,0,0,0,0,0,46.04
405,0,0,66.64440735,0,0,11.16304953,0,0,22.19254313,0,0,0,0,0,0,0,0,52.57
406,0,0,66.64292075,0,0,0,0,0,22.190561,0,11.16651825,0,0,0,0,0,0,55.33
407,17.33333333,0,58,0,0,0,0,24.66666667,0,0,0,0,0,0,0,0,0,77
408,0,0,60.31746032,0,19.44444444,0,0,0,20.23809524,0,0,0,0,0,0,0,0,37.45
409,0,0,60.25437202,0,19.55484897,0,0,0,20.19077901,0,0,0,0,0,0,0,0,37.4
410,0,0,58.88157895,0,21.95723684,0,0,0,19.16118421,0,0,0,0,0,0,0,0,39.9
411,0,0,58.50622407,0,22.61410788,0,0,0,18.87966805,0,0,0,0,0,0,0,0,34.21
412,0,0,57.73457312,0,23.96449704,0,0,0,18.30092984,0,0,0,0,0,0,0,0,37.26
413,0,0,63.29787234,0,0,0,0,16.4893617,0,0,0,0,20.21276596,0,0,0,0,66.8
414,0,0,67.94871795,0,0,0,0,0,19.87179487,0,0,0,12.17948718,0,0,0,0,69.5
415,0,36.42960813,59.10740203,0,0,0,0,0,0,0,0,0,0,0,0,0,4.46298984,56.5
417,0,0,58.73,0,15.87333333,0,0,20.63333333,0,0,0,4.763333333,0,0,0,0,0,78.82
418,0,6.584769626,63.97561655,0,2.586873782,0.095924745,0.748831884,25.69854875,0,0.241359037,0.068075626,0,0,0,0,0,0,55.1
419,0,0,60.58925477,0,9.497400347,0,0,25.92720971,0,0,3.986135182,0,0,0,0,0,0,64
420,0,0,63.93442623,0,0,1.639344262,6.557377049,24.59016393,0,0,1.639344262,0,0,0,0,1.639344262,0,80.59
421,0,0,63.49206349,0,0,1.587301587,9.523809524,22.22222222,0,0,1.587301587,0,0,0,0,1.587301587,0,85
422,0,0,63.07692308,0,0,1.538461538,12.30769231,20,0,0,1.538461538,0,0,0,0,1.538461538,0,88.81
423,0,0,62.68656716,0,0,1.492537313,14.92537313,17.91044776,0,0,1.492537313,0,0,0,0,1.492537313,0,92.72
424,0,0,63.33333333,0,0,3.333333333,6.666666667,23.33333333,0,0,1.666666667,0,0,0,0,1.666666667,0,83.77
425,0,0,62.71186441,0,0,5.084745763,6.779661017,22.03389831,0,0,1.694915254,0,0,0,0,1.694915254,0,86.96
426,0,0,63.33333333,0,0,1.666666667,6.666666667,23.33333333,0,0,3.333333333,0,0,0,0,1.666666667,0,82.61
427,0,0,62.71186441,0,0,1.694915254,6.779661017,22.03389831,0,0,5.084745763,0,0,0,0,1.694915254,0,84.59
428,0,0,63.33333333,0,0,1.666666667,6.666666667,23.33333333,0,0,1.666666667,0,0,0,0,3.333333333,0,79.92
429,0,0,62.71186441,0,0,1.694915254,6.779661017,22.03389831,0,0,1.694915254,0,0,0,0,5.084745763,0,79.62
430,6.479272969,2.216116663,58.9897648,0,5.706349446,0,7.215965702,19.36837656,0,0.02415386,0,0,0,0,0,0,0,77
431,0,0,58.33,0,16.67333333,0,0,24.99666667,0,0,0,0,0,0,0,0,0,88
432,0,0,57.6807281,0,15.42720698,0,0,23.07505969,0,0,3.817005225,0,0,0,0,0,0,74
433,0,8.336134454,60.68754775,0,9.179526356,0,0,21.79679144,0,0,0,0,0,0,0,0,0,75
434,0,33.89740878,55.93160585,0,10.17098537,0,0,0,0,0,0,0,0,0,0,0,0,47.84
435,0,33.05663409,55.37108939,0,11.57227652,0,0,0,0,0,0,0,0,0,0,0,0,52.15
436,0,32.25850156,54.83900104,0,12.9024974,0,0,0,0,0,0,0,0,0,0,0,0,57.09
437,0,31.49746541,54.3316436,0,14.17089099,0,0,0,0,0,0,0,0,0,0,0,0,59.29
439,0,36.55913978,58.06451613,0,4.301075269,1.075268817,0,0,0,0,0,0,0,0,0,0,0,37.78
440,0,35.16483516,57.14285714,0,6.593406593,1.098901099,0,0,0,0,0,0,0,0,0,0,0,44.84
441,0,33.70786517,56.17977528,0,8.988764045,1.123595506,0,0,0,0,0,0,0,0,0,0,0,52.45
442,0,30.58823529,54.11764706,0,14.11764706,1.176470588,0,0,0,0,0,0,0,0,0,0,0,60.47
443,0,29.49330784,53.39388145,0,15.91778203,1.195028681,0,0,0,0,0,0,0,0,0,0,0,58.8
444,0,4.542184127,62.05774705,0,0.638158101,4.413926862,8.139644008,18.09365909,0,0,2.114680765,0,0,0,0,0,0,87
445,0,0,60.90562959,0,6.49986402,0,0.496328529,26.41419636,0,3.202338863,0,0,0,0,0,0,2.481642643,61.74
446,0,0,60.21337767,0,8.645952406,2.556375351,1.212373134,24.36177214,0,0.436454328,2.573694967,0,0,0,0,0,0,70.56
447,0,0,59.71307377,0,11.20805601,2.027795979,0.400041384,24.83015484,0,0,1.820878022,0,0,0,0,0,0,69.58
448,0,0,60.89452284,0,3.546656644,0,1.079714354,25.65004954,0,5.255065432,0,0,0,0,0,0,3.573991185,58.8
449,0,0,60.67349213,0,0.459674049,0,0.564145424,25.28903747,0,7.988577796,0,0,0,1.396434044,0,0,3.628639086,64.77
450,0,0,59.81825778,0,5.159807813,1.323027644,1.044495509,23.95724532,0,4.526147204,1.423995543,0,0,0,0,0,2.747023188,68.97
451,0,2.541411391,62.24188791,0,1.037310772,4.49285228,7.105578787,20.16272813,0,0,2.402022756,0,0,0,0.016207981,0,0,86.12
452,0,2.966640807,62.17843289,0,0.664080683,0,6.882854926,21.29712956,0,3.065942591,2.944918542,0,0,0,0,0,0,86.24
453,0,2.440556897,62.37309435,0,0,3.693905222,6.680115083,20.18585271,0,0,3.793114852,0,0,0,0,0.833360892,0,86.24
454,4.144968332,0,56.30893737,0,4.989444053,0,0,21.12596763,0,7.881773399,0,0,0,0,0,0,5.548909219,57.82
455,0,12.16415536,62.68907077,0,2.37151864,0,1.081643867,20.52520462,0,1.168406744,0,0,0,0,0,0,0,58.8
456,0,12.51807717,62.70318737,0,3.51709377,0,0.711517325,20.55012437,0,0,0,0,0,0,0,0,0,59.78
457,1.26495828,9.810850135,62.09579238,0,0.611693441,0,1.116488998,21.47756629,0,3.622650474,0,0,0,0,0,0,0,63.7
458,0.601173444,12.94835111,63.81398306,0,0.289025694,0,0.352611347,21.61334143,0,0.381513917,0,0,0,0,0,0,0,50.96
459,0,6.568215522,64.21774592,0,2.459218982,0,0.747652002,26.00716757,0,0,0,0,0,0,0,0,0,63.7
460,1.446811348,0,61.74950828,0,8.387505417,0,0,25.60256026,0,0,0,0,0,0,2.813614695,0,0,83
461,0,15.57129621,57.45539317,0,0,0,9.74326788,2.253504289,0,0,0,0,0,0,0,0,14.97653845,53.51
462,0,8.499327875,63.73579372,0,2.547965294,0,0.384944397,24.30343395,0,0,0,0,0,0,0,0,0.528534767,61.74
463,0,1.700457816,66.35055592,0,0,0,0.196206671,31.75277959,0,0,0,0,0,0,0,0,0,66.15
464,0,12.05628949,62.30040207,0,4.118322803,0,1.786329696,19.73865594,0,0,0,0,0,0,0,0,0,56
465,0,0,62.76807649,0,0,7.658853994,8.073833079,19.18199323,0,0,0,2.317243211,0,0,0,0,0,120.1
466,0,4.058712727,57.12762555,4.247076803,0,8.508369762,6.333297793,15.44585421,0,4.279063155,0,0,0,0,0,0,0,64.17
467,0,4.059437243,63.1963326,0,3.90768258,0,1.979133734,25.54220677,0,0.429971546,0.360417325,0,0,0,0,0.524818211,0,72
468,0,5.807057909,61.92034739,0,0,2.255419813,5.547814252,18.16325869,0,0,6.306101948,0,0,0,0,0,0,74
469,0,0,60.24969655,0,9.328940524,1.53632738,0.811513785,24.75810647,0,0,3.315415294,0,0,0,0,0,0,70.56
470,0,0,63.35732632,0,0,4.994133874,9.86777436,21.78076545,0,0,0,0,0,0,0,0,0,85.5
471,0,6.908218504,64.13016732,0,2.337598425,0,0.818159449,25.64591535,0,0.159940945,0,0,0,0,0,0,0,65.46
473,0,7.666244094,61.52356805,0,0,0,23.19234759,7.617840267,0,0,0,0,0,0,0,0,0,152
474,0,1.154120161,61.87366421,0,0,0,27.60389456,9.368321064,0,0,0,0,0,0,0,0,0,187
475,5.276662541,0,62.59244725,0,0,0,8.893047967,21.98810638,0.277719081,0,0,0.492045763,0,0,0.479971021,0,0,78.4
476,9.838032394,0,60.0779844,0,0,0,10.0179964,20.0659868,0,0,0,0,0,0,0,0,0,82.7
477,7.569230769,0,61.6,0,0,0,7.692307692,23.13846154,0,0,0,0,0,0,0,0,0,80.2
478,6.125,0,62.5625,0,0,0,6.25,25.0625,0,0,0,0,0,0,0,0,0,79.1
479,5.176767677,0,63.19444444,0,0,0,5.303030303,26.32575758,0,0,0,0,0,0,0,0,0,76.3
480,4.452926209,0,63.67684478,0,0,0,4.580152672,27.29007634,0,0,0,0,0,0,0,0,0,76.2
481,0,0,56.26146989,0,4.113140493,2.420693874,25.10413936,0,0,0,8.651577384,0.999155233,0,0,1.028285123,1.421538641,0,111
482,0,0,57.2689149,0,1.986137807,1.444463859,24.26466306,0,0,0.961034423,8.751237696,1.444463859,0,0,2.434620537,1.444463859,0,115
483,0,0,60.37764294,0,0,7.485018656,3.859344967,18.82561339,0,0,9.452380055,0,0,0,0,0,0,89
484,0,0,65.92028813,0,0,0,0.203866671,31.73864293,0,0,0,0,0,0,0,2.13720227,0,79
485,0,0,61.82078503,0,0.41905294,0,0,26.89970666,0,6.097220282,0,0,0,0,0,0,4.763235089,55.5
486,0,0,61.20815138,0,0,0,0,24.81804949,0,4.80349345,0,0,0,0,0,0,9.170305677,53.5
488,7.296137339,35.6223176,57.08154506,0,0,0,0,0,0,0,0,0,0,0,0,0,0,48
490,0,34.21052632,56.14035088,0,9.649122807,0,0,0,0,0,0,0,0,0,0,0,0,47
491,0,0,59.39449024,0,8.668944119,1.02485348,8.104804588,19.94860062,0,1.755100762,1.103206193,0,0,0,0,0,0,74.41
492,0,2.444370641,62.44437064,0,0,3.693125208,6.257057456,20.53802723,0,0,3.79275988,0,0,0,0,0.830288941,0,86.12
493,0,2.972490175,59.91425509,3.265451947,2.000714541,0.514469453,2.436584494,22.0471597,0,1.31475527,5.534119328,0,0,0,0,0,0,75.1
494,0,3.517223175,62.24429194,0,0,3.038801637,6.011614095,19.72416524,0,0,5.46390392,0,0,0,0,0,0,85.44
495,0,0,62.07784153,0,0,6.856877035,13.81919677,17.24608466,0,0,0,0,0,0,0,0,0,104.9
496,6.459121327,0,51.41111434,0,23.04335176,0,3.025894676,16.06051789,0,0,0,0,0,0,0,0,0,68.9
497,0,0,55.86170146,0,19.62259419,0,5.962008651,18.55369569,0,0,0,0,0,0,0,0,0,68.9
498,16.51333333,0,53.86333333,0,9.093333333,0,0,20.53,0,0,0,0,0,0,0,0,0,68.4
499,18.255042,0,56.60258629,0,0,0,5.61935626,19.11399176,0,0,0,0.239121543,0,0,0.169902149,0,0,82.662
500,13.94459145,0,58.96642969,0,0,0,4.367647528,22.27500239,0,0,0,0.270985431,0,0,0.175343514,0,0,79.971
501,11.3942354,0,60.37081071,0,0,0,3.592429549,24.20873365,0,0,0,0.253847884,0,0,0.179942804,0,0,78.936
502,9.556755359,0,61.38501827,0,0,0,3.019624325,25.61507872,0,0,0,0.255407197,0,0,0.168116129,0,0,76.314
503,8.603896104,0,61.93181818,0,0,0,2.597402597,26.43831169,0,0,0,0.25974026,0,0,0.168831169,0,0,76.245
504,18.2195659,0,56.61843347,0,0,0,5.630701478,19.12236552,0,0,0,0.245360176,0,0,0.163573451,0,0,93.288
505,13.98373984,0,58.94787183,0,0,0,4.361549498,22.27642276,0,0,0,0.261437908,0,0,0.16897816,0,0,86.043
506,11.43958869,0,60.3470437,0,0,0,3.598971722,24.18701799,0,0,0,0.253856041,0,0,0.173521851,0,0,80.73
507,9.595551389,0,61.36562025,0,0,0,3.019624325,25.5859817,0,0,0,0.265106204,0,0,0.168116129,0,0,75.969
508,0,6.339265744,60.82691632,0,2.588107486,1.990606128,5.508515193,17.02399591,0,0,5.72259322,0,0,0,0,0,0,73.5
509,0,0,62.96296296,0,0,0,29.62962963,0,7.407407407,0,0,0,0,0,0,0,0,135
510,0,0,60.65931072,0,10.3119466,0,0.129410162,23.41302275,0,0.136221223,2.28511102,0,0,0,3.064977523,0,0,82.52
511,0,38.09582766,60.31736206,0,0,0,0,1.586810284,0,0,0,0,0,0,0,0,0,63.98
512,0,0,67.02702703,0,0,10.27027027,0,0,22.7027027,0,0,0,0,0,0,0,0,51.99
513,0,0,66.28571429,0,0,12,0,0,21.71428571,0,0,0,0,0,0,0,0,54.34
514,0,0,65.45454545,0,0,13.93939394,0,0,20.60606061,0,0,0,0,0,0,0,0,64.81
515,0,0,67.02702703,0,0,0,0,0,22.7027027,0,10.27027027,0,0,0,0,0,0,54.51
516,0,0,59.26831825,0,0,5.863237709,11.58670813,7.868898284,0,0,10.53845347,2.95607813,0,0,1.91830602,0,0,116.2
517,0,0,59.66146484,0,0,5.856515373,9.263293219,9.823947434,0,0,10.52744349,2.953255008,0,0,1.914080634,0,0,114.5
518,0,0,59.22836288,0,0,5.95113958,7.06092656,9.98063459,0,0,12.83330851,3.001638612,0,0,1.943989275,0,0,113.1
519,0,0,62.00028969,0,0,5.438876014,3.577636153,17.95336037,0,0,6.771436848,4.258400927,0,0,0,0,0,101.7
520,0,7.063882064,64.0970516,0,2.334152334,0,0.798525799,25.52211302,0,0.184275184,0,0,0,0,0,0,0,64.21
521,0,0,60.13769363,0,10.25817556,1.82444062,0.413080895,25.30120482,0,0.206540448,1.858864028,0,0,0,0,0,0,67.6
522,0,0,60.33696034,0,8.704808705,2.035802036,0.421200421,24.81572482,0,0,3.685503686,0,0,0,0,0,0,72.41
523,0,5.055087492,61.98963059,0,0.32404407,0,5.83279326,18.69734284,0,0,8.10110175,0,0,0,0,0,0,84.14
524,0,0.889192886,60.12311902,0,9.370725034,0,0,25.03419973,0,1.094391245,3.488372093,0,0,0,0,0,0,72.73
525,0,2.872062663,60.05221932,0,9.595300261,0,0,24.54308094,0,2.154046997,0.783289817,0,0,0,0,0,0,72.09
526,0,5.003166561,60.10132996,0,5.129829006,0,0,23.43255225,0,6.333122229,0,0,0,0,0,0,0,73.12
527,0,8.588548602,61.61784288,0,0,0,1.597869507,18.1424767,0,0,2.230359521,0,0,0,0,7.822902796,0,80.5
528,0,2.277904328,61.95899772,0,0.650829808,5.987634234,8.070289619,19.06931337,0,0,1.985030914,0,0,0,0,0,0,87.59
529,1.420454545,14.14772727,63.40909091,0,0,0,0.625,20.22727273,0,0.170454545,0,0,0,0,0,0,0,49.38
530,0,0,61.79657462,0,0.419433764,0,0,26.84376092,0,6.081789584,0,0,0,0,0,0.104858441,4.753582663,55.43
531,0,0,60.64880113,0,2.256699577,0,0,25.38787024,0,5.923836389,0,0,0,0,0,0,5.782792666,55.4
532,0,0,60.03539823,0,5.168141593,0,0,24.63716814,0,3.96460177,0,0,0,0,0,0,6.194690265,56.71
533,0,0,60.84637269,0,3.20056899,0,0,25.28449502,0,3.982930299,0,0,0,0,0,0,6.685633001,56.2
534,0,0,61.03896104,0,0.793650794,0,0,24.96392496,0,4.978354978,0,0,0,0,0,0,8.225108225,53.93
535,0,0,61.30099228,0,0,0,0,24.54979787,0,3.895626608,0,0,0,0,0,0,10.25358324,54.1
536,0,0,60.13986014,0,0,0,0,23.33456018,0,6.109679794,0,0,0,0,0,0,10.41589989,53.8
537,0,0,61.32637854,0,0,0,0,24.0685544,0,2.831594635,0,0,0,0,0,0,11.77347243,54.26
538,0,0,61.11111111,0,0,0,0,23.31821618,0,2.191987906,0,0,0,0,0,0,13.37868481,54
539,0,16.72494172,58.36247086,0,8.275058275,0,0,12.5,0,0,4.137529138,0,0,0,0,0,0,88.33
540,0,13.09002433,58.72262774,0,8.643552311,0,0,15.22201946,0,0,4.321776156,0,0,0,0,0,0,86.83
541,0,9.096692112,59.12849873,0,9.03307888,0,0,18.22519084,0,0,4.51653944,0,0,0,0,0,0,84.95
542,0,0,59.89492119,0,10.15761821,0,0,24.86865149,0,0,5.078809107,0,0,0,0,0,0,73.73
543,0,10.98901099,59.34065934,0,8.791208791,0,6.593406593,14.28571429,0,0,0,0,0,0,0,0,0,58.82
544,0,8.988764045,59.5505618,0,8.988764045,0,6.741573034,15.73033708,0,0,0,0,0,0,0,0,0,62.76
545,0,6.896551724,59.77011494,0,9.195402299,0,6.896551724,17.24137931,0,0,0,0,0,0,0,0,0,66.18
546,0,4.705882353,60,0,9.411764706,0,7.058823529,18.82352941,0,0,0,0,0,0,0,0,0,69.12
547,0,2.409638554,60.24096386,0,9.638554217,0,7.228915663,20.48192771,0,0,0,0,0,0,0,0,0,71.81
548,0,13.18681319,59.34065934,0,8.791208791,0,4.395604396,14.28571429,0,0,0,0,0,0,0,0,0,64.22
549,0,11.23595506,59.5505618,0,8.988764045,0,4.494382022,15.73033708,0,0,0,0,0,0,0,0,0,66.66
550,0,9.195402299,59.77011494,0,9.195402299,0,4.597701149,17.24137931,0,0,0,0,0,0,0,0,0,69.12
551,0,7.058823529,60,0,9.411764706,0,4.705882353,18.82352941,0,0,0,0,0,0,0,0,0,72.55
552,0,4.819277108,60.24096386,0,9.638554217,0,4.819277108,20.48192771,0,0,0,0,0,0,0,0,0,73.77
553,0,2.469135802,60.49382716,0,9.87654321,0,4.938271605,22.22222222,0,0,0,0,0,0,0,0,0,71.57
554,0,13.48314607,59.5505618,0,8.988764045,0,2.247191011,15.73033708,0,0,0,0,0,0,0,0,0,69.12
555,0,11.49425287,59.77011494,0,9.195402299,0,2.298850575,17.24137931,0,0,0,0,0,0,0,0,0,72.06
556,0,9.411764706,60,0,9.411764706,0,2.352941176,18.82352941,0,0,0,0,0,0,0,0,0,73.43
557,0,7.228915663,60.24096386,0,9.638554217,0,2.409638554,20.48192771,0,0,0,0,0,0,0,0,0,75.45
558,0,4.938271605,60.49382716,0,9.87654321,0,2.469135802,22.22222222,0,0,0,0,0,0,0,0,0,73.77
559,0,2.53164557,60.75949367,0,10.12658228,0,2.53164557,24.05063291,0,0,0,0,0,0,0,0,0,70.34
560,0,7.407407407,60.49382716,0,9.87654321,0,0,22.22222222,0,0,0,0,0,0,0,0,0,76.96
561,0,0,60,0,9.411764706,0,11.76470588,18.82352941,0,0,0,0,0,0,0,0,0,72.3
562,0,0,60.24096386,0,9.638554217,0,9.638554217,20.48192771,0,0,0,0,0,0,0,0,0,70.6
563,0,0,60.49382716,0,9.87654321,0,7.407407407,22.22222222,0,0,0,0,0,0,0,0,0,68.63
564,0,0,60.75949367,0,10.12658228,0,5.063291139,24.05063291,0,0,0,0,0,0,0,0,0,66.67
565,0,0,61.03896104,0,10.38961039,0,2.597402597,25.97402597,0,0,0,0,0,0,0,0,0,64.95
566,0,0,61.33333333,0,0,0,0,28,0,10.66666667,0,0,0,0,0,0,0,61.3
567,3.469977887,0.850484776,66.84810342,0,3.469977887,0,0,0,24.49396156,0,0,0,0,0,0,0.867494472,0,30
568,3.47826087,1.739130435,67.82608696,0,0,0.869565217,0,0,24.34782609,0,0,0,0,0,0,1.739130435,0,38
569,3.418803419,1.709401709,66.66666667,0,3.418803419,0,0,0,23.93162393,0,0,0,0,0,0,0.854700855,0,38
570,0,0,62.54681648,0,0,0,0,25.09363296,0,0,0,0,0,0,0,0,12.35955056,56.25
571,0,0,58.67768595,0,0,0,0,17.3553719,0,0,0,0,0,0,0,0,23.96694215,48.62
572,0,0,57.08154506,0,0,0,0,14.16309013,0,0,0,0,0,0,0,0,28.75536481,43.45
573,0,0,55.98666667,0,21.36,0,0,16.18,0,0,0,6.473333333,0,0,0,0,0,75.48
574,15.4,0,58.96666667,0,0,0,0,25.63333333,0,0,0,0,0,0,0,0,0,74.4
575,5.273129144,0,63.15124724,0,0,0,5.273129144,26.30249447,0,0,0,0,0,0,0,0,0,74.5
576,7.692307692,0,61.53846154,0,0,0,7.692307692,23.07692308,0,0,0,0,0,0,0,0,0,78
577,9.9909991,0,60.0060006,0,0,0,9.9909991,20.0120012,0,0,0,0,0,0,0,0,0,80.2
578,10.56807363,0,60.58394161,0,0,0,4.792129483,24.05585528,0,0,0,0,0,0,0,0,0,76.8
579,12.87758347,0,59.45945946,0,0,0,4.610492846,23.05246423,0,0,0,0,0,0,0,0,0,77.8
580,15.06849315,0,58.39439312,0,0,0,4.428161835,22.1089519,0,0,0,0,0,0,0,0,0,78.2
581,17.01244813,0,57.45292052,0,0,0,4.245132461,21.28949888,0,0,0,0,0,0,0,0,0,79
582,18.86189258,0,56.55370844,0,0,0,4.092071611,20.49232737,0,0,0,0,0,0,0,0,0,79.8
583,19.83365323,0,56.07805502,0,0,0,4.030710173,20.05758157,0,0,0,0,0,0,0,0,0,79.3
584,20.55057618,0,55.72983355,0,0,0,3.969270166,19.7503201,0,0,0,0,0,0,0,0,0,80.3
585,22.15453671,0,54.95351074,0,0,0,3.815325425,19.07662712,0,0,0,0,0,0,0,0,0,81
586,23.59550562,0,54.25361156,0,0,0,3.691813804,18.45906902,0,0,0,0,0,0,0,0,0,81.4
587,24.975892,0,53.58405657,0,0,0,3.567984571,17.87206686,0,0,0,0,0,0,0,0,0,80.8
588,0,0,60.58394161,0,10.56807363,0,4.792129483,24.05585528,0,0,0,0,0,0,0,0,0,65.3
589,0,0,58.39439312,0,15.06849315,0,4.428161835,22.1089519,0,0,0,0,0,0,0,0,0,63.8
590,0,0,57.90816327,0,16.07142857,0,4.336734694,21.68367347,0,0,0,0,0,0,0,0,0,61.2
591,0,0,57.45292052,0,17.01244813,0,4.245132461,21.28949888,0,0,0,0,0,0,0,0,0,60.9
592,0,0,57.26141079,0,17.3954676,0,4.245132461,21.09798915,0,0,0,0,0,0,0,0,0,61
593,0,0,56.82326622,0,18.31255992,0,4.122722915,20.74145094,0,0,0,0,0,0,0,0,0,60.6
594,0,0,56.37991685,0,19.21969939,0,4.061400704,20.33898305,0,0,0,0,0,0,0,0,0,60.3
595,0,0,56,0,20,0,4,20,0,0,0,0,0,0,0,0,0,60.1
596,0,0,54.95351074,0,22.15453671,0,3.815325425,19.07662712,0,0,0,0,0,0,0,0,0,58.7
597,0,0,53.58405657,0,24.975892,0,3.567984571,17.87206686,0,0,0,0,0,0,0,0,0,58.5
598,0,0,52.25167678,0,27.43532418,0,4.183966784,16.12903226,0,0,0,0,0,0,0,0,0,57.4
599,0,0,63.15124724,0,5.273129144,0,5.273129144,26.30249447,0,0,0,0,0,0,0,0,0,66.9
600,0,0,60.0060006,0,9.9909991,0,9.9909991,20.0120012,0,0,0,0,0,0,0,0,0,68
601,0,0,61.1,0,11.13333333,0,0,27.76666667,0,0,0,0,0,0,0,0,0,58.4
602,0,0,58.96666667,0,15.4,0,0,25.63333333,0,0,0,0,0,0,0,0,0,56.5
603,0,0,57.13333333,0,19.06666667,0,0,23.8,0,0,0,0,0,0,0,0,0,55.7
604,0,0,60.31273536,0,1.986873722,0.164975074,4.088512714,20.2058602,0,1.420220206,11.66302048,0,0.157802245,0,0,0,0,53.13
605,0,0,59.25539058,0,1.78318287,0.145489816,3.678280982,18.13026934,0,1.275833769,15.58979333,0,0.141759308,0,0,0,0,58.65
608,0,23.636919,57.43776409,0,10.57883215,0,0,8.346484753,0,0,0,0,0,0,0,0,0,67.65
609,0,27.28132044,58.20548244,0,7.828594973,0,0,6.684602147,0,0,0,0,0,0,0,0,0,52.76
612,0,22.09987794,60.3994079,0,5.167891552,0,0,12.3328226,0,0,0,0,0,0,0,0,0,45.63
613,0,22.89107079,61.19364622,0,3.315683956,0,0,12.59959903,0,0,0,0,0,0,0,0,0,39.14
614,0,21.47419118,60.70306774,0,4.769134122,0,0,13.05360695,0,0,0,0,0,0,0,0,0,44.53
615,1.274984063,0,61.13923576,0,0,13.94607567,1.447481906,20.21974725,0,0,0,0,0,0,1.972475344,0,0,136.4
617,9.333333333,0,62,0,0,0,0,28.66666667,0,0,0,0,0,0,0,0,0,69.97
618,0,0,61.11333333,0,11.10666667,0,0,27.78,0,0,0,0,0,0,0,0,0,59.01
619,0,0,61.89202244,0,0,6.691933266,1.90985769,16.25608442,0,0,6.677070561,4.685467989,0,0,1.887563631,0,0,99.96
620,0,0,62.45267214,0,0,8.229184118,8.088457028,18.08343106,0,0,0.36857095,2.777684704,0,0,0,0,0,86.24
621,0,0.2670851,60.3979568,0,8.03926151,0.300470737,1.796147297,23.88408507,0,1.261977097,2.99135312,0,1.061663272,0,0,0,0,73.5
622,0,0,61.1041832,0,0,7.886483014,2.221970298,18.8905264,0,0,7.689982239,0,0,0,2.206854854,0,0,107.8
623,0,0,60.89393771,0,0,5.891524669,3.964806771,19.80547203,0,0,7.465567806,0,0,0,0,1.97869102,0,92.12
624,0,0,61.58643968,0,0,5.217199883,3.463457587,17.34297036,0,0,6.563692398,4.098180217,0,0,0,1.728059877,0,99.67
625,0,0,61.09737828,0,0,7.629213483,2.898876404,17.43071161,0,0,7.629213483,1.142322097,0,0,2.172284644,0,0,115.6
626,0,0,60.64784997,0,0,7.717370714,2.932373556,17.6321273,0,0,8.872892593,0,0,0,2.197385869,0,0,109.8
627,0,0,60.8647491,0,0,7.598862755,4.416054351,17.3577521,0,0,7.598862755,0,0,0,2.163718938,0,0,109.8
628,0,0,60.86555149,0,0,7.59942395,2.887633396,17.36272663,0,0,7.59942395,0,1.52136184,0,2.163878734,0,0,108.8
629,0,0,60.64784997,0,0,7.717370714,2.932373556,17.6321273,0,0,7.717370714,0,0,0,2.197385869,1.155521879,0,100.9
630,0,0,60.64784997,0,0,7.717370714,2.932373556,17.6321273,0,0,7.717370714,0,0,1.155521879,2.197385869,0,0,99.96
631,0,1.52136184,60.86555149,0,0,7.59942395,2.887633396,17.36272663,0,0,7.59942395,0,0,0,2.163878734,0,0,98.98
632,0,0,60.90242527,0,0,7.896221094,3.000564016,19.22917842,0,0,7.896221094,0,0,0,1.075390111,0,0,98
633,0,0,61.35780907,0,0,6.636691316,2.965330162,19.00709747,0,0,7.80721638,0,0,0,2.225855598,0,0,103.9
634,0,0,61.35780907,0,0,7.80721638,2.965330162,19.00709747,0,0,6.636691316,0,0,0,2.225855598,0,0,103.9
635,0,0,61.12933995,0,0,7.94734834,1.434566959,19.27508585,0,0,7.94734834,0,0,0,2.266310568,0,0,109.8
636,0,0,60.90013536,0,0,7.899684163,3.000451196,18.04782674,0,0,7.899684163,0,0,0,2.252218379,0,0,118.6
637,0,0,56.28930818,0,18.86792453,0,5.660377358,19.18238994,0,0,0,0,0,0,0,0,0,63.8
638,13.20754717,0,56.28930818,0,5.660377358,0,5.660377358,19.18238994,0,0,0,0,0,0,0,0,0,84.1
639,16.35220126,0,56.28930818,0,2.51572327,0,5.660377358,19.18238994,0,0,0,0,0,0,0,0,0,86
640,16.98113208,0,56.28930818,0,1.886792453,0,5.660377358,19.18238994,0,0,0,0,0,0,0,0,0,86.2
641,0,0,63.29662996,0,0,6.773440107,6.673340007,23.25658992,0,0,0,0,0,0,0,0,0,93
642,0,0,63.36277396,0,0,5.98626104,7.850834151,22.80013085,0,0,0,0,0,0,0,0,0,91
643,0,0,63.46818975,0,0,4.797715374,9.595430747,22.13866413,0,0,0,0,0,0,0,0,0,91
644,0,0,63.51140269,0,0,4.217432052,10.49671978,21.77444549,0,0,0,0,0,0,0,0,0,92
645,0,0,63.57798165,0,0,3.425076453,11.68195719,21.31498471,0,0,0,0,0,0,0,0,0,94
647,0,0,60.17591434,0,9.581421221,1.800862189,0.528438326,24.87832012,0,0,3.035043805,0,0,0,0,0,0,51.75
648,0,0,60.29825737,0,11.73592493,0,0.650134048,22.38270777,0,0,1.176273458,0,0,0,3.756702413,0,0,53.13
649,0,1.176398505,59.2212487,0,10.59371362,0,7.646590282,18.60792844,0,0.870044728,0.72912199,1.154953741,0,0,0,0,0,124.2
650,0,1.649754501,66.26186579,0,0.124386252,0,0.150572831,31.72831424,0,0.085106383,0,0,0,0,0,0,0,66.93
651,0,7.062580606,64.10673709,0,2.333722287,0,0.8168028,25.52048148,0,0.159675735,0,0,0,0,0,0,0,67.62
652,7.263740733,2.953045328,60.37163325,0,0,0,3.209559859,22.92989646,0,3.272124378,0,0,0,0,0,0,0,70.38
653,16.88286668,0,57.61302338,0,0,0,3.673259697,21.83085024,0,0,0,0,0,0,0,0,0,85.56
654,0,3.636013234,56.38390133,0,0,2.588892815,19.35566762,0,0,0,16.0826133,0,0,0,1.271962227,0.680949475,0,109.5
655,0,6.610180051,56.67559654,0,0,2.398604448,17.73721263,0,0,0,14.77166532,0,0,0,1.177496729,0.629244284,0,106.5
656,0,5.179938018,56.53026374,0,0,2.498260705,18.51242806,0,0,0,15.40699513,0,0,0,1.214344444,0.657769907,0,108.5
657,0,3.62514462,56.37935467,0,0,2.59994858,19.3405322,0,0,0,16.0946137,0,0,0,1.275870935,0.684535287,0,110.4
658,0,1.884323476,56.20910756,0,0,2.715257786,20.26956294,0,0,0,16.86731222,0,0,0,1.341271918,0.713164093,0,112.5
659,0,0.983855525,56.11938327,0,0,2.799696259,20.74680577,0,0,0,17.24058239,0,0,0,1.373435901,0.73624088,0,114.1
660,0,3.335680901,57.44605929,0,0,2.37531212,17.74761508,3.185223126,0,0,14.74486203,0,0,0,1.165247455,0,0,109.2
661,0,6.378358255,57.22218775,0,0,2.314326488,17.13097971,1.554259478,0,0,14.26444127,0,0,0,1.135447043,0,0,106.7
662,0,4.991659585,57.10508923,0,0,2.407704655,17.85163504,1.617725742,0,0,14.85538035,0,0,0,1.170805401,0,0,108.3
663,0,3.490267523,56.98213315,0,0,2.502636878,18.62115256,1.678013232,0,0,15.49525362,0,0,0,1.230543037,0,0,110.3
664,0,1.813867308,56.84426096,0,0,2.607027923,19.4844456,1.748854143,0,0,16.21103273,0,0,0,1.290511329,0,0,112.5
665,0,0.944417118,56.77652074,0,0,2.688965404,19.91801935,1.803574356,0,0,16.55025414,0,0,0,1.318248893,0,0,114
666,0,1.22334162,56.92463692,0,0,2.642941253,19.50804658,1.772864059,0,0,16.21745388,0,0,0,1.710715688,0,0,114.2
667,0,0,56.56391749,0,0,2.804357183,20.65357746,1.880607887,0,0,17.17710161,0,0,0,0.920438367,0,0,113.2
668,0,0,56.16054449,0,0,2.852567311,20.9521903,0,0,0,17.43902846,0,0,0,1.844993828,0.750675608,0,114.6
669,0,0,55.86724483,0,0,2.928619079,21.55436958,0,0,0,17.92194797,0,0,0,0.95730487,0.770513676,0,113.8
670,0,0,55.77947024,0,0,3.167756285,21.04198962,0,0,0,17.30808115,0,0,0,1.037945676,1.664757026,0,112
671,0,0,55.96029777,0,0,2.947890819,21.90901572,0,0,0,18.21670802,0,0,0,0.966087676,0,0,113.8
672,0,0,55.49485538,0,0,0.331802795,21.97942152,0,0,0,20.45446928,0,0,0,0,1.739451017,0,111.6
673,0,0,55.4361376,0,0,0,21.74455039,0,0,0,20.23853644,0,0,0,0,2.58077558,0,106.2
674,0,0,55.80819597,0,0,0,23.23278389,0,0,0,19.31721936,0,0,0,0,1.641800769,0,108.9
675,0,0,56.73333108,0,0,0,19.08198712,3.925668612,0,0,17.66888132,0,0,0,0,2.590131867,0,104
676,0,0,56.11411209,0,0,0,20.2498312,2.103308575,0,0,18.784605,0,0,0,0,2.748143147,0,104.6
677,0,0,56.27585294,0,0,2.859128363,21.2647672,1.919322281,0,0,17.68092922,0,0,0,0,0,0,110.2
678,0,0,56.89106812,0,0,2.835939571,19.95759343,3.803339518,0,0,16.51205937,0,0,0,0,0,0,109.2
680,0,0,57.57575758,0,0,0,18.18181818,3.03030303,0,0,15.15151515,0,6.060606061,0,0,0,0,79.35
681,0,0,54.83870968,0,6.451612903,0,19.35483871,3.225806452,0,0,16.12903226,0,0,0,0,0,0,80.04
682,0,0,58.06451613,0,0,0,19.35483871,3.225806452,0,0,16.12903226,3.225806452,0,0,0,0,0,87.63
683,6.451612903,0,54.83870968,0,0,0,19.35483871,3.225806452,0,0,16.12903226,0,0,0,0,0,0,97.98
684,0,0,56.66666667,0,0,0,20,3.333333333,0,0,16.66666667,0,0,0,0,3.333333333,0,99.36
685,0,0,56.66666667,0,0,3.333333333,20,3.333333333,0,0,16.66666667,0,0,0,0,0,0,103.5
686,0,0,56.66666667,0,0,0,20,3.333333333,0,0,16.66666667,0,0,0,0,0,3.333333333,110.4
687,0,0,56,0,0,0,21.33333333,1.333333333,0,0,21.33333333,0,0,0,0,0,0,100.1
688,0,0,56.22895623,0,0,0,20.2020202,2.356902357,0,0,21.21212121,0,0,0,0,0,0,100.7
689,0,0,55.78231293,0,0,0,20.40816327,1.360544218,0,0,22.44897959,0,0,0,0,0,0,100.1
690,0,0,56.66666667,0,0,0,20,3.333333333,0,0,18.33333333,0,0,0,0,1.666666667,0,98.67
691,0,0,55.78231293,0,0,0,20.40816327,1.360544218,0,0,18.36734694,0,0,0,0,4.081632653,0,91.43
692,0,0,55.78231293,0,0,0,20.40816327,1.360544218,0,0,20.40816327,0,0,0,0,2.040816327,0,100.1
693,0,0,56.66666667,0,0,5,20,3.333333333,0,0,15,0,0,0,0,0,0,105.6
694,0,0,56.66666667,0,0,1.666666667,20,3.333333333,0,0,18.33333333,0,0,0,0,0,0,100.1
695,0,0,55.78231293,0,0,4.081632653,20.40816327,1.360544218,0,0,18.36734694,0,0,0,0,0,0,103.2
696,0,0,55.78231293,0,0,3.06122449,20.40816327,1.360544218,0,0,19.3877551,0,0,0,0,0,0,115.9
697,0,0,55.78231293,0,0,2.040816327,20.40816327,1.360544218,0,0,20.40816327,0,0,0,0,0,0,110.4
698,0,0,55.78231293,0,0,1.020408163,20.40816327,1.360544218,0,0,21.42857143,0,0,0,0,0,0,102.8
699,0,0,54.66666667,0,4,0,20,1.333333333,0,0,20,0,0,0,0,0,0,107
700,0,0,53.59477124,0,7.843137255,0,19.60784314,1.307189542,0,0,17.64705882,0,0,0,0,0,0,104.9
701,0,0,52.90322581,0,10.32258065,0,19.35483871,1.290322581,0,0,16.12903226,0,0,0,0,0,0,96.6
702,0,0,52.39616613,0,12.14057508,0,19.16932907,1.277955272,0,0,15.01597444,0,0,0,0,0,0,89.7
703,0,3.401360544,55.78231293,0,0,0,17.00680272,1.360544218,0,0,22.44897959,0,0,0,0,0,0,91.08
704,0,6.802721088,55.78231293,0,0,0,13.60544218,1.360544218,0,0,22.44897959,0,0,0,0,0,0,86.25
705,0,10.20408163,55.78231293,0,0,0,10.20408163,1.360544218,0,0,22.44897959,0,0,0,0,0,0,79.35
706,3.278688525,0,55.73770492,0,0,0,19.67213115,3.278688525,0,0,18.03278689,0,0,0,0,0,0,97.29
707,8.387096774,0,53.87096774,0,0,0,19.35483871,2.258064516,0,0,16.12903226,0,0,0,0,0,0,100.1
708,9.615384615,0,53.52564103,0,0,0,19.23076923,2.243589744,0,0,15.38461538,0,0,0,0,0,0,95.22
709,10.22364217,0,53.35463259,0,0,0,19.16932907,2.236421725,0,0,15.01597444,0,0,0,0,0,0,97.29
710,13.79310345,0,52.35109718,0,0,0,18.80877743,2.194357367,0,0,12.85266458,0,0,0,0,0,0,100.7
711,11.91222571,0,53.29153605,0,0,0,18.80877743,3.134796238,0,0,12.85266458,0,0,0,0,0,0,96.6
712,13.66459627,0,52.79503106,0,0,0,18.63354037,3.105590062,0,0,11.80124224,0,0,0,0,0,0,100.1
713,0,0,59.10456731,0,0,0,21.69471154,7.361778846,0,0,11.83894231,0,0,0,0,0,0,108.6
714,0,0,59.84251969,0,0,0,17.32283465,11.02362205,0,0,11.81102362,0,0,0,0,0,0,103.5
715,0,0,60.57312253,0,0,0,12.97760211,14.65744401,0,0,11.79183136,0,0,0,0,0,0,98.8
716,0,0,61.3082955,0,0,0,8.60503508,18.31407346,0,0,11.77259596,0,0,0,0,0,0,93.3
717,0,0,62.03438395,0,0,0,4.297994269,21.91977077,0,0,11.747851,0,0,0,0,0,0,90.1
718,0,0,62.40409207,0,0,0,2.119108513,23.74862989,0,0,11.72816953,0,0,0,0,0,0,87.2
719,13.63636364,29.54545455,54.54545455,0,0,0,2.272727273,0,0,0,0,0,0,0,0,0,0,76.59
720,16.27906977,27.90697674,53.48837209,0,0,0,2.325581395,0,0,0,0,0,0,0,0,0,0,84.18
721,19.04761905,26.19047619,52.38095238,0,0,0,2.380952381,0,0,0,0,0,0,0,0,0,0,89.01
722,21.3592233,24.75728155,51.45631068,0,0,0,2.427184466,0,0,0,0,0,0,0,0,0,0,86.94
723,22.54901961,24.01960784,50.98039216,0,0,0,2.450980392,0,0,0,0,0,0,0,0,0,0,88.32
724,19.04761905,23.80952381,52.38095238,0,0,0,4.761904762,0,0,0,0,0,0,0,0,0,0,84.18
725,0,0,62.16420734,0,0,0,0,24.32841468,0,0,0,0,0,0,0,0,13.50737798,46.34
728,0,0,67.38404453,0,0.556586271,0.556586271,0,0,24.41558442,3.153988868,0.222634508,0,0,0,0,0,3.710575139,48
729,0,0,66.49412702,0,0.597252638,0.238901055,0,0,23.29285288,3.30479793,0.238901055,0,0,0,0,0,5.83316743,32
734,0,0,66.52078775,0,1.153769644,0,0,0,23.31410384,2.705390889,0.477421922,0,0,0,0,0,5.82852596,43
735,0,0,67.27920495,0,1.087567973,1.106319145,0,0,24.2640165,2.587661729,0,0,0,0,0,0,3.675229702,38
738,0,0,66.09182346,0,0,0,0,0,22.71835437,3.787769264,1.722464322,0,0,0,0,0,5.679588591,28
739,0,0,66.3587406,0,0,0,0,0,23.09445531,3.848403558,0.923778213,0,0,0,0,0,5.77462232,54
740,0,0,66.3587406,0,0,0.923778213,0,0,23.09445531,3.848403558,0,0,0,0,0,0,5.77462232,27
741,0,0,66.5101846,0,0,0.465467855,0,0,23.30919796,3.886855506,0,0,0,0,0,0,5.82829408,33
743,0,0,66.66666667,0,0,0,0,0,23.52941176,3.921568627,0,0,0,0,0,2.941176471,2.941176471,40
744,0,0,66.66666667,0,0,0,0,0,23.52941176,3.921568627,0,0,0,0,0,0.980392157,4.901960784,51
745,0,0,66.66666667,0,0,0,0,0,23.52941176,3.921568627,0,0,0,0,0,0.490196078,5.392156863,31
749,0,0,66.66666667,0,0,0,0,0,23.52941176,3.921568627,0,0,0,0,0,0,5.882352941,23
750,0,0,66.66666667,0,1.176470588,0,0,0,23.52941176,2.745098039,0,0,0,0,0,0,5.882352941,27
751,0,0,66.66666667,0,2.745098039,0,0,0,23.52941176,1.176470588,0,0,0,0,0,0,5.882352941,48
752,0,0,66.66666667,0,3.921568627,0,0,0,23.52941176,0,0,0,0,0,0,0,5.882352941,45
753,1.176470588,0,66.66666667,0,0,0,0,0,23.52941176,2.745098039,0,0,0,0,0,0,5.882352941,52
754,2.745098039,0,66.66666667,0,0,0,0,0,23.52941176,1.176470588,0,0,0,0,0,0,5.882352941,52
755,3.921568627,0,66.66666667,0,0,0,0,0,23.52941176,0,0,0,0,0,0,0,5.882352941,68
756,0,5.534720542,63.2107428,0,0,3.822888943,7.555044762,19.87660295,0,0,0,0,0,0,0,0,0,71.07
757,0,0,66.66666667,0,0,0,0,31.44333333,0,0,0,1.89,0,0,0,0,0,64.7
758,0,0,59.01639344,0,9.836065574,0,6.557377049,19.67213115,0,0,0,0,0,0,0,4.918032787,0,72.91
759,0,6.557377049,59.01639344,0,9.836065574,0,0,19.67213115,0,0,0,0,0,0,0,4.918032787,0,77.52
760,0,0,61.09419337,0,6.637137518,0,0.242231296,26.25095162,0,1.730223545,4.045262648,0,0,0,0,0,0,70.56
761,0,6.782790669,64.04566997,0,2.57893765,0,1.003262141,25.48778236,0,0,0.101557211,0,0,0,0,0,0,58.31
762,0,7.804136253,63.61009732,0,2.816301703,0,1.332116788,24.06021898,0,0,0,0,0,0,0,0.377128954,0,66.15
763,0,6.58488954,61.86683754,0,6.780178201,0,1.873550592,22.89454412,0,0,0,0,0,0,0,0,0,71.15
764,0,5.664407094,62.15061751,0,0,4.893676293,8.128269415,17.40489677,0,0,1.758132912,0,0,0,0,0,0,88.69
765,0,2.316727947,60.82387011,0,8.459961605,0,0.787427196,25.1814011,0,1.711515309,0.719096736,0,0,0,0,0,0,72.52
766,0,0,60.74020569,0,3.418979809,0,0.323324046,26.0207065,0,5.984934475,0,0,0,0,0,0,3.511849482,56.84
767,0.908789386,0,60.38474295,0,6.102819237,0.165837479,2.739635158,24.48092869,0,3.150912106,0.202321725,0,0,0,0,1.864013267,0,56.65
768,0.898906554,0,60.52861072,0,6.319178909,0.110686255,1.388609378,25.60206614,0,3.260213323,0.238143154,0,0,0,0,1.653585564,0,55.26
769,0.886771226,0,60.6611078,0,5.823572232,0,2.44192972,25.13400834,0,3.355171729,0,0,0,0,0,1.697438952,0,57.05
770,1.061676786,0,60.9734249,0,5.155767891,0,2.143260011,25.65608308,0,3.344281875,0,0,0,0,0,1.665505458,0,53.16
771,0,0,59.51801004,0,3.447003248,0,0.33953351,22.27266017,0,8.77620313,1.64599941,0,0,0,0,0,4.000590493,48.02
772,0,5.581914597,62.74382113,0,4.384904022,0,1.90405309,24.2472168,0,0.620212733,0.517877632,0,0,0,0,0,0,71.34
773,0,9.594895564,63.51050382,0,1.077469452,0,0.920965509,22.90375008,0,1.203876482,0.34912418,0,0,0,0,0,0.439414916,62.72
774,0.224770907,13.26148349,63.53524293,0,0.8760302,0,0.403434961,21.05930494,0,0.541755518,0.097977062,0,0,0,0,0,0,46.65
775,0.237440278,12.92601708,63.64268134,0,0.87447517,0,0.318517446,21.44780657,0,0.457506877,0.095555234,0,0,0,0,0,0,47.04
776,0,0,61.1748653,2.193688335,1.343502904,2.067734938,6.339654328,22.04534322,0,0,4.835210972,0,0,0,0,0,0,73.5
777,0,1.649916522,66.35676171,0,0.013094576,0,0.150587619,31.82309228,0,0.006547288,0,0,0,0,0,0,0,94.08
778,10.0008999,0,59.99940007,0,0,0,10.0008999,19.99880013,0,0,0,0,0,0,0,0,0,78.4
779,0,5.518232666,64.22522888,0,2.79348811,0,0.749929694,26.71312064,0,0,0,0,0,0,0,0,0,65.66
780,0,0,60.09733822,0,9.847984137,0,9.872018266,20.18265938,0,0,0,0,0,0,0,0,0,63.48
781,0,12.73099432,62.39801655,0,2.433188226,0,0.789921296,20.05073947,0,1.597140139,0,0,0,0,0,0,0,67.62
782,0,0,56.52188643,0,19.19636807,1.639788589,0,22.6419569,0,0,0,0,0,0,0,0,0,67.62
783,0,0,60.47785141,0,8.685036624,1.5416812,0.606906174,24.99476805,0,0,3.69375654,0,0,0,0,0,0,66.93
784,0,0,61.43318761,0,0,14.91351454,1.102452005,20.33453716,0,0,0,0,0,0,1.980612051,0.235696636,0,136.6
785,11.17318436,0,58.37988827,0,0,0,16.20111732,14.24581006,0,0,0,0,0,0,0,0,0,91.8
786,10.28571429,0,59.14285714,0,0,0,14.28571429,16.28571429,0,0,0,0,0,0,0,0,0,91.1
787,9.714285714,0,59.42857143,0,0,0,14.28571429,16.57142857,0,0,0,0,0,0,0,0,0,91.6
788,9.302325581,0,59.88372093,0,0,0,12.79069767,18.02325581,0,0,0,0,0,0,0,0,0,88.9
789,8.771929825,0,60.23391813,0,0,0,12.28070175,18.71345029,0,0,0,0,0,0,0,0,0,88.4
790,8.875739645,0,60.35502959,0,0,0,11.24260355,19.52662722,0,0,0,0,0,0,0,0,0,86.7
791,9.523809524,0,60.11904762,0,0,0,10.71428571,19.64285714,0,0,0,0,0,0,0,0,0,86.4
792,8.235294118,0,60.58823529,0,0,0,11.76470588,19.41176471,0,0,0,0,0,0,0,0,0,86.2
793,8.284023669,0,60.65088757,0,0,0,11.24260355,19.82248521,0,0,0,0,0,0,0,0,0,87
794,7.100591716,0,61.24260355,0,0,0,11.24260355,20.41420118,0,0,0,0,0,0,0,0,0,86.8
795,5.882352941,0,61.76470588,0,0,0,11.76470588,20.58823529,0,0,0,0,0,0,0,0,0,88.9
796,7.142857143,0,61.30952381,0,0,0,10.71428571,20.83333333,0,0,0,0,0,0,0,0,0,86.3
797,7.185628743,0,61.37724551,0,0,0,10.17964072,21.25748503,0,0,0,0,0,0,0,0,0,85.8
798,8.484848485,0,60.90909091,0,0,0,9.090909091,21.51515152,0,0,0,0,0,0,0,0,0,82.6
799,7.228915663,0,61.44578313,0,0,0,9.638554217,21.68674699,0,0,0,0,0,0,0,0,0,84.4
800,8.536585366,0,60.97560976,0,0,0,8.536585366,21.95121951,0,0,0,0,0,0,0,0,0,82
801,6.626506024,0,61.74698795,0,0,0,9.638554217,21.98795181,0,0,0,0,0,0,0,0,0,83.8
802,0,0,54.6,0,24.13333333,0,0,21.26666667,0,0,0,0,0,0,0,0,0,60.47
803,0,0,56.26666667,0,0,0,0,22.93333333,0,20.8,0,0,0,0,0,0,0,41.85
804,0,8.094610742,65.31756488,0,0,0,0,26.58782438,0,0,0,0,0,0,0,0,0,50.76
805,0,0,63.33333333,0,0,0,0,30,0,6.666666667,0,0,0,0,0,0,0,57
806,0,0,62.66666667,0,0,0,0,29.33333333,0,8,0,0,0,0,0,0,0,54
808,0,0,62.18039993,0,0,0,13.73119544,13.44332322,0,0,6.593202501,4.051878908,0,0,0,0,0,110.4
809,0,0,62.17222653,0,0,0,13.59813809,13.49262995,0,0,5.331264546,4.052754073,0,1.352986811,0,0,0,102.8
810,0,0.570329597,61.9935009,0,0,9.950925128,8.349360037,18.35333908,0.782545262,0,0,0,0,0,0,0,0,137
811,0,0,58.35471296,0,16.53283577,0,0.093292906,24.9125379,0,0,0.073301569,0,0.033318895,0,0,0,0,56.69
812,0,0,58.64550902,0,15.64058786,0,0.080345486,25.05440059,0,0,0.545679756,0,0.033477286,0,0,0,0,58.12
813,0,0,58.79011931,0,15.07645774,0,0.10754495,25.04789111,0,0,0.944379096,0,0.033607797,0,0,0,0,60.53
814,0,0,59.08983571,0,14.16860642,0,0.14843302,25.17289073,0,0,1.386499342,0,0.033734777,0,0,0,0,62.07
815,0,0,59.19526627,0,13.70752325,0.074387151,0.229923922,25.10566357,0,0,1.639898563,0,0.047337278,0,0,0,0,62.99
816,0,0,59.38574688,0,12.87071402,0.105553475,0.115768327,25.07065273,0,0,2.294936838,0,0.156627737,0,0,0,0,65.67
817,0,0,59.95620638,0,11.44108389,0.119748187,0.123169563,25.52004927,0,0,2.73710141,0,0.102641303,0,0,0,0,66.69
818,0,0,60.26424159,0,10.65202471,0.130404942,0.17158545,25.75840769,0,0,3.002745367,0,0.020590254,0,0,0,0,68.28
819,0,0,60.46728006,0,9.931424239,0.141286743,0.179192943,25.78999966,0,0,3.449464144,0,0.041352218,0,0,0,0,68.95
820,0,0,60.54525325,0,9.514254082,0.152228065,0.152228065,25.74384168,0,0,3.836839192,0,0.05535566,0,0,0,0,71.06
821,0,0,60.79387187,0,8.739554318,0.156685237,0,25.93662953,0,0,4.331476323,0,0.04178273,0,0,0,0,67.76
822,0,0,59.76459711,0,8.704928526,0.444491857,0.583173316,23.55095655,0,0,6.873622075,0,0.078230567,0,0,0,0,81.79
823,0,35.51838527,58.87959632,0,0,0,0,0,0,0,0,0,0,0,0,5.602018409,0,65.4
824,0,0,61.11111111,0,0,0,33.33333333,5.555555556,0,0,0,0,0,0,0,0,0,113
825,0,0,62.69035533,0,0,0,23.85786802,13.45177665,0,0,0,0,0,0,0,0,0,101
826,0,0,64.45086705,0,0,0,13.29479769,22.25433526,0,0,0,0,0,0,0,0,0,90
827,0,0,65.82278481,0,0,0,5.063291139,29.11392405,0,0,0,0,0,0,0,0,0,78
828,0,0,66.33986928,0,0,0,1.960784314,31.69934641,0,0,0,0,0,0,0,0,0,74
829,0,4.222482869,63.12118032,0,4.33977406,0.206802889,3.463176739,24.56941787,0,0,0.077165257,0,0,0,0,0,0,89
830,0,0,59.80357881,0,8.651431841,1.802116772,6.680863236,21.34252932,0,1.500174809,0.219305216,0,0,0,0,0,0,91
831,0,16.66333467,58.33666533,0,0,0,16.68332667,0,0,0,0,0,0,8.316673331,0,0,0,92
832,0,16.67666467,58.33583283,0,0,0,16.66666667,0,0,0,8.320835833,0,0,0,0,0,0,100
833,0,12.24132442,59.18497294,0,0,0,16.33237822,4.083094556,0,0,8.158229863,0,0,0,0,0,0,75
834,0,33.33416665,58.33354166,0,0,0,0,0,0,0,0,0,0,0,0,8.332291693,0,66
835,0,29.03108746,59.67823878,0,0,0,0,0,3.227289222,0,0,0,0,0,0,8.063384541,0,59
836,0,25.001172,60.93713375,0,0,0,0,0,6.249120998,0,0,0,0,0,0,7.81257325,0,57
837,0,21.21315425,62.12131542,0,0,0,0,0,9.090702484,0,0,0,0,0,0,7.574827845,0,58
838,0,17.64641006,63.23591044,0,0,0,0,0,11.76574391,0,0,0,0,0,0,7.351935591,0,60
839,0,14.28571429,64.28571429,0,0,0,0,0,14.28571429,0,0,0,0,0,0,7.142857143,0,66
840,0,11.11226849,65.27780671,0,0,0,0,0,16.66631945,0,0,0,0,0,0,6.943605342,0,64
841,0,8.107834195,66.21668187,0,0,0,0,0,18.91963109,0,0,0,0,0,0,6.755852843,0,57
842,0,0,60.71479679,0,0,5.398540355,0,10.90082999,7.01917573,0,15.96665713,0,0,0,0,0,0,98.5
843,0,0,60.60012336,0,0,5.852472697,0,11.85007801,6.233445811,0,15.46388012,0,0,0,0,0,0,121
844,0,0,60.56570548,0,0,6.4017903,0,12.8879595,5.495634309,0,14.64891041,0,0,0,0,0,0,122
845,0,0,60.49318528,0,0,6.870427452,0,13.86712222,4.746165559,0,14.02309949,0,0,0,0,0,0,115
846,0,5.524168236,63.71625863,0,3.138731952,0.470809793,1.129943503,25.67482737,0,0,0.345260515,0,0,0,0,0,0,59
847,0,0,60.82474227,0,8.24742268,0,1.030927835,25.42955326,0,0.343642612,4.12371134,0,0,0,0,0,0,75
848,0,0,60.82474227,0,8.24742268,1.374570447,1.030927835,25.42955326,0,0.343642612,2.749140893,0,0,0,0,0,0,72
849,0,0,60.82474227,0,8.24742268,2.749140893,1.030927835,25.42955326,0,0.343642612,1.374570447,0,0,0,0,0,0,71
850,0,25.85365854,56.09756098,0,12.19512195,0,0.975609756,4.87804878,0,0,0,0,0,0,0,0,0,37.72
851,0,24,55,0,15,0,1,5,0,0,0,0,0,0,0,0,0,37.45
852,0,22.05128205,53.84615385,0,17.94871795,0,1.025641026,5.128205128,0,0,0,0,0,0,0,0,0,37.68
853,0,20,52.63157895,0,21.05263158,0,1.052631579,5.263157895,0,0,0,0,0,0,0,0,0,37.04
855,2.272727273,31.81818182,54.54545455,0,11.36363636,0,0,0,0,0,0,0,0,0,0,0,0,67.5
856,4.545454545,31.81818182,54.54545455,0,9.090909091,0,0,0,0,0,0,0,0,0,0,0,0,71.9
857,9.090909091,31.81818182,54.54545455,0,4.545454545,0,0,0,0,0,0,0,0,0,0,0,0,76.3
858,11.36363636,31.81818182,54.54545455,0,2.272727273,0,0,0,0,0,0,0,0,0,0,0,0,80.5
859,0,7.096992227,64.03268918,0,2.451688224,0,0.743494424,25.47236474,0,0.202771206,0,0,0,0,0,0,0,63
860,0,0,60.6383343,0,8.944899147,0.527379199,0.835587822,25.55734393,0,0.452039314,3.044416287,0,0,0,0,0,0,70.56
861,0,0,61.53538338,0,0,7.710776618,15.36614646,15.38769354,0,0,0,0,0,0,0,0,0,101
862,11.18739655,0,59.6640716,0,0,0,8.189787286,20.82694783,0,0,0,0,0,0,0,0.131796727,0,130
864,0,35.71061203,57.14040802,0,7.148979942,0,0,0,0,0,0,0,0,0,0,0,0,40.78
865,0,32.23707987,54.82471991,0,12.93820022,0,0,0,0,0,0,0,0,0,0,0,0,56.52
866,0,31.26517894,54.17678596,0,14.5580351,0,0,0,0,0,0,0,0,0,0,0,0,60.13
867,0,29.76212774,53.17475183,0,7.974339764,0,0,0,0,9.088780671,0,0,0,0,0,0,0,53.16
868,0,29.47150649,52.98100433,0,8.110776754,0,0,0,0,9.436712432,0,0,0,0,0,0,0,51.98
869,0,28.65161858,52.43441239,0,8.343838451,0,0,0,0,10.57013058,0,0,0,0,0,0,0,51.24
871,0,34.29844098,56.5701559,0,8.017817372,1.113585746,0,0,0,0,0,0,0,0,0,0,0,37.78
872,0,29.59427208,53.46062053,0,15.75178998,1.193317422,0,0,0,0,0,0,0,0,0,0,0,52.45
873,0,26.06516291,51.12781955,0,21.55388471,1.253132832,0,0,0,0,0,0,0,0,0,0,0,56.83
874,0,21.75066313,48.27586207,0,28.64721485,1.326259947,0,0,0,0,0,0,0,0,0,0,0,60.47
875,0,18.28254848,45.9833795,0,34.34903047,1.385041551,0,0,0,0,0,0,0,0,0,0,0,58.8
876,18,0,60,0,0,0,0,0,20,2,0,0,0,0,0,0,0,49
877,16,0,60,0,0,0,0,0,20,4,0,0,0,0,0,0,0,46
878,14,0,60,0,0,0,0,0,20,6,0,0,0,0,0,0,0,43
879,12,0,60,0,0,0,0,0,20,8,0,0,0,0,0,0,0,41
880,10,0,60,0,0,0,0,0,20,10,0,0,0,0,0,0,0,39
881,8,0,60,0,0,0,0,0,20,12,0,0,0,0,0,0,0,37
882,6,0,60,0,0,0,0,0,20,14,0,0,0,0,0,0,0,34
883,21.06681829,0,58.93823573,0,0,1.055025586,0,0,18.9399204,0,0,0,0,0,0,0,0,56
884,22.29732734,0,57.74002757,0,0,2.210165874,0,0,17.75247921,0,0,0,0,0,0,0,0,62
885,21.08190091,0,58.92947422,0,0,0,0,0,18.93326593,0,0,0,0,0,0,1.055358948,0,54
886,0,0,57.80372483,0,0,2.199826855,0,0,17.80283691,22.1936114,0,0,0,0,0,0,0,31
887,0,0,66.56966984,0,0,0,0,0,22.09289312,0,0,0,0,0,0,2.556239508,8.781197538,47.1
888,0,0,65.49707602,0,0,0,2.339181287,0,19.88304094,0,12.28070175,0,0,0,0,0,0,68.48
889,0,0,67.86659214,0,0,5.131358301,4.769890069,0,22.23215949,0,0,0,0,0,0,0,0,59
890,0,28.57142857,52.38095238,0,19.04761905,0,0,0,0,0,0,0,0,0,0,0,0,57.09
891,0,26.82926829,51.2195122,0,21.95121951,0,0,0,0,0,0,0,0,0,0,0,0,59.29
892,0,25,50,0,25,0,0,0,0,0,0,0,0,0,0,0,0,60.66
893,15.20737327,30.87557604,53.91705069,0,0,0,0,0,0,0,0,0,0,0,0,0,0,73
894,0,0,60,0,10.66666667,0,0,26.66666667,0,2.666666667,0,0,0,0,0,0,0,63.3
895,0,0,57.77422258,0,15.33846615,0,0,24.44088924,0,2.446422024,0,0,0,0,0,0,0,62.5
896,0,0,57.77422258,0,9.779022098,0,0,24.44088924,0,8.00586608,0,0,0,0,0,0,0,60.3
897,0,0,60.55394461,0,9.779022098,0,0,27.22061127,0,2.446422024,0,0,0,0,0,0,0,62.9
898,0,7.102516882,64.10067526,0,2.33271946,0,0.816451811,25.48802947,0,0.159607121,0,0,0,0,0,0,0,62.8
899,0,6.64217844,62.72730032,0,3.727877114,0,2.641085577,23.08673082,0,0.819647248,0.343037552,0,0,0,0,0.012142922,0,72
900,0,0,56.81333333,0,11.72,0,0,23.48,0,7.986666667,0,0,0,0,0,0,0,45.09
901,0,0,57.54666667,0,10.78,0,0,24.21333333,0,7.46,0,0,0,0,0,0,0,48.39
902,0,0,58.11666667,0,10.22,0,0,24.78333333,0,6.88,0,0,0,0,0,0,0,51.74
903,0,0,58.64746859,0,9.272406093,0,0,25.31413525,0,6.765990068,0,0,0,0,0,0,0,56.12
904,0,0,59.56333333,0,8.44,0,0,26.23,0,5.766666667,0,0,0,0,0,0,0,57.27
905,0,6.269592476,60.81504702,0,6.269592476,0,0,23.19749216,0,3.134796238,0,0,0,0,0,0.313479624,0,79.9
906,0,0,59.31034483,0,11.72413793,2.068965517,0.689655172,24.13793103,0,0,2.068965517,0,0,0,0,0,0,72
907,0,0,60.49822064,0,4.270462633,0,0,24.91103203,0,3.558718861,0,0,0,0,0,0,6.761565836,56.4
908,0,0,59.93031359,0,6.271777003,0,0,25.08710801,0,4.181184669,0,0,0,0,0,0,4.529616725,58.3
909,0,0,60.98484848,0,0,0,0,23.10606061,0,2.272727273,0,0,0,0,0,0,13.63636364,56.1
910,0,0,60.93816466,0,0,0,0,22.26690901,0,0.781159364,0,0,0,0,0,0,16.01376697,54.7
911,0,1.60629796,59.43700052,0,0,0,0,18.07085205,0,0,0,0,0,0,0,0,20.88584947,49.3
912,0,0,60.03539455,0,9.542646957,2.203483934,0.478867375,24.86293289,0,0.520508016,2.356166285,0,0,0,0,0,0,72
913,0,5.810069948,60.99628206,0,5.539101393,0,0,23.67824059,0,3.642321507,0,0,0,0,0,0.333984498,0,81
914,10,0,56.33333333,0,10.66666667,0,0,23,0,0,0,0,0,0,0,0,0,75.2
915,12,16,60,0,0,0,0,0,12,0,0,0,0,0,0,0,0,76.2
916,6,16,60,0,6,0,0,0,12,0,0,0,0,0,0,0,0,73.9
917,0,16,60,0,12,0,0,0,12,0,0,0,0,0,0,0,0,61.7
918,4.901960784,17.64705882,60.78431373,0,4.901960784,0,0,0,11.76470588,0,0,0,0,0,0,0,0,73.8
919,6.382978723,14.89361702,57.44680851,0,10.63829787,0,0,0,10.63829787,0,0,0,0,0,0,0,0,63.7
920,0,13.7254902,60.78431373,0,11.76470588,0,0,0,13.7254902,0,0,0,0,0,0,0,0,68.2
921,3.333333333,0,58.33333333,0,13.33333333,0,0,20,0,0,0,5,0,0,0,0,0,85.3
922,8.333333333,0,58.33333333,0,8.333333333,0,0,20,0,0,0,5,0,0,0,0,0,90.7
923,13.33333333,0,58.33333333,0,3.333333333,0,0,20,0,0,0,5,0,0,0,0,0,94.7
924,16.66666667,0,58.33333333,0,0,0,0,20,0,0,0,5,0,0,0,0,0,116.5
925,5.318985985,0,63.8297465,0,0,0,2.129126139,0,21.27594394,5.318985985,2.127211457,0,0,0,0,0,0,61.1
926,0,0,65.2173913,0,4.347826087,0,4.347826087,0,21.73913043,4.347826087,0,0,0,0,0,0,0,55.2
927,0,0,60.39469088,0,9.214111072,1.547327978,0.139713587,25.32658051,0,0,3.377575969,0,0,0,0,0,0,83.89
928,0,0,66.25953168,0.610702477,0,0,0,33.12976584,0,0,0,0,0,0,0,0,0,72.91
929,0,0,66.0625806,0.906129098,0,0,0,33.0312903,0,0,0,0,0,0,0,0,0,72.53
930,0,0,64.42270059,3.365949119,0,0,0,32.21135029,0,0,0,0,0,0,0,0,0,59.25
931,0,0,60.34482759,0,0,13.79310345,10.34482759,15.51724138,0,0,0,0,0,0,0,0,0,99
932,0,0,60.70022256,0,0,0,35.79866461,0,0,0,0,3.501112823,0,0,0,0,0,107
933,0,0,63.08900524,0,0,0,21.46596859,0,0,0,0,15.44502618,0,0,0,0,0,123
934,0,0,64.53488372,0,0,0,12.79069767,0,0,0,0,22.6744186,0,0,0,0,0,170
935,0,0,60.77586207,0,0,0,35.34482759,0,0,0,0,3.879310345,0,0,0,0,0,107
936,0,0,63.02083333,0,0,0,21.875,0,0,0,0,15.10416667,0,0,0,0,0,120
937,0,0,64.45086705,0,0,0,13.29479769,0,0,0,0,22.25433526,0,0,0,0,0,170
938,0,0,60,0,0,0,0,25.51724138,0,11.03448276,3.448275862,0,0,0,0,0,0,62.4
939,0,0,55.66604351,6.197048646,5.393580208,0,0,20.20603795,0.9387057,2.776341434,8.822242552,0,0,0,0,0,0,83
940,0,0,55.50766096,6.183627885,5.368548924,0,0,17.37920765,2.562796348,2.680355813,10.31780242,0,0,0,0,0,0,116
941,0,0,61.96297175,0,3.649418467,0.154284358,11.09067173,20.94113458,0,1.833610254,0.109779255,0.103845241,0.154284358,0,0,0,0,87.22
942,0,0,62.25935236,0,3.176105279,0.153777909,11.39139435,21.03800089,0,1.614668047,0.109418897,0.103504362,0.153777909,0,0,0,0,87.22
943,0,0,62.53662868,0,2.906615362,0.153914459,11.25351487,21.37931034,0,1.391149919,0.073997336,0.127275418,0.177593607,0,0,0,0,90.16
944,0,0,62.30536075,0,3.179602995,0.205039819,10.95922976,21.29442529,0,1.610602639,0.109948889,0.127778438,0.208011411,0,0,0,0,90.16
945,0,0,62.6411506,0,2.90621657,0.151551171,10.8760252,21.71936289,0,1.301557114,0.07428979,0.127778438,0.202068228,0,0,0,0,91.14
946,0,0,62.35170761,0,3.379269023,0.152786099,10.15578191,21.84841222,0,1.611743559,0.110844817,0.155781905,0.233672858,0,0,0,0,88.2
947,0,0,62.68625456,0,2.980073006,0.1525941,10.22081264,22.08425588,0,1.30452995,0.110705523,0.17952247,0.28125187,0,0,0,0,87.22
948,0,0,63.18235312,0,2.377862941,0.150879628,9.511451764,23.11475905,0,1.170825915,0.108633332,0.153897221,0.229337035,0,0,0,0,80.36
949,0,0,63.17090821,0,2.376070438,0.150765891,9.58871065,23.07924255,0,1.169943312,0.108551441,0.126643348,0.229164154,0,0,0,0,81.34
950,0,0,63.22193038,0,2.312592458,0.15095251,9.467741449,23.21045799,0,1.17139148,0.108685807,0.126800109,0.229447816,0,0,0,0,82.32
951,0,0,63.16582309,0,2.440347072,0.153651482,9.622800675,23.03567125,0,1.126777537,0.07230658,0.153651482,0.228970836,0,0,0,0,81.34
952,0,0,62.61014889,0,1.859617138,1.175934366,11.02400486,20.86599818,0,0.917654208,1.212397448,0.127620784,0.206624126,0,0,0,0,96.04
953,0,0,62.6103994,0,2.122079879,0.868123587,11.09871891,20.98869631,0,1.048982668,0.880180859,0.153730219,0.229088169,0,0,0,0,118.6
954,0,0,62.56582097,0,2.453326951,0.559478219,11.15964576,21.15844902,0,1.220679751,0.550502633,0.128650072,0.203446625,0,0,0,0,102.9
955,0,0,62.55354593,0,2.647548786,0.35697287,11.22679676,21.23988577,0,1.308900524,0.330199905,0.127915278,0.208234174,0,0,0,0,90.16
956,0.408102913,0,62.79166051,0,2.235694219,0.150820642,11.32041993,21.51707822,0,1.082359899,0.109418897,0.153777909,0.230666864,0,0,0,0,96.04
957,0,0,62.42462615,0,2.176796913,1.929570671,11.36034732,20.53183792,0,1.085383502,0.10853835,0.153762663,0.229136517,0,0,0,0,92.12
958,0,0,62.53340139,0,2.269793137,0.153120966,11.30693248,20.83946318,0,1.098868106,1.438136128,0.156123337,0.204161287,0,0,0,0,92.12
959,0,0,62.69713262,0,2.180406213,1.066308244,11.35603345,21.1051374,0,1.087216249,0.146356033,0.128434886,0.23297491,0,0,0,0,94.08
960,0,0,62.67027541,0,2.319909583,0.211171257,11.45083576,21.08143477,0,1.165903278,0.113021236,0.157634882,0.237939444,0,0,0.591874368,0,96.04
961,0,0,63.84733764,0,1.908279471,0.150815636,7.676208064,25.06001847,0,0.954139735,0.073868883,0.126192675,0.203139428,0,0,0,0,67.62
962,0,0,62.5488802,0,2.909112454,0.151084252,11.17430975,21.44507643,0,1.392345065,0.074060908,0.127384761,0.177746178,0,0,0,0,87.22
963,0,0,62.52997424,0,2.847923266,0.153941798,11.22590959,21.33278072,0,1.438763729,0.10953551,0.153941798,0.207229344,0,0,0,0,86.24
964,0,0,62.52553059,0,2.971908948,0.153923571,11.24826096,21.37169582,0,1.349791315,0.074001717,0.127282953,0.17760412,0,0,0,0,80.36
965,0,0,62.51223303,0,2.319958552,0.204363594,13.68948247,19.47210869,0,1.088020264,0.146796385,0.256174083,0.310862932,0,0,0,0,80.36
966,0,0,61.52562507,0,3.394049101,0.305464419,15.36372893,17.28419504,0,1.312365652,0.220613192,0.282837425,0.311121168,0,0,0,0,79.38
967,0,0,62.57185185,0,2.90962963,0.151111111,11.12888889,21.47851852,0,1.351111111,0.074074074,0.127407407,0.207407407,0,0,0,0,82.32
968,0,0,62.57129278,0,2.911121673,0.151497148,10.9375,21.59279943,0,1.390209125,0.109909696,0.12773289,0.207937262,0,0,0,0,86.24
969,0,0,62.0020549,0,0.745633348,0.052840159,11.73638632,20.33171877,0,4.514897989,0.038162337,0.290620872,0.287685308,0,0,0,0,79.38
970,0,0,62.78499705,0,1.730655641,0.153573538,11.34081512,21.33490845,0,1.972829297,0.109273479,0.25989368,0.313053751,0,0,0,0,79.38
971,0,0,61.9047619,0,4.381443299,0.408075601,8.523564065,22.37052037,0,1.748895434,0.331369661,0.15341188,0.177957781,0,0,0,0,96.04
972,0,0,62.71313416,0,1.336489767,0.719187318,11.35117317,20.9792934,0,1.714063109,0.773126367,0.17979683,0.233735878,0,0,0,0,89.18
973,0,0,63.21170084,0,2.3039807,0.150784077,9.559710495,23.13932449,0,1.170084439,0.108564536,0.126658625,0.229191797,0,0,0,0,82.32
974,0,0,62.70376531,0,1.875094511,1.18251928,11.10539846,21.02222894,0,0.925449871,0.849841222,0.130046877,0.205655527,0,0,0,0,96.04
975,0,0,62.97237406,0,2.25144039,0.153641601,11.39311567,21.64869257,0,1.087309795,0.109321909,0.153641601,0.230462402,0,0,0,0,96.04
977,0,0,68,0,0,2,0,0,24,0,6,0,0,0,0,0,0,42
978,0,0,66.66666667,0,0,4.444444444,0,0,22.22222222,0,6.666666667,0,0,0,0,0,0,57
979,0,0,65.88235294,0,0,5.882352941,0,0,21.17647059,0,7.058823529,0,0,0,0,0,0,65
980,0,0,65,0,0,7.5,0,0,20,0,7.5,0,0,0,0,0,0,69
981,0,0,64,0,0,9.333333333,0,0,18.66666667,0,8,0,0,0,0,0,0,70
982,0,2.209944751,66.29834254,0,0,0,0,0,20.99447514,0,10.49723757,0,0,0,0,0,0,32
987,0,0,63.6376859,0,0,0,3.028980764,0,21.21377404,12.11955929,0,0,0,0,0,0,0,33.2
988,5.008867959,0,62.78515076,0,0,0,8.262491591,22.53990582,0,0,0,1.403583879,0,0,0,0,0,62
989,0,0,66.66666667,0,0,0,0,30,0,0,0,3.333333333,0,0,0,0,0,65.18
990,0,1.98588783,57.83079945,3.85538663,1.353022478,5.193860479,4.51734924,18.63679348,0,3.731723285,2.724230741,0,0,0,0.170946388,0,0,76.44
991,0,2.488863749,58.99031323,2.393410168,2.269674044,4.868132645,3.563600368,19.66343774,0,2.983808244,2.467651842,0.311107969,0,0,0,0,0,83.3
992,1.382094883,1.180215855,57.21329296,6.176721795,0,6.386365401,2.82630639,20.56060253,0,2.539017004,1.467505241,0,0,0,0,0.267877941,0,73.5
993,0,0,63.72641345,0,0,0,2.790275889,26.05768895,0,0,0,0,0,0,0,7.425621708,0,67.62
994,0,0,63.53329506,0,0,0,1.176808266,26.47818599,0,0,0,0,0,0,0,8.811710677,0,65.17
995,0,0,63.25671409,0,0,0,5.588564832,23.71914576,0,0,0,0,0,0,0,7.435575323,0,70.56
996,0,0,63.23628022,0,0,0,2.943356273,25.0008823,0,0,0,0,0,0,0,8.819481207,0,66.64
997,0,0,62.45804757,0,0.525317379,0,1.597840362,24.37983365,0,0,0,0,0,0,0,11.03896104,0,65.17
998,0,0,62.68992885,0,0,0,3.117514569,23.82110043,0,0,0,0,0,0,0,10.37145615,0,66.64
999,0,0,62.12875658,0,0,0,5.113536038,21.70074514,0,0,0,0,0,0,0,11.05696225,0,68.6
1000,0,0,61.75309935,0,1.026715558,0,5.62248996,21.20831151,0,0,0,0,0,0,0,10.38938362,0,69.09
1001,0,0,62.4662409,0,0,6.843961491,11.51463159,16.18847901,0,0,0,2.986687002,0,0,0,0,0,142.002
1002,0,0,60.5275763,0,10.52415492,2.63103873,0,26.31723005,0,0,0,0,0,0,0,0,0,69
1003,0,0,59.99860013,0,10.00209981,5.001049906,0,24.99825016,0,0,0,0,0,0,0,0,0,71
1004,0,0,59.525,0,9.521428571,7.142857143,0,23.81071429,0,0,0,0,0,0,0,0,0,75
1005,0,0,59.09090909,0,9.090909091,9.090909091,0,22.72727273,0,0,0,0,0,0,0,0,0,76
1006,0,0,58.69677705,0,8.693081017,10.87004731,0,21.74009462,0,0,0,0,0,0,0,0,0,79
1007,0,0,58.33427082,0,8.332395845,12.49859377,0,20.83473957,0,0,0,0,0,0,0,0,0,84
1008,0,0,66.72212978,0,0,0,5.490848586,0,22.29617304,5.490848586,0,0,0,0,0,0,0,58.8
1009,0,0,66.72212978,0,5.490848586,0,5.490848586,0,22.29617304,0,0,0,0,0,0,0,0,67.6
1010,5.490848586,0,66.72212978,0,0,0,5.490848586,0,22.29617304,0,0,0,0,0,0,0,0,74.7
1011,0,0,63.64958197,0,0,0,3.017084696,0,21.22864413,12.1046892,0,0,0,0,0,0,0,33.2
1012,0,0,65.90594744,0,0,0,4.944674965,0,21.9571231,7.192254495,0,0,0,0,0,0,0,50.1
1013,0,0,67.12420489,0,0,0,6.628724473,0,22.02879143,4.21827921,0,0,0,0,0,0,0,68.2
1014,0,0,67.81229346,0,0,0,8.426966292,0,21.64573695,2.115003305,0,0,0,0,0,0,0,79.3
1015,0,0,68.8435598,0,0,0,9.047540714,0,22.10889949,0,0,0,0,0,0,0,0,79.3
1016,0,0,56.95188127,0,12.36209437,0,0,17.29255759,1.861501419,0,11.53196536,0,0,0,0,0,0,81
1017,0,0,57,0,16.66666667,0,1.333333333,12.66666667,0,1.333333333,0,9.666666667,0,0,0,1.333333333,0,145
1018,0.648390041,3.909225394,63.18655378,0,4.324698625,0,1.794088949,26.00799471,0,0,0.103868308,0,0,0,0,0.025180196,0,67
1019,0.648641906,4.914709826,63.1926903,0,4.016590264,0,1.677737238,25.18476939,0,0,0.102909533,0,0,0,0.237003773,0.024947766,0,67
1020,0.909547108,4.296825994,63.0629783,0,4.196462175,0,1.750094091,25.53004642,0,0,0.103500188,0,0,0,0.125454774,0.025090955,0,67
1021,0.650406504,4.646654159,63.17073171,0,4.146341463,0,1.682301438,25.3220763,0,0,0.103189493,0,0,0,0.253283302,0.025015635,0,67
1022,1.727971539,3.017597357,63.27742837,0,1.664443174,0,1.829616924,26.41191792,0,1.683501684,0.104821803,0,0,0,0.25728988,0.025411346,0,67
1023,0.660506176,3.004032898,63.31650313,0,4.331396272,0,1.860849131,26.43930012,0,0,0.104791845,0,0,0,0.257216348,0.025404084,0,67
1024,3.520968105,1.789449969,62.09648869,0,4.338450645,0,1.79588684,26.07576196,0,0,0.102989926,0,0,0,0.254256381,0.025747482,0,70
1025,0,0,64.45880452,0,0,3.392568659,6.462035541,25.20193861,0,0,0,0.484652666,0,0,0,0,0,62.79
1026,0,0,64.50695322,0,0,2.591656131,7.774968394,24.65233881,0,0,0,0.474083439,0,0,0,0,0,69
1027,0,0,64.30868167,0,0,3.536977492,7.073954984,25.08038585,0,0,0,0,0,0,0,0,0,67.62
1028,0,0,64.51612903,0,0,3.225806452,6.451612903,25.16129032,0,0,0,0.64516129,0,0,0,0,0,69
1029,6.484988453,7.630484988,58.90993072,0,6.484988453,0,0,20.48960739,0,0,0,0,0,0,0,0,0,90
1030,5.82166083,7.816408204,59.43284142,0,3.883191596,1.00987994,1.088044022,18.08404202,0,0,1.682091046,1.18184092,0,0,0,0,0,89
1031,0,6.200006425,58.92897298,0,11.08291304,1.606219281,0.616788204,19.10758457,0,0,1.574094895,0.883420605,0,0,0,0,0,82
1032,0,0,62.92365386,0,0,0,3.396306517,0,0,0,8.175900375,21.48163872,0,0,2.667515743,1.354984787,0,190
1033,0,0,63.99046928,0,0,0,2.962809489,0,0,0,5.54231845,24.95597224,0,0,1.543561587,1.004868953,0,134
1034,0,0,62.59866962,0,0,0,15.67479675,6.252771619,0,0,4.366592757,9.466371027,0,0,1.640798226,0,0,158
1035,0,0,61.97835115,0,4.472734699,0,3.492409286,19.40567772,0,0,5.609639867,5.041187283,0,0,0,0,0,103
1036,0,2.972171614,59.9078341,3.268674311,2.000500125,0.514414318,2.436323367,22.04122459,0,1.321759011,5.53709856,0,0,0,0,0,0,75.1
1037,0,3.523357086,62.24267617,0,0,3.041699657,6.010820797,19.71826339,0,0,5.463182898,0,0,0,0,0,0,85.44
1038,0,1.074040925,63.01348724,0,0.197524768,3.712848369,8.888614549,18.0920342,2.049319465,0.043208543,2.669670689,0,0,0,0,0.259251258,0,90
1039,0,2.890322581,62.61935484,0,0.651612903,3.493548387,6.709677419,20.76451613,0,0,2.870967742,0,0,0,0,0,0,87
1040,0,6.585492386,61.86639812,0,6.780798926,0,1.873722115,22.89358845,0,0,0,0,0,0,0,0,0,71.15
1041,0,5.664933135,62.15019812,0,0,4.894130758,8.129024269,17.40341753,0,0,1.758296186,0,0,0,0,0,0,88.69
1042,0,5.750073012,61.79706006,0,0.129798488,1.49268261,5.49696596,17.9998053,0,0.084369017,7.145406756,0.051919395,0.051919395,0,0,0,0,72.52
1043,0,0,63.35647928,0,0,4.993817179,9.873489965,21.77621358,0,0,0,0,0,0,0,0,0,86.24
1044,0,0,60.60616345,0,10.36519142,0.08824328,0.325821341,23.24192235,0,0.190062449,2.083898995,0.027151778,0.027151778,0,3.044393158,0,0,73.5
1045,0,0,67.22338205,0,0,0,1.252609603,0,22.54697286,0,8.977035491,0,0,0,0,0,0,65
1046,0,0,65.33333333,0,0,0,0,0,16,0,12,6.666666667,0,0,0,0,0,60
1047,0,0,66.21004566,0,0,0,0.456621005,0,21.46118721,0,11.87214612,0,0,0,0,0,0,77
1049,0,0,60.28831111,0,0,2.890560977,0,13.19004693,4.924383521,0,18.70669746,0,0,0,0,0,0,103
1052,0,0,62.63333333,0,0,0,0,29.3,0,8.066666667,0,0,0,0,0,0,0,53.04
1053,0,0,61.4,0,0,0,0,28.06666667,0,10.53333333,0,0,0,0,0,0,0,52.17
1054,0,0,60.13333333,0,0,0,0,26.8,0,13.06666667,0,0,0,0,0,0,0,47.51
1055,0,0,57.86666667,0,0,0,0,24.53333333,0,17.6,0,0,0,0,0,0,0,47.25
1056,21.73333333,0,55.8,0,0,0,0,22.46666667,0,0,0,0,0,0,0,0,0,78.5
1057,0,0,54.58,0,24.17333333,0,0,21.24666667,0,0,0,0,0,0,0,0,0,60.5
1058,0,0,60.4,0,0,0,0,27.06666667,0,12.53333333,0,0,0,0,0,0,0,49.5
1059,0,0,57.1,0,0,0,0,23.76666667,0,19.13333333,0,0,0,0,0,0,0,43.4
1060,0,32.58426966,55.05617978,0,0,0,0,0,0,12.35955056,0,0,0,0,0,0,0,40.2
1061,0,0,57.26495726,0,0,0,0,14.52991453,0,0,0,0,0,0,0,0,28.20512821,41.2
1062,0,0,59.3220339,0,13.55932203,0,0,25.42372881,0,0,1.694915254,0,0,0,0,0,0,65
1063,0,0,58.62068966,0,13.79310345,0,0,24.13793103,0,0,3.448275862,0,0,0,0,0,0,69
1064,0.648156804,4.967124739,63.18593998,0,4.013586364,0,1.676482503,25.1441214,0,0,0.10283257,0,0,0,0.236826525,0.024929108,0,67
1065,0,0,61.21794872,0,0,8.012820513,13.46153846,15.70512821,0,0,1.602564103,0,0,0,0,0,0,108.8
1066,0,0,61.53846154,0,0,7.692307692,15.38461538,13.84615385,0,0,0,1.538461538,0,0,0,0,0,113.4
1067,0,0,61.53846154,0,0,4.615384615,15.38461538,13.23076923,0,0,3.076923077,1.538461538,0,0,0.615384615,0,0,112
1072,0,0,61.66666667,0,0,5,10,11.66666667,0,0,5,6.666666667,0,0,0,0,0,120
1073,0,0,61.33273207,0,7.416400722,0,0.409324268,26.2349105,0,0.13181629,4.474816151,0,0,0,0,0,0,71.4
1074,0,0,61.07723577,0,4.983179142,1.096860107,0.434538828,24.61452201,0,2.340902719,3.935379871,0,0,0.532660499,0.984721054,0,0,77
1075,0,0,60.94024605,0,2.16303907,0,2.345545491,23.75963228,0,6.029471407,3.589292957,0.13856969,0,0.128430445,0.905772611,0,0,74
1076,0,0,60.66446045,0,2.193238596,0,5.333852443,21.79611965,0,6.255272208,1.615729025,0.282265914,0,1.051197197,0.807864512,0,0,71
1077,0,0,60.60665942,0,2.397655041,0,5.012679906,21.56901492,0,5.506702236,1.030859928,0.220663307,0,2.78628594,0.8694793,0,0,73
1078,0,0,60.73659765,0,2.335393975,0,5.207208975,21.69234292,0,5.560461845,0,0.242043633,0,2.610146207,0.883132175,0.73267262,0,76
1079,0,0,60.50208394,0,2.377952247,0,6.267971956,20.78123486,0,5.738102161,0,0.24878033,0,2.465186908,0.898193919,0.720493684,0,72
1080,0,0,60.7510877,0,2.329156989,0,5.194805195,21.963427,0,5.548104289,0,0,0,2.603945173,0.879976447,0.729497203,0,73
1081,0,21.05263158,55.26315789,0,15.78947368,0,0,7.894736842,0,0,0,0,0,0,0,0,0,72.03
1082,0,7.252398118,63.74106434,0,2.877741798,0.07637319,1.264740026,24.66854036,0,0.018329566,0.094702756,0,0.006109855,0,0,0,0,59.7
1083,0,0,58.33333333,0,16.66666667,0,0,19,0,0,0,5,0,0,1,0,0,77.93
1084,0,0,58.33333333,0,16.66666667,0,0,18,0,0,0,5,0,0,2,0,0,80.72
1085,0,0,58.33333333,0,16.66666667,0,0,17,0,0,0,5,0,0,3,0,0,87.16
1086,3.333333333,0,58.33333333,0,13.33333333,0,0,19,0,0,0,5,0,0,1,0,0,87.66
1087,3.333333333,0,58.33333333,0,13.33333333,0,0,18,0,0,0,5,0,0,2,0,0,91.43
1088,3.333333333,0,58.33333333,0,13.33333333,0,0,17,0,0,0,5,0,0,3,0,0,94.79
1089,8.333333333,0,58.33333333,0,8.333333333,0,0,19,0,0,0,5,0,0,1,0,0,96.02
1090,8.333333333,0,58.33333333,0,8.333333333,0,0,18,0,0,0,5,0,0,2,0,0,100.2
1091,8.333333333,0,58.33333333,0,8.333333333,0,0,17,0,0,0,5,0,0,3,0,0,103.3
1092,13.33333333,0,58.33333333,0,3.333333333,0,0,19,0,0,0,5,0,0,1,0,0,98.56
1093,13.33333333,0,58.33333333,0,3.333333333,0,0,18,0,0,0,5,0,0,2,0,0,103.6
1094,13.33333333,0,58.33333333,0,3.333333333,0,0,17,0,0,0,5,0,0,3,0,0,106.6
1095,0,0,58.78378378,0,14.86486486,0,0,25,0,0,1.351351351,0,0,0,0,0,0,64.5
1096,0,0,59.38566553,0,12.96928328,0,0,25.2559727,0,0,2.389078498,0,0,0,0,0,0,67.5
1097,0,0,60.6271777,0,9.059233449,0,0,25.78397213,0,0,4.529616725,0,0,0,0,0,0,73.4
1098,0,0,61.53846154,0,0,0,0,23.07692308,0,0,15.38461538,0,0,0,0,0,0,86.9
1099,0,0,62.06896552,0,0,10.34482759,6.896551724,20.68965517,0,0,0,0,0,0,0,0,0,100.3
1100,0,0,59.375,0,0,0,18.75,9.375,0,0,12.5,0,0,0,0,0,0,103.6
1101,0,0,59.40666667,0,8.58,0,0,26.07333333,0,5.94,0,0,0,0,0,0,0,57.3
1102,0,0,56.66666667,0,12,0,0,23.33333333,0,8,0,0,0,0,0,0,0,45.1
1103,0,0,65.87030717,0,9.215017065,0,1.023890785,0,23.89078498,0,0,0,0,0,0,0,0,33.4
1104,0,0,57.26495726,0,23.93162393,0,1.709401709,0,17.09401709,0,0,0,0,0,0,0,0,39.8
1105,0,0,61.53775152,0,0,0,15.38982216,15.38059196,0,0,0,0,0,0,0,7.691834349,0,69
1106,0,0,61.97826749,0,0,0,8.340949866,19.78606005,0,0,0,0,0,0,0,9.894722589,0,65
1107,0,0,60.94008718,0,2.162673605,0,2.345149191,23.75899706,0,6.028452675,3.592065691,0.138546278,0,0.128408745,0.905619572,0,0,74
1108,0,0,60.7360157,0,2.33562316,0,5.207719987,21.69120052,0,5.561007524,0,0.242067386,0,2.610402355,0.883218842,0.732744521,0,76
1109,0,0,60.5026814,0,2.377721781,0,6.267364476,20.78245138,0,5.737546036,0,0.248756219,0,2.464947987,0.898106868,0.720423855,0,72
1110,6.614709542,0,58.81852119,0,6.378937717,0,3.877136682,20.71189993,0,0,2.11539721,1.483397734,0,0,0,0,0,69.38
1111,6.618945206,0,58.49195904,0,6.38140789,0,5.816454274,19.08965429,0,0,2.115366096,1.486213206,0,0,0,0,0,67.82
1112,6.621041946,0,57.21208946,0,9.581191264,0,3.883558728,19.0968925,0,0,2.118602443,1.486623662,0,0,0,0,0,71.24
1113,6.631146489,0,56.88149955,0,9.584028759,0,5.828732828,17.47015021,0,0,2.118372063,1.486070099,0,0,0,0,0,71.7
1114,0,0,61.53846154,0,0,4.615384615,15.38461538,13.84615385,0,0,3.076923077,1.538461538,0,0,0,0,0,109.7
1115,0,0,59.78326955,0,0,0,8.905260899,15.11390866,0,0,16.19756089,0,0,0,0,0,0,86.24
1116,0,0,59.78880975,0,0,0,8.723999858,14.80103469,0,0,15.85698593,0,0.829169767,0,0,0,0,103.9
1117,0,0,60.14539235,0,0,0,8.438457701,14.32542228,0,0,15.34459411,0,0,0,1.746133561,0,0,91.14
1118,0,0,60.13916852,0,0,0,8.272402953,14.03694677,0,0,15.04362262,0,0.80534068,0,1.702518456,0,0,95.06
1119,7.519585467,0,57.82184936,0,7.67997039,0,7.470236259,19.50835852,0,0,0,0,0,0,0,0,0,81.73
1120,5.182413471,0,60.18709074,0,5.625194886,0,6.454630496,22.55067041,0,0,0,0,0,0,0,0,0,79.87
1121,0,4.477750596,63.12203883,0,0,2.579506395,7.3452451,20.07246152,0,0,0.925897253,0.260118292,0,0.402564023,0,0.814417985,0,76.6
1122,0,4.865494209,63.60377474,0,0,1.050922238,6.648691709,20.79477909,0,0,0.566823948,0.39830872,0,1.124456155,0.257368711,0.689380477,0,74.3
1123,0,5.648661683,63.27767061,0,0,2.055702918,7.511454063,19.80648662,0,0,0.183867856,0,0,0.400892211,0.168796721,0.946467326,0,75.2
1124,0,4.127718649,63.66496992,0,0,0,6.842511183,21.84482493,0,0,2.560542959,0,0,0.891562548,0,0.067869813,0,73.9
1125,12.32876712,0,56.16438356,0,0.684931507,5.821917808,6.164383562,14.38356164,0,0,2.739726027,0.342465753,0,0.342465753,1.02739726,0,0,111
1126,4.47284345,0,59.74440895,0,0,4.153354633,12.14057508,14.37699681,0,0,3.833865815,0,0,0,1.277955272,0,0,105
1127,1.282051282,0,60.25641026,0,0,5.769230769,14.1025641,12.82051282,0,0,4.487179487,0.641025641,0,0,0.641025641,0,0,103
1128,9.090909091,0,57.79220779,0,1.948051948,2.597402597,8.441558442,15.25974026,0,0,3.246753247,0,0,0,1.623376623,0,0,107
1129,4.430379747,0,60.75949367,0,0,3.481012658,10.75949367,17.08860759,0,0,2.215189873,0,0,0,1.265822785,0,0,100
1130,6.4,0,59.04,0,2.56,2.08,8.96,15.52,0,0,1.92,0.96,0,0.96,1.6,0,0,104
1131,5.12,0,60.32,0,1.28,3.84,8.96,17.76,0,0,0.8,0,0,0.32,1.6,0,0,102
1132,2.666666667,0,62.33333333,0,0.666666667,4.666666667,5.333333333,19.66666667,0,0,0.666666667,1.333333333,0,0,2.666666667,0,0,107
1133,5.771335699,0,58.50608644,0,5.572324124,1.495903678,5.306975356,19.03545723,0,0,1.658429799,0.995057879,0,1.658429799,0,0,0,92
1134,0,0,61.79966044,0,0,10.3565365,8.488964346,15.95925297,0,0,0,3.395585739,0,0,0,0,0,149.8
1136,0,0,62.05733558,0,0,9.612141653,8.431703204,15.85160202,0,0,0,3.372681282,0,0,0.674536256,0,0,147.8
1137,1.6,0,61.6,0,0,7.2,11.2,15.36,0,0,0,3.04,0,0,0,0,0,137.6
1138,0,0,62.06896552,0,0,6.896551724,6.896551724,17.24137931,0,0,0,3.448275862,0,0,0,3.448275862,0,109
1139,4.195804196,0,60.13986014,0,0,5.244755245,5.594405594,17.48251748,0,0,5.244755245,2.097902098,0,0,0,0,0,104
1140,4.444444444,0,59.25925926,0,2.962962963,3.703703704,0,17.03703704,0,0,7.407407407,5.185185185,0,0,0,0,0,110
1141,4.255319149,0,61.34751773,0,2.127659574,3.191489362,0,21.27659574,0,0,3.191489362,3.90070922,0,0,0.709219858,0,0,102
1142,1.520912548,0,58.55513308,0,2.281368821,0,3.041825095,15.20912548,0,0,17.11026616,2.281368821,0,0,0,0,0,109
1143,8.275862069,0,58.62068966,0,5.517241379,2.75862069,0,18.62068966,0,0,0.689655172,5.517241379,0,0,0,0,0,102
1144,7.194244604,0,58.63309353,0,2.158273381,5.395683453,1.438848921,16.18705036,0,0,3.956834532,5.035971223,0,0,0,0,0,110
1145,7.272727273,0,57.81818182,0,2.909090909,5.454545455,1.454545455,16,0,0,5.090909091,4,0,0,0,0,0,109
1146,7.194244604,0,58.63309353,0,2.158273381,6.115107914,1.438848921,16.54676259,0,0,3.237410072,4.676258993,0,0,0,0,0,110
1147,0,1.789607263,62.88354537,0,0,5.362314125,6.117203007,19.36680441,0,0,1.40890899,1.822145576,1.249471252,0,0,0,0,141
1148,0,1.175715396,62.78590493,0,0,8.628669887,4.817730329,20.25406264,0.864894084,0,0.182438596,1.023683233,0,0,0,0.266900909,0,138
1149,2.75862069,0,58.62068966,0,4.137931034,4.137931034,5.517241379,12.06896552,0,0,6.206896552,5.172413793,1.379310345,0,0,0,0,104
1150,4.633204633,0,57.52895753,0,1.544401544,11.58301158,1.544401544,15.44401544,0,0,5.791505792,1.930501931,0,0,0,0,0,115
1151,8.391608392,0,54.54545455,0,12.58741259,4.545454545,0,14.68531469,0,0,0.34965035,4.895104895,0,0,0,0,0,102
1152,4.964539007,0,59.21985816,0,2.836879433,4.609929078,2.836879433,15.95744681,0,0,4.609929078,4.964539007,0,0,0,0,0,108
1153,0,0,56.19415835,0,6.71886676,7.482374346,10.01332077,13.69115306,0,5.90012671,0,0,0,0,0,0,0,82.32
1154,0,0,55.74968859,0,6.726545598,0,9.906247951,13.063004,0,6.306956009,8.247557857,0,0,0,0,0,0,82.96
1155,0,0,54.11245796,0,9.614774386,0,9.6528527,12.72767659,0,9.04359967,0,0,0,0,0,4.8486387,0,72.9
1156,0,0,56.94283539,0,6.62010526,6.087186786,6.785607891,17.0567012,0,6.50756347,0,0,0,0,0,0,0,75.35
1157,0,0,57.30397422,0,6.368863335,4.26486384,9.490111834,16.22227839,0,6.349908384,0,0,0,0,0,0,0,76.02
1158,0,0,57.15099355,0,6.511833945,0,9.625363878,15.88406531,0,6.277686369,0,0,0,0,0,4.550056955,0,73.88
1159,0,0,58.01841241,0,6.592416146,2.942123222,6.373527329,19.45535312,0,6.618167772,0,0,0,0,0,0,0,69.6
1160,0,0,58.11668439,0,6.475306852,0,6.468863761,19.43236365,0,6.391546664,0,0,0,0,0,3.11523469,0,68.86
1161,0,0,58.55265183,0,6.094745591,0,9.142118386,18.62899006,0,6.094745591,1.486748546,0,0,0,0,0,0,72.6
1162,0,0,58.60499446,0,6.046254152,0,9.22007627,18.6308279,0,6.015500062,0,0,0,0,0,1.482347152,0,71.22
1163,7.189892561,0,58.05160843,0,6.584958568,1.628910804,7.107974416,19.43665522,0,0,0,0,0,0,0,0,0,79.98
1164,6.635131274,0,58.50661926,0,6.482745484,0,6.374805549,20.38477412,0,0,1.615924315,0,0,0,0,0,0,80.98
1165,6.318663872,0,58.75087318,0,6.388518448,0,6.286911793,20.71188163,0,0,0,0,0,1.543151076,0,0,0,80.04
1166,6.289467839,0,58.70275759,0,6.473518865,0,6.365626884,20.60419509,0,0,0,0,0,0,0,1.564433726,0,78.99
1167,6.358128786,0,59.24364499,0,6.383111611,0,6.314408844,20.1424021,0,0,0,1.558303666,0,0,0,0,0,80.99
1168,6.551830206,0,61.30729006,0,0,0,9.314057213,21.23346663,0,0,1.59335589,0,0,0,0,0,0,82.82
1169,13.05797007,0,59.15953206,0,0,0,1.967191687,24.5147376,0,1.30056859,0,0,0,0,0,0,0,74.88
1170,0,0,57.39712661,0,15.06678779,0,2.846472191,20.41654049,0,0,3.785202382,0,0,0,0.487870529,0,0,74.05
1171,0,0,58.15941834,0,10.08482564,0,2.9352363,21.0515686,0,3.339167901,3.918136529,0,0,0,0.511646694,0,0,71.49
1172,0,0,57.80168596,0,15.75097583,0,3.043920359,21.41568537,0,0,0,0,0,0,0.541214288,1.446518188,0,66.91
1173,0,0,58.54178278,0,10.3268531,0,3.140674688,22.06012523,0,3.881585418,0,0,0,0,0.557322231,1.491656558,0,67.86
1174,0,4.411717419,62.09845976,0,0,1.79748545,7.080613525,18.45075404,0,0,6.160969806,0,0,0,0,0,0,85.04
1175,0,8.792411529,63.76018485,0,2.353155783,0,0,23.93591147,0,0.529004013,0,0.62933236,0,0,0,0,0,62.12
1176,0,6.390086861,62.86825002,0,4.02113831,0,3.110004252,22.99702363,0,0,0.30978558,0,0,0,0,0.303711353,0,66.63
1177,0,11.66012117,57.47861296,0,6.295856547,0,0,15.3743112,0,6.198435169,2.992662952,0,0,0,0,0,0,77.33
1178,0,0,55.53958348,0,16.64679896,0,0,16.17348012,2.152724213,0,9.487413225,0,0,0,0,0,0,77.07
1179,0,8.860962395,54.82960921,0,15.40730292,0,0,9.999038246,1.955566954,0,8.947520277,0,0,0,0,0,0,75.53
1180,0,0,57.29256736,0,14.11821672,0,0,18.45882475,2.123612216,0,8.006778958,0,0,0,0,0,0,74.46
1181,0,0,62.5,0,0,0,25,12.5,0,0,0,0,0,0,0,0,0,102
1182,15.08100332,0,58.09720398,0,0,0,6.173766185,20.64802652,0,0,0,0,0,0,0,0,0,82.4
1183,18.16334307,0,56.7953766,0,0,0,4.737711165,20.30356916,0,0,0,0,0,0,0,0,0,82.7
1184,0,0,57.14816296,0,14.27347009,0,14.29061197,14.28775499,0,0,0,0,0,0,0,0,0,69.8
1185,0,0,57.50850134,0,0,0,8.914257955,18.23232937,0,15.34491134,0,0,0,0,0,0,0,59.9
1186,0,0,60.31746032,0,6.349206349,4.761904762,9.523809524,19.04761905,0,0,0,0,0,0,0,0,0,82.7
1187,0,0,60.30217605,0,6.328592696,0,9.717778974,18.90975896,0,0,4.741693326,0,0,0,0,0,0,80.6
1188,0,0,59.71067723,0,6.463045299,0,9.678458664,17.81364779,0,0,0,0,0,0,0,6.334171016,0,76.7
1189,0,0,59.68699581,0,3.343013875,6.311713456,9.506292352,17.91222975,0,3.23975476,0,0,0,0,0,0,0,84.3
1190,0,0,59.63359274,0,3.307392996,0,9.325551232,17.88261997,0,3.249027237,6.601815824,0,0,0,0,0,0,81.9
1191,0,0,59.62578097,0,3.314881357,0,9.47848888,17.77540384,0,3.211291315,0,0,0,6.594153637,0,0,0,79
1192,9.861455623,0,60.17302922,0,0.042349809,0,9.250408373,19.81668582,0,0,0,0,0,0,0.856071148,0,0,82.8
1193,9.026564942,0,60.14645954,0,0.036768085,1.283818978,9.363605724,20.14278273,0,0,0,0,0,0,0,0,0,83.1
1194,9.294056341,0,59.9086534,0,0.042914508,0,9.539282102,19.71615118,0,0,0,0,0,1.498942464,0,0,0,83.1
1195,7.992247178,0,61.57222666,0,0.057006043,0,9.109565614,18.5782693,2.690685213,0,0,0,0,0,0,0,0,73.3
1196,9.109361545,0,60.02890884,0,0.049206544,0,9.275433633,19.99938492,0,0,1.537704515,0,0,0,0,0,0,85
1197,9.297457053,0,59.91318269,0,0.061572563,0,9.242041746,19.88485931,0,0,0,0,0,0,0,1.600886645,0,82.9
1198,4.417816509,0,60.65419995,0,4.532800775,0,9.222948439,19.76519003,0,0,0,1.407044299,0,0,0,0,0,78.8
1199,4.422393728,0,60.13414186,0,4.759279677,1.176038221,9.298052187,20.21009433,0,0,0,0,0,0,0,0,0,81.9
1200,4.511832049,0,59.99201989,0,4.794205212,0,9.324452902,19.97483196,0,0,0,0,0,1.402657991,0,0,0,80.2
1201,0,0,61.39862523,0,4.351530989,0,8.776913026,18.20712379,3.005169573,4.260637391,0,0,0,0,0,0,0,63.7
1202,4.42516002,0,60.06893156,0,4.683653373,0,9.207287051,20.08862629,0,0,1.526341704,0,0,0,0,0,0,81.9
1203,4.453466199,0,60.04797933,0,4.638002091,0,9.300608968,19.99138833,0,0,0,0,0,0,0,1.568555084,0,80
1204,0,0,59.946803,0,4.311029742,0,3.419807247,21.9834882,0,3.288541919,0,0,0,0.131265329,0,6.919064562,0,69.6
1205,0,0,60.09592161,0,4.099095991,0,3.512525016,22.07922159,0,3.18818577,0,0,0,1.783865848,0,5.241184183,0,71.3
1206,0,0,60.18457936,0,3.987740625,0,3.374771859,22.37335996,0,3.395433727,0,0,0,3.35410999,0,3.330004477,0,72.6
1207,0,0,59.87622308,0,4.211181413,0,3.429796356,21.87186668,0,3.457456004,0,0,0,5.300280054,0,1.853196418,0,73.9
1208,0,0,60.05579857,0,4.112561568,0,3.396135432,22.21609892,0,3.492577412,0,0,0,6.664829677,0,0.061998416,0,74.4
1209,0,0,59.7501208,0,4.514392214,0,3.347829088,21.88858977,0,3.610133223,1.680817284,0,0,1.746393318,0,3.461724305,0,74.3
1210,0,0,59.81102145,0,4.365818332,0,3.400234499,21.92565004,0,3.641630457,1.703565763,0,0,3.351955307,0,1.800124146,0,76.9
1211,0,0,59.78795911,0,4.488657878,0,3.394031187,21.97170493,0,3.696946749,1.703900038,0,0,4.915493443,0,0.041306668,0,76.1
1212,0,0,60.10012084,0,4.011738305,0,3.431727948,22.14396686,0,3.307440014,3.535301226,0,0,0.07940618,0,3.390298636,0,75
1213,0,0,60.02618523,0,4.203417861,0.034454245,3.438533627,22.13340684,0,3.397188534,3.342061742,0,0,1.660694598,0,1.764057332,0,76
1214,0,0,59.91455053,0,4.265582469,0.034455432,3.424869931,22.0342487,0,3.569582745,3.421424388,0,0,3.335285808,0,0,0,75.5
1215,0,0,59.78144714,0,4.405529318,0.024130442,3.392050743,21.917336,0,3.695404874,5.088076114,0,0,1.696025371,0,0,0,77.4
1216,0,0,60.13121547,0,3.88121547,0.075966851,3.425414365,22.17541436,0,3.370165746,6.940607735,0,0,0,0,0,0,77.7
1217,0,0,59.96076272,0,4.212845047,1.638328629,3.414331934,22.1277621,0,3.613960212,5.032009362,0,0,0,0,0,0,77.2
1218,0,0,60.0703424,0,3.999862074,1.575807731,3.461949588,22.12682321,0,3.434364332,3.617116651,0,0,1.713734009,0,0,0,76.2
1219,0,0,60.06334779,0,4.110720925,1.490738828,3.435929216,22.19927012,0,3.470357364,1.697307719,0,0,3.515113957,0,0.017214074,0,76.1
1220,0,0,60.15156734,0,3.98897692,3.2311402,3.36203927,22.34240441,0,3.451601791,3.472270065,0,0,0,0,0,0,76.7
1221,0,0,60.04614961,0,4.174128668,1.62212426,3.409560546,22.19658355,0,3.444000551,0,0,0,5.06268081,0,0.044772007,0,74.5
1222,0,0,60.14669927,0,4.05661352,3.192258687,3.505630359,22.20462137,0,3.271462516,1.721822377,0,0,1.900891904,0,0,0,76.1
1223,0,0,59.95157385,0,4.136976825,3.261847112,3.403666551,21.95780007,0,3.375994466,0,0,0,3.891387063,0,0.020754064,0,74.9
1224,0,0,59.9012465,0,4.260902593,5.196643762,3.466731121,21.90532095,0,3.41148441,1.857670661,0,0,0,0,0,0,76.6
1225,0,0,60.08458259,0,4.153486453,4.758630175,3.500206299,22.20121029,0,3.410810067,0,0,0,1.89107413,0,0,0,75.4
1226,0,0,60.56477837,0,3.847338696,6.04141708,3.354441212,22.9813452,0,3.210679445,0,0,0,0,0,0,0,75.4
1227,0,0,62.58864003,0,0,2.871586042,4.612792249,22.87088394,0,0,7.056097732,0,0,0,0,0,0,86.6
1228,0,0,62.64305841,0,0,4.466553032,5.14140606,22.71541378,0,0,5.03356872,0,0,0,0,0,0,91.9
1229,0,0,62.55391679,0,0,6.149993043,5.322109364,22.44677891,0,0,3.527201892,0,0,0,0,0,0,89.7
1230,0,0,60.28824684,0,3.511739631,1.522430476,4.851478449,21.60498004,0,3.39671155,4.824413018,0,0,0,0,0,0,75.9
1231,0,0,57.39731237,0,7.270537525,0,7.524087221,18.17951318,0,7.023326572,0,0,0,0,0,2.605223124,0,78.5
1232,0,0,56.60841252,0,6.791148914,0,6.91075819,16.47285534,0,6.631669878,0,0,0,0,0,6.58515516,0,71.4
1233,0,0,54.90572068,0,9.920102269,2.403323746,6.52604666,16.42058166,0,9.824224992,0,0,0,0,0,0,0,69.4
1234,0,0,54.80220524,0,9.762388368,0,6.473869169,16.08795177,0,9.678563368,3.195022085,0,0,0,0,0,0,73
1235,0,0,54.777358,0,9.719396816,0,6.554942039,15.93206109,0,9.590235397,0,0,0,0,0,3.426006652,0,68.7
1236,0,0,55.18587989,0,9.759847483,1.312997755,9.064911903,15.37160604,0,9.304756926,0,0,0,0,0,0,0,70.1
1237,0,0,55.40843599,0,9.290037172,0,9.320758195,15.3666554,0,9.130287856,1.483825382,0,0,0,0,0,0,72.5
1238,0,0,55.4824831,0,9.348494161,0,9.471419791,15.27965581,0,8.752304856,0,0,0,0,0,1.665642286,0,70.7
1239,0,0,56.27417946,0,9.34107076,0,6.402096593,18.67278173,0,9.309871459,0,0,0,0,0,0,0,64.9
1240,0,0,59.36679585,0,6.394549319,0,6.238279785,21.87460933,0,6.125765721,0,0,0,0,0,0,0,66.3
1241,0,8.748022874,64.04367928,0,2.329967149,0,0,24.00535345,0,0,0,0.295048059,0,0,0.577929188,0,0,59.6
1242,0,8.287691845,62.64520012,0,4.303340355,0,1.913933193,22.35028589,0,0.018055974,0.349082155,0,0,0,0,0.132410472,0,66.1
1243,0,5.752157059,63.19557334,0,4.170313868,0,1.162936101,24.5373265,0,0,0.700262598,0.481430536,0,0,0,0,0,72.1
1244,0,6.032568468,63.2093511,0,3.170490994,0,1.912163829,24.42326672,0,0.783370343,0.351591414,0,0,0,0,0.117197138,0,69.2
1245,0,8.993643401,59.39014412,0,6.06709044,1.563975077,0,18.92818931,0,3.222355088,1.834602555,0,0,0,0,0,0,79.1
1246,0,11.81603345,57.62891595,0,6.22311095,1.211900867,0,15.51536084,0,6.107980367,0,0,0,1.49669757,0,0,0,78.7
1247,0,9.802943377,58.8301322,0,6.310800698,1.534048391,0,17.84734348,0,3.866300823,0,0,0,0,0,1.80843103,0,74.7
1248,0,0,57.42144011,0,13.33093913,0.043095708,0,21.50834979,0,0,7.696175256,0,0,0,0,0,0,80.4
1249,0,0,57.05894693,0,14.14586393,0.048947626,0,17.52674638,1.811062163,0,8.460946787,0.94748619,0,0,0,0,0,78.7
1250,0,0,57.46879334,0,13.7517337,0.065880721,0,15.91539528,1.962552011,0,7.881414702,2.954230236,0,0,0,0,0,80.5
1251,0,0,57.17502772,0,14.49556541,0.045038803,0,17.72796563,1.863913525,0,7.618486696,0,0,0,1.074002217,0,0,80.2
1252,0,0,67.74193548,0,0,0,0,0,19.35483871,0,0,0,12.90322581,0,0,0,0,69.5
1253,4.096867844,0,65.57513028,0,0,0,1.640910976,0,22.95111528,4.096867844,1.639107777,0,0,0,0,0,0,61.1
1254,0,2.942748452,63.60549565,0,0,1.606564593,6.967019838,22.25610715,0,0,1.304744239,0,0,0.908605024,0,0.408715063,0,75.7
1255,4.597701149,1.724137931,58.62068966,0,0,6.896551724,18.96551724,9.195402299,0,0,0,0,0,0,0,0,0,113
1256,2.133333333,1.066666667,61.33333333,0,0,1.866666667,20.8,10.66666667,0,0,0,2.133333333,0,0,0,0,0,113
1257,2.234636872,6.703910615,60.33519553,0,0,4.469273743,14.52513966,10.05586592,0,0,0.558659218,0.558659218,0,0,0.558659218,0,0,101
1258,5.653710247,2.826855124,58.65724382,0,0,12.36749117,3.533568905,16.96113074,0,0,0,0,0,0,0,0,0,101
1259,0,2.298850575,60.91954023,0,0,1.436781609,18.3908046,11.49425287,0,0,5.459770115,0,0,0,0,0,0,102
1260,10.43901436,0,58.65519723,0,1.028136674,1.477089688,2.680009596,21.18989684,0,0,2.539497584,0,0,1.477089688,0.514068337,0,0,92.5
1261,10.43216012,0,58.66205148,0,1.028136674,1.473662566,2.673155351,21.06652044,0,0,2.539497584,0,0,1.473662566,0.651153227,0,0,93.4
1262,11.15581691,0,58.34794869,0,1.031672341,1.478730355,2.338457306,20.96702087,0,0,2.548230682,0,0,1.478730355,0.653392483,0,0,93.4
1263,11.08322734,0,58.39664478,0,1.03131768,1.478222008,2.337653409,20.82230396,0,0,2.512977414,0,0,1.478222008,0.8594314,0,0,94.5
1264,11.02039398,0,58.49633464,0,1.042281903,1.559948581,1.459194664,21.42584164,0,0,2.532745023,0,0,1.594691311,0.868568252,0,0,93.5
1265,9.140148951,0,58.02301963,0,3.114421124,1.523358158,3.994583615,19.29587001,0,0,2.538930264,0,0,1.489505755,0.880162492,0,0,95
1266,13.9076214,0,57.49771256,0,1.016638991,1.457182554,2.304381714,20.6614931,0,0,2.511098309,0,0,0,0.643871361,0,0,92.9
1267,13.9076214,0,57.49771256,0,1.016638991,2.40943441,2.304381714,20.6614931,0,0,0.37276763,0,0,1.186078823,0.643871361,0,0,92.4
1268,13.9076214,0,57.49771256,0,1.016638991,0.779423227,2.304381714,20.6614931,0,0,3.188857637,0,0,0,0.643871361,0,0,93.1
1269,11.23147288,0,58.3066818,0,1.031672341,1.482169263,2.345335122,21.15959971,0,0,2.548230682,0,0,1.482169263,0.412668936,0,0,92.5
1270,12.51386135,0,57.98917974,0,1.276924628,1.411337747,3.024295171,20.05107699,0,0,2.422796465,0.974495111,0,0,0.336032797,0,0,93.7
1271,12.90756303,0,57.68067227,0,1.344537815,1.478991597,3.159663866,20.84033613,0,0,2.521008403,0.067226891,0,0,0,0,0,90
1272,12.6344086,0,57.89650538,0,1.27688172,1.444892473,3.091397849,20.22849462,0,0,2.452956989,0.974462366,0,0,0,0,0,93.4
1273,12.55514082,0,57.58398371,0,1.289446895,1.45911096,3.121818799,20.42755344,0,0,2.477095351,0.101798439,0,0.984051578,0,0,0,91
1274,12.41476605,0,58.05313896,0,1.276409929,1.410768869,3.023076148,19.82802056,0,0,2.38151221,1.612307279,0,0,0,0,0,94.6
1275,14.10372761,0,57.78965413,0,0,0,3.092333031,20.41275923,0,0,3.929279688,0.672246311,0,0,0,0,0,90
1276,10.56951935,0,58.62419864,0,1.288965775,1.424646382,3.052813677,20.0230657,0,0,2.404938774,1.628167294,0,0.983684407,0,0,0,94.9
1277,12.59001319,0,58.03779709,0,1.284695223,1.419926299,2.43415937,20.17309578,0,0,2.437540147,1.622772913,0,0,0,0,0,95.1
1278,12.41655541,0,57.94392523,0,1.26835781,0,3.671562083,19.85981308,0,0,3.805073431,1.034712951,0,0,0,0,0,90.9
1279,11.96236559,0,57.89650538,0,1.948924731,2.251344086,3.091397849,20.22849462,0,0,1.646505376,0.974462366,0,0,0,0,0,91.7
1280,0,0,62.96296296,0,0,0,0,11.11111111,0,0,0,14.81481481,0,11.11111111,0,0,0,103.2
1281,0,0,62.96296296,0,0,0,0,13.7037037,0,0,0,11.11111111,0,11.11111111,1.111111111,0,0,103.3
1282,0,0,62.96296296,0,0,0,0,12.96296296,0,0,0,11.11111111,0,11.11111111,1.851851852,0,0,103.1
1283,0,0,62.68115942,0,0,0,2.173913043,13.4057971,0,0,0,10.86956522,0,10.86956522,0,0,0,103.3
1284,0,0,62.5,0,0,0,3.571428571,12.5,0,0,0,10.71428571,0,10.71428571,0,0,0,100.1
1285,0,0,62.5,0,0,0,3.571428571,10.71428571,0,0,5.357142857,10.71428571,0,5.357142857,1.785714286,0,0,109.3
1286,3.088803089,0,61.51866152,0,0,4.761904762,9.523809524,10.2960103,0,0,1.287001287,6.435006435,0,0,3.088803089,0,0,131
1287,1.315789474,0,62.5,0,0,4.769736842,7.894736842,13.15789474,0,0,1.809210526,5.921052632,0,0,2.631578947,0,0,126
1288,1.52768937,0,62.76257161,0,0,4.296626353,9.293443666,14.00381922,0,0,0.477402928,5.092297899,0,0,2.54614895,0,0,124
1289,0,0,63.91096979,0,0,2.543720191,8.585055644,15.73926868,0,0,1.430842607,6.359300477,0,0,1.430842607,0,0,119
1290,0,0,63.38028169,0,0,5,2.816901408,15.49295775,0,0,3.450704225,7.042253521,0,0,2.816901408,0,0,123
1291,6.233766234,0,60.51948052,0,0,1.298701299,7.792207792,11.68831169,0,0,3.896103896,5.974025974,0,0,2.597402597,0,0,120
1292,0,0,62.2296173,0,0,3.993344426,8.985024958,15.9733777,0,0,4.825291181,1.331114809,0,0,2.662229617,0,0,120
1293,4.430176565,0,61.02728732,0,0,4.333868379,9.309791332,14.12520064,0,0,1.284109149,5.136436597,0,0,0.353130016,0,0,114
1294,7.830126078,0,59.8540146,0,0,2.98606503,6.104844061,15.92568016,0,0,2.654280027,3.317850033,0,0,1.327140013,0,0,108
1295,6.525285481,0,60.84828711,0,0,0.489396411,6.525285481,13.86623165,0,0,3.915171289,6.525285481,0,0,1.305057096,0,0,113
1296,12.02641641,0,56.62148071,0,2.919708029,3.927702468,2.294056309,18.07438304,0,0,0.069516858,0.799443865,0,2.57212374,0.695168578,0,0,100
1297,11.11888112,0,56.71328671,0,2.727272727,4.615384615,2.797202797,16.71328671,0,0,0.699300699,1.573426573,0,2.377622378,0.664335664,0,0,105
1298,13.75038926,0,56.69007993,0,1.453236912,5.117469984,2.214456247,17.52188506,0,0,0,1.660842185,0,0.89962285,0.692017577,0,0,103
1299,12.256891,0,56.26486638,0,3.71484539,2.591996642,1.539107318,17.9970617,0,0,1.1893102,1.154330488,0,2.696935777,0.5946551,0,0,100
1300,11.72140824,0,56.88493855,0,2.847024512,3.815707243,2.222067912,17.58211235,0,0,0.069439622,1.666550934,0,2.49635442,0.694396222,0,0,100
1301,11.88811189,0,56.64335664,0,2.797202797,4.895104895,2.097902098,17.83216783,0,0,1.398601399,1.748251748,0,0.699300699,0,0,0,102
1302,8.996539792,0,58.47750865,0,2.76816609,3.806228374,2.076124567,18.68512111,0,0,1.038062284,2.76816609,0,1.038062284,0.346020761,0,0,102
1303,13.98601399,0,55.94405594,0,1.398601399,5.594405594,2.797202797,16.43356643,0,0,1.398601399,1.048951049,0,0.699300699,0.699300699,0,0,107
1304,13.24041812,0,54.70383275,0,4.181184669,5.923344948,3.484320557,15.67944251,0,0,1.393728223,0.696864111,0,0.696864111,0,0,0,103
1305,11.28526646,0,56.9836294,0,2.298850575,5.224660397,2.786485545,17.76384535,0,0,0.592128178,1.602229188,0,1.462904911,0,0,0,101
1306,10.1369863,0,58.86986301,0,0.890410959,3.356164384,2.602739726,20.51369863,0,0.136986301,0,0.993150685,0,1.98630137,0.51369863,0,0,95.4
1307,10.04467402,0,59.27334916,0,0.767834706,3.31215971,0.558425241,21.30392294,0,0.27921262,0,1.985899763,0,1.950998185,0.523523663,0,0,96.2
1308,9.21478219,0,59.12531829,0,0.894639048,3.437478494,2.615098754,20.58702085,0,0.206455165,0,0.99786663,0,2.40520267,0.516137912,0,0,94.9
1309,9.744128987,0,59.20084122,0,0.771118121,3.434980722,0.701016474,21.94181563,0,0.28040659,0,0.981423063,0,2.418506835,0.525762355,0,0,93.3
1310,10.5942275,0,58.23429542,0,0.950764007,3.463497453,4.006791171,19.28692699,0,0.067911715,0,0.984719864,0,2.410865874,0,0,0,94.9
1311,10.17182131,0,58.72852234,0,1.030927835,1.202749141,2.611683849,20.58419244,0,0,2.611683849,0.652920962,0,1.890034364,0.515463918,0,0,95.4
1312,9.965870307,0,57.84982935,0,2.730375427,2.354948805,3.344709898,18.87372014,0,0,1.023890785,0.989761092,0,2.354948805,0.511945392,0,0,96.4
1313,9.222298692,0,59.15347557,0,0.963523744,0,2.615278734,20.61252581,0,0.068823125,3.441156228,0.997935306,0,2.40880936,0.516173434,0,0,94.3
1314,9.222298692,0,59.15347557,0,0.963523744,3.441156228,2.615278734,20.61252581,0,0.068823125,0,0.997935306,0,0,0.516173434,2.40880936,0,92.6
1315,9.222298692,0,59.15347557,0,0.894700619,0,2.615278734,20.61252581,0,0.137646249,3.441156228,0.997935306,0,0,0.516173434,2.40880936,0,92
1317,12.20209724,1.569748967,58.65586273,0,0,2.262472196,5.363838576,18.80521131,0,0,0,1.140768986,0,0,0,0,0,95.55
1318,7.506871821,5.371078323,58.01080535,0,2.413825787,2.319042052,5.497456636,15.54769202,0,0,3.333228018,0,0,0,0,0,0,96.53
1319,12.42204882,2.6636583,57.47861239,0,0,2.303281,7.282755163,15.44295071,0,0,1.654601861,0,0,0,0.752091755,0,0,104.9
1320,9.981515712,2.675522416,58.68604906,0,0,2.312102509,7.312259156,17.06507096,0,0,1.663585952,0,0,0,0.303894232,0,0,100.9
1321,8.620105364,2.643334668,59.95255553,0,0,2.282879941,7.215256169,19.28586833,0,0,0,0,0,0,0,0,0,98.88
1322,6.275999277,2.694881534,60.77048291,0,0,2.327123651,9.199975885,18.73153675,0,0,0,0,0,0,0,0,0,104.4
1323,8.660095816,2.123828995,59.57401361,0,1.788166367,0.918495011,7.250312777,19.68508742,0,0,0,0,0,0,0,0,0,93.1
1324,7.156133829,8.190830235,58.37670384,0,0,7.069392813,5.941759603,13.04213135,0,0,0,0.223048327,0,0,0,0,0,95
1325,6.226734349,4.27749577,55.40101523,0,4.805414552,12.00676819,6.20642978,10.84263959,0,0,0,0.233502538,0,0,0,0,0,103
1326,7.161635391,8.201130148,57.55597861,0,2.876741305,7.08004714,4.200284048,10.68806092,2.012510199,0,0,0.223612244,0,0,0,0,0,92
1327,9.696306782,5.983785871,56.53069103,0,0.875048256,9.432505469,5.147342684,10.39441513,0.894350791,0,0,0.678805816,0,0,0.366748166,0,0,104
1328,11.766536,5.55659262,56.3032792,0,0,8.72378819,5.86148964,9.36469417,1.984941821,0,0,0.438678365,0,0,0,0,0,101
1329,7.583057786,4.339474099,56.80995119,0,3.048338844,9.36860337,6.298220753,9.422138246,2.128798614,0,0,0.236183278,0,0,0.765233821,0,0,100
1330,6.119373649,8.399397235,56.38799712,0,0.589661272,11.33460001,4.658324052,10.34200354,0,1.939330407,0,0.229312717,0,0,0,0,0,110
1331,9.978675151,2.6808381,55.57661713,0,3.005788173,9.711268321,5.483532478,12.4090309,0,0,0,0.700673594,0,0,0.453576143,0,0,106
1332,0,4.069529007,62.89788321,0,0,2.870753021,7.041231585,20.24038613,0,0,2.880217042,0,0,0,0,0,0,82.8
1333,0,0,60.09699866,0,9.137555352,2.115695509,0.246011106,24.7065439,0,0.133548886,3.563646587,0,0,0,0,0,0,70
1334,0,0,58.78055442,0,10.98593473,0.051208521,0.87395876,23.76758159,0,2.300969548,3.226136829,0,0,0,0,0.013655606,0,68
1335,0,0,57.53061997,0,14.86429709,0.03494193,0.181698037,22.40476562,0,0.004452301,4.979225048,0,0,0,0,0,0,70
1336,0,0,58.16124666,0,12.03623364,0.052059834,1.02731406,22.42737653,0,1.20084684,5.094922431,0,0,0,0,0,0,70
1337,0,0,58.09474591,0,11.8794143,0.261843239,0.826873385,22.81481481,0,2.198105082,3.924203273,0,0,0,0,0,0,68
1338,0,0,58.2740029,0,11.29467063,0.2661229,0.843298542,22.86928873,0,2.191193751,3.981475081,0,0,0,0,0.279947467,0,68
1339,0,0,58.17774981,0,12.85924061,0,0.412558562,22.80260122,0,0.447521152,5.300328648,0,0,0,0,0,0,69
1340,0,5.482041588,58.91619408,0,13.67359798,0,0,21.92816635,0,0,0,0,0,0,0,0,0,71
1341,0,11.24260355,57.69230769,0,14.20118343,0,0,16.86390533,0,0,0,0,0,0,0,0,0,84
1342,0,17.58241758,56.59340659,0,14.28571429,0,0,11.53846154,0,0,0,0,0,0,0,0,0,70
1343,0,23.66412214,55.08905852,0,15.26717557,0,0,5.979643766,0,0,0,0,0,0,0,0,0,73
1344,0,0,60.27874564,0,9.756097561,0,0,25.43554007,0,0,4.529616725,0,0,0,0,0,0,70
1345,0,0,56.12244898,0,0,2.380952381,19.72789116,2.380952381,0,0,19.3877551,0,0,0,0,0,0,109
1346,0,0,61.01694915,0,0,5.084745763,10.16949153,15.25423729,0,0,6.779661017,1.694915254,0,0,0,0,0,103.2
1347,10.79914957,0,60.56465733,0,0,0,4.470985493,21.48574287,1.069284642,0,0.406453227,0.665957979,0,0,0.537768884,0,0,95
1348,10.85737814,0,60.31735977,0,0,0,4.491179172,21.59123302,0.671459792,0,0.851993792,0.598612739,0,0,0.620783581,0,0,95
1349,12.63730985,0,59.33706966,0,0,0,3.702161729,21.35788631,0.5316253,0.403522818,0.842273819,0.544435548,0,0,0.643714972,0,0,95.5
1350,10.3430846,0,60.10930688,0,0,0,4.549188096,21.37486574,0.682378214,1.023567322,0.688696531,0.603399254,0,0,0.625513363,0,0,95.5
1351,10.74232803,1.626677511,60.34973566,0,0,0,3.703819564,21.05296087,0.663183908,0,0.503644383,0.591234711,0,0,0.766415366,0,0,96
1352,7.408521002,6.362187679,61.39090171,0,0,0,2.53164557,19.95550077,0.781743288,0,0.658468384,0.463032563,0,0,0.447999038,0,0,93
1353,10.8190187,0,60.10249597,0,0,0.942709816,5.036221568,20.87880801,0.670652621,0,0.338489766,0.594729683,0,0,0.616873873,0,0,95
1354,11.22846725,1.068779077,60.39230479,0,0,0,3.470388533,22.57952974,0.578398089,0,0,0,0,0,0.682132529,0,0,91.2
1355,10.28447743,1.59554731,60.71119357,0,0,0,4.069264069,22.17996289,0.785405071,0,0,0,0,0,0.37414966,0,0,89.2
1356,8.102035003,0,62.02171092,0,0,0,3.677564326,24.54030446,0.879830364,0,0,0,0,0,0.395607178,0.382947748,0,94.2
1357,10.63613877,0,60.85495021,0,0,0,3.596118475,23.42550897,0.634236063,0,0,0.700830849,0,0,0.152216655,0,0,93.6
1358,10.67305873,0,60.83075759,0,0,0,3.791080553,23.10603671,0.794802246,0,0,0.469942598,0,0,0.33432158,0,0,95.6
1359,12.86753083,0,59.67752134,0,0,0,3.774897249,21.97281062,0.771419538,0,0.164400885,0.755611761,0,0,0.015807777,0,0,90.9
1360,9.886199711,0,60.94566437,0,0,0,3.712133355,23.78906876,0.397499599,0,0.676390447,0.285302132,0,0,0.307741625,0,0,96.2
1361,11.80455372,0,60.10474817,0,0,0,3.819858245,21.86853164,1.047481653,0.395157749,0,0.928307094,0,0,0.031361726,0,0,92.3
1362,11.42054324,0,59.76584452,0,0,0,4.464564471,21.54542616,0.936621917,1.2051202,0,0.046831096,0,0,0.615048392,0,0,97.7
1363,10.50752359,0,60.70198929,0,0,0,3.37923999,22.94057638,0.541953583,0.408059169,0.102014792,0.72047947,0,0,0.698163734,0,0,95.2
1364,10.29149873,2.661917706,60.74608679,0,0,0,2.361983316,22.19514481,0.706095542,0,0.165588777,0.346799138,0,0,0.524885181,0,0,95
1365,8.070153539,4.262888528,61.46860567,0,0,0,2.184496318,22.85295219,0.131069779,0,0.330795157,0.277743103,0,0,0.421295718,0,0,93.7
1366,10.50168106,0,60.32698266,0,0,1.875535632,2.412815611,23.28103369,0.507614213,0,0.438394093,0.118663063,0,0,0.537279979,0,0,92
1367,10.29649247,0,61.00381112,0,0,0.952780828,2.073509463,23.04114721,1.027065435,0,0.067825076,0.600736387,0,0,0.936632001,0,0,95.4
1368,10.99527294,0,60.65207537,0,0,0,2.434760085,24.15333808,0.511558635,0,0.339959852,0.119795377,0,0,0.543935764,0.249303892,0,95.4
1369,10.92367433,0,60.79317589,0,0,0,3.017378573,23.01546884,0.81481953,0,0.070023553,0.241899548,0,0,1.059901967,0.063657776,0,95.8
1370,10.75922751,0,60.62497978,0,0,0,2.89198719,23.92520946,0.40112574,0,0.740788665,0.119690745,0,0,0.53699091,0,0,95
1371,10.23853329,0,60.67267035,0,0,0,3.189051354,22.92049966,0.671379232,0,1.365352958,0.477712146,0,0,0.464801007,0,0,94.8
1372,8.794777695,0,60.62810562,0,0,0,2.695592868,23.50037349,0.636549641,1.662823552,1.39975967,0.123412686,0,0,0.558604787,0,0,93.8
1373,10.30045701,0,60.86280102,0,0,0,2.262340777,23.68651347,0.680646939,0.207435258,0.858911613,0.359770525,0,0,0.781123392,0,0,93.8
1374,7.614538009,1.906833888,61.90171487,0,0,0,2.418735603,24.6192731,0.2687484,0,0.84463783,0.118377272,0,0,0.307141029,0,0,93.5
1375,8.700589924,3.7351336,61.07448184,0,0,0,2.189343512,22.72626897,0.132496293,0,0.82967917,0.23344585,0,0,0.378560838,0,0,93
1376,8.399508257,0,61.16556467,0,0,1.917134598,2.465361996,24.10206997,0.352194571,0,0.930325282,0.11961325,0,0,0.548227398,0,0,94
1377,8.462911037,0.669130767,62.0093041,0,0,0,2.096609737,23.3112414,0.822074943,0.203925567,0,1.825771094,0,0,0.599031354,0,0,94.5
1378,10.81722059,0,59.67587865,0,0,1.558022333,1.936822688,23.4131559,0.401857769,1.614018907,0,0.118580981,0,0,0.464442175,0,0,93.8
1379,10.4887157,0,60.44487742,0,0,0.56827407,2.17567787,23.84478,0.48709206,1.013151486,0,0.357200844,0,0,0.620230557,0,0,93.8
1380,7.615968967,0,61.6421529,0,0,0,2.547276548,25.23678681,0.420235979,1.480523679,0,0.126070794,0,0,0.565702279,0.365282043,0,94.5
1381,8.672731364,0,61.11093253,0,0,0,2.423735896,23.88054904,0.700761837,1.690829021,0,0.450030538,0,0,0.810054968,0.260374811,0,94.5
1382,10.67307692,0,60.75,0,0,0,3.051282051,24.3525641,0.397435897,0.275641026,0,0.118589744,0,0,0.381410256,0,0,93.8
1383,10.0777153,0,61.28451381,0,0,0,2.950653946,23.8074177,1.137297024,0.082138118,0,0.353825741,0,0,0.306438365,0,0,93.8
1384,9.134447651,0,60.84239906,0,0,0,4.592597291,21.7450601,0.824637635,0.329855054,1.39236893,0.440863967,0,0,0.697770307,0,0,94.5
1385,9.107364009,0,61.44612746,0,0,0,3.816963577,23.29872027,0.5461878,0.127020419,0.174653075,0.536661268,0,0,0.946302118,0,0,94.6
1386,10.57807477,1.708377987,60.53079493,0,0,0,3.101557083,22.90235138,0.31519889,0.195423312,0,0.138687512,0,0,0.529534136,0,0,93.8
1387,10.11984021,0.107792784,61.06461226,0,0,0,2.967471942,23.91097584,0.906727538,0.361422865,0,0.069748272,0,0,0.491408281,0,0,92.8
1388,10.69790142,0,60.24727509,0,0,1.538962095,3.136489344,23.15601106,0.396941598,0.201724418,0,0.165934602,0,0,0.458760371,0,0,92.6
1389,7.817487638,0,61.46961257,0,0,0,3.817988358,23.33667147,1.182950491,1.652375289,0.06884897,0.291043375,0,0,0.363021844,0,0,94
1390,9.196932243,1.096532928,60.80053242,0,0,0,3.181846992,23.49939786,0.323255372,1.2169614,0,0.142612664,0,0,0.541928123,0,0,94
1391,8.20132219,3.249345142,60.88936011,0,0,0,2.401147561,22.59573407,0.399151802,1.602843957,0,0.355494574,0,0,0.305600599,0,0,93.7
1392,8.190949905,0,60.95087368,0,0,0.965731081,3.242789316,23.93656536,0.413423339,1.653693356,0,0.171183101,0,0,0.474790866,0,0,94
1393,8.141833857,0,61.28415389,0,0,1.947946715,2.88464655,22.86001361,0.914011603,0.667682235,0,0.343564645,0,0,0.95614689,0,0,95.5
1394,6.678428228,0,61.86046512,0,0,0,3.246190858,25.24137931,0.423416199,1.777064956,0,0.125100241,0,0,0.323977546,0.323977546,0,96
1395,8.017252315,0,61.8673094,0,0,0,2.740073576,23.91538754,1.319294685,0.761131549,0,0.374223012,0,0,0.485221362,0.520106558,0,96.8
1396,10.44906083,1.057345441,60.88132852,0,0,0,3.420823486,22.91640751,1.113322553,0,0,0.161711656,0,0,0,0,0,84.5
1397,11.37500754,3.086382543,59.98854663,0,0,0,4.06896136,20.24835735,1.211646272,0,0,0.021098318,0,0,0,0,0,84.1
1398,11.32686084,0,60.27349451,0,0,0.913763564,3.610635193,22.65372168,1.059711911,0,0,0.161812298,0,0,0,0,0,87.5
1399,11.65469922,0,59.54683262,0,0,2.275410882,4.314664114,21.05313547,1.110579225,0,0,0.044678475,0,0,0,0,0,87.4
1400,12.06513925,0,60.09126997,0,0,0,4.150908011,22.34551308,1.087737943,0,0,0.162535555,0,0,0,0.096896196,0,90.7
1401,12.48384351,0,59.77428202,0,0,0,4.022571798,22.3416664,0.895305949,0,0,0.094574572,0,0,0,0.387755745,0,96
1402,10.93109983,2.084734364,60.35642233,0,0,0,4.0594241,21.43424833,1.07599193,0,0,0,0,0,0.05807911,0,0,86.2
1403,11.79939153,0,60.21077063,0,0,0.228962143,3.964495186,22.60765925,1.085217828,0,0,0,0,0,0.103503434,0,0,86.8
1404,11.66098205,0,59.71426733,0,0,2.046463736,3.59740009,21.97696119,0.958877663,0,0,0,0,0,0.045047944,0,0,87
1405,11.20232382,0,60.60873958,0,0,0,3.466784542,23.5160394,0.966153069,0,0,0,0,0,0.119979793,0.119979793,0,87.2
1406,11.97782118,0,60.08758112,0,0,0,3.698569718,22.57261672,1.140444836,0,0,0,0,0,0.031504001,0.491462416,0,91
1407,10.58087352,0,60.82422097,0,0,0,3.937804184,23.42456229,0.625750585,0,0,0.606788446,0,0,0,0,0,92.1
1408,10.66700611,0,60.97568737,0,0,0,2.940427699,23.09381365,0.795570265,0,0,1.527494908,0,0,0,0,0,93.9
1409,12.86202099,0,59.68129506,0,0,0,3.768812445,21.99633236,0.771468319,0,0.164411281,0.755659542,0,0,0,0,0,90.9
1410,9.81105579,0,60.9153581,0,0,0,4.129962977,23.60845142,0.395761522,0,0.670241287,0.469168901,0,0,0,0,0,91.7
1411,11.89267131,0,60.05579587,0,0,0,3.855557645,20.92031848,1.053225503,0.394959564,0,1.827471632,0,0,0,0,0,93.1
1412,11.29609851,0,59.96418923,0,0,0,3.750706791,21.85085129,1.00521455,1.193692279,0,0.939247346,0,0,0,0,0,91.6
1413,12.92749226,0,59.64662747,0,0,0,3.786585751,22.10000632,0.777545989,0,0.164359315,0.300271825,0,0,0.297111069,0,0,92.2
1414,9.836274854,0,60.90064788,0,0,0,4.136214215,23.6683369,0.395748891,0,0.673411419,0.236172725,0,0,0.153193119,0,0,92.3
1415,11.97593533,0,60.00814689,0,0,0,3.879175284,21.06912327,1.059096321,0.401077897,0,1.178166322,0,0,0.429278686,0,0,94.4
1416,11.33274604,0,59.92952429,0,0,0,3.762899572,22.01107475,0.924993708,1.195570098,0,0.660709791,0,0,0.182481752,0,0,93.3
1417,12.91053228,1.057002643,59.5602114,0,0,0,3.422675223,21.34138669,0.572543098,0,0,0.688939222,0,0,0.44670945,0,0,93.1
1418,12.01300732,1.575886436,59.8211494,0,0,0,3.845913326,21.39953724,0.387718091,0,0,0.687886936,0,0,0.268901257,0,0,91.1
1419,11.3633457,0,60.40414375,0,0,0.466811613,3.216523852,21.9721192,0.665046681,0,0,1.605064586,0,0,0.306944622,0,0,91.5
1420,10.03065284,0,60.55892519,0,0,1.858736059,3.234852932,23.13963347,0.397834736,0,0,0.704363138,0,0,0.07500163,0,0,88.1
1421,10.74647933,0,60.6133513,0,0,0,3.599268598,24.0079556,0.269463959,0,0,0,0,0,0.388156417,0.3753248,0,97.4
1422,10.56257901,0,60.83438685,0,0,0,3.931731985,23.58091024,0.625790139,0,0,0.46460177,0,0,0,0,0,89.4
1423,11.75058437,0,60.50287447,0,0,0,2.899740982,22.7525428,1.168740919,0,0,0.925516457,0,0,0,0,0,90.8
1424,12.84201236,0,59.64569411,0,0,0,4.047408902,21.95498676,0.775438154,0,0.163913756,0.570545959,0,0,0,0,0,89.9
1425,9.806920283,0,61.02402345,0,0,0,3.759638055,23.6060664,0.662715861,0,0.669088128,0.471547824,0,0,0,0,0,91.2
1426,11.77540778,0,60.11919699,0,0,0,3.814303639,22.04203262,1.04140527,0.39523212,0,0.812421581,0,0,0,0,0,90.7
1427,11.20819713,0,60.01382952,0,0,0,3.721398039,22.75898919,0.993210963,1.188081468,0,0.116293689,0,0,0,0,0,90.4
1428,7.402928071,0,62.25015913,0,0,0,4.112030554,24.79949077,0.330999363,0,0,0.849777212,0,0,0,0.254614895,0,96
1429,9.651578033,0,61.20709069,0,0,0,3.320142843,24.1643342,0.270244185,0,0,1.010198501,0,0,0,0.376411543,0,91.5
1430,12.69131448,1.039239151,59.68067015,0,0,0,3.363355798,22.36568621,0.5605593,0,0,0.270832021,0,0,0.028342886,0,0,88.9
1431,11.97240514,1.574161179,59.97491377,0,0,0,3.22358106,21.87206021,0.564440263,0,0,0.639698965,0,0,0.178739417,0,0,92.6
1432,9.612462006,0,61.43617021,0,0,0.474924012,2.893870314,22.31193009,1.298125633,0,0,1.630572442,0,0,0.341945289,0,0,98.2
1433,8.250209151,0,61.57732158,0,0,1.911319905,3.101872707,22.82643671,1.139069438,0,0,0.723984812,0,0,0.4697857,0,0,97.4
1434,10.33944223,0,60.80318725,0,0,0,3.990438247,24.08286853,0.3187251,0,0,0.188047809,0,0,0.03187251,0.245418327,0,96.4
1435,12.13694941,0,59.90895685,0,0,0,3.66737193,23.49490287,0.262871065,0,0,0.118612554,0,0,0.044880426,0.365454895,0,97.3
1436,10.70548854,0,60.75601592,0,0,0,3.98534706,23.14153982,0.637908166,0,0,0.28421651,0,0,0.489483989,0,0,96.6
1437,10.71019473,0,60.95201731,0,0,0,2.95278096,23.17360316,0.795469009,0,0,1.202749141,0,0,0.213185694,0,0,96.5
1438,12.98660263,0,59.61514156,0,0,0,3.804347826,21.58114257,0.783619818,0,0.164307381,0.764661274,0,0,0.300176946,0,0,95.7
1439,9.835960937,0,60.9018957,0,0,0,4.136082211,23.51120189,0.395736261,0,0.670198506,0.472330376,0,0,0.076594115,0,0,94.2
1440,12.06939747,0,59.95866216,0,0,0,3.908305148,20.91945384,1.07102593,0.40085181,0,0.901916573,0,0,0.770387073,0,0,98.7
1441,11.42066537,0,59.87673731,0,0,0,3.792214326,21.79737123,0.937047984,1.207471228,0,0.474812905,0,0,0.493679643,0,0,94.6
1442,9.951759269,0,59.90284384,0,0,3.309381642,2.692035219,22.2109773,0.080963465,0,0.748912053,0.715177276,0,0,0.387949938,0,0,94.4
1443,8.567883498,0,61.59798864,0,0,0,2.514203618,24.91347221,0.417945536,0,0.946907856,0.124077581,0,0,0.558349115,0.359171945,0,95.5
1444,7.232816395,0,62.3789944,0,0,0,2.700165118,25.18211545,0.556868585,0,0.877391783,0.369087318,0,0,0.637808787,0.064752161,0,95.5
1445,0,0,61.5309469,0,0,11.88332984,7.103481962,19.42641825,0.055823041,0,0,0,0,0,0,0,0,92.56
1446,0,0,61.03003708,0,0,12.29717318,9.565601932,16.76701704,0.340170766,0,0,0,0,0,0,0,0,87.56
1447,3.157997336,0,60.49904155,0,0,8.392085513,10.80606907,17.08632509,0.058481432,0,0,0,0,0,0,0,0,101.6
1448,7.626529477,0,57.33106229,0,0,12.95189099,7.709955506,13.90086207,0.479699666,0,0,0,0,0,0,0,0,99.56
1449,0,0,61.83814532,0,0,10.19611734,9.379237358,16.76753646,0.800343949,0,0,1.018619572,0,0,0,0,0,105.7
1450,0,0,62.27331504,0,0,8.442930583,10.92503233,14.58353045,1.450783739,0,0,2.324407859,0,0,0,0,0,104.7
1451,0,0,61.42685646,0,0,12.06997085,7.923169268,17.87343509,0.6242497,0,0,0,0,0,0.082318642,0,0,100.5
1452,0,0,61.82344619,0,0,10.47280624,9.331095976,16.45444675,1.217385582,0,0,0,0,0,0.700819268,0,0,100.7
1453,0,0.289893267,61.82303334,0,0,9.974963763,9.500592963,17.73290289,0.678613783,0,0,0,0,0,0,0,0,92.48
1454,0,1.823383319,62.6960923,0,0,6.994875664,8.959728379,18.57650351,0.949416832,0,0,0,0,0,0,0,0,92.48
1455,3.598314801,0,60.21479384,0,0,10.92616893,6.485254507,16.58263692,0.421299814,0,0,1.771531183,0,0,0,0,0,100.1
1456,3.284810345,0,59.69019052,0,0,13.15652986,6.936136371,15.68756267,1.244770236,0,0,0,0,0,0,0,0,101.5
1457,7.623007623,0,57.75121275,0,0,11.58004158,7.519057519,15.47124047,0.055440055,0,0,0,0,0,0,0,0,96.55
1458,4.933461018,0,59.18171912,0,0,9.724928178,10.65944589,15.50044579,0,0,0,0,0,0,0,0,0,110.6
1459,7.628341695,0,56.88612466,0,0,12.9613085,9.875609924,12.64861522,0,0,0,0,0,0,0,0,0,108.6
1460,5.856103254,0,58.93175889,0,0,10.60689276,7.627351366,16.00645338,0,0,0,0.971440341,0,0,0,0,0,109.2
1461,7.164741928,0,59.02494865,0,0,8.454260799,7.447560688,15.71327565,0,0,0,2.195212282,0,0,0,0,0,108.2
1462,3.675890683,0,59.82923568,0,0,10.955663,8.085587902,17.37475568,0,0,0,0,0,0,0.078867058,0,0,104
1463,9.227551954,0,58.2799634,0,0,6.887988498,8.861586721,16.08940008,0,0,0,0,0,0,0.653509345,0,0,104.2
1464,4.546987789,0.27659718,59.63367739,0,0,9.917020846,8.446333401,17.17938339,0,0,0,0,0,0,0,0,0,96.04
1465,7.75036094,1.719385746,58.8233364,0,0,7.415671348,7.258170364,17.03307521,0,0,0,0,0,0,0,0,0,96.04
1466,4.931907631,0,59.25603427,0,0,11.44160775,6.840583748,17.47413883,0.05572777,0,0,0,0,0,0,0,0,99.04
1467,5.802308946,0,59.09438733,0,0,9.605083674,9.142629005,16.02954387,0.326047177,0,0,0,0,0,0,0,0,94.04
1468,3.15933173,0,60.47584996,0,0,8.3923812,10.88214262,17.09029448,0,0,0,0,0,0,0,0,0,108
1469,7.621875773,0,57.39385583,0,0,12.942341,6.886555662,15.15537173,0,0,0,0,0,0,0,0,0,106
1470,0.405761818,0,61.16859404,0,0,11.07053493,9.630080476,16.7106242,0,0,0,1.014404545,0,0,0,0,0,115.6
1471,0.826204339,0,61.14887942,0,0,9.403766711,11.82057704,14.49110367,0,0,0,2.309468822,0,0,0,0,0,114.6
1472,0.271040378,0,60.96671068,0,0,12.54430468,8.298005421,17.8365418,0,0,0,0,0,0,0.083397039,0,0,110.4
1473,2.037993049,0,60.64716402,0,0,10.40928569,9.184465364,17.02938894,0,0,0,0,0,0,0.691702939,0,0,110.6
1474,1.06926698,0.289172831,60.98520511,0,0,10.58507061,9.421654338,17.64963013,0,0,0,0,0,0,0,0,0,102.4
1475,1.963261736,1.794797032,61.31143292,0,0,7.810930767,8.824958694,18.29461885,0,0,0,0,0,0,0,0,0,102.4
1476,0.271852781,0,61.43872857,0,0,11.75937544,7.089084065,19.38519448,0.055764673,0,0,0,0,0,0,0,0,92.56
1477,2.642926694,0,60.21352066,0,0,12.0392266,7.045486159,17.72499652,0.333843372,0,0,0,0,0,0,0,0,87.56
1478,3.157375432,0,60.67094228,0,0,8.390067423,9.722085183,18.05952968,0,0,0,0,0,0,0,0,0,101.6
1479,3.537114796,0,59.53668778,0,0,12.97416554,6.220197851,17.73183403,0,0,0,0,0,0,0,0,0,99.56
1480,0,0,61.30452452,0,0,11.25711189,9.658629098,16.76036305,0,0,0,1.019371444,0,0,0,0,0,115.6
1481,0,0,60.48447629,0,0,13.14909587,10.79495053,14.42169908,0,0,0,1.149778233,0,0,0,0,0,114.6
1482,0,0,61.05492831,0,0,12.52337743,8.623675279,16.87331163,0,0,0,0.841587587,0,0,0.083119762,0,0,110.4
1483,0,0,61.86564875,0,0,10.35070379,8.104699908,17.53178147,0,0,0,1.434852255,0,0,0.712313827,0,0,110.6
1484,0,0.291081401,61.21848028,0,0,11.409714,9.578608902,16.68979523,0,0,0,0.81232019,0,0,0,0,0,102.3
1485,0,1.845406186,61.70617981,0,0,9.424049386,9.069416169,16.72358311,0,0,0,1.231365338,0,0,0,0,0,102.3
1486,3.327513608,0,60.10749375,0,0,11.10882887,7.572489815,16.06928897,0.417650885,0,0,1.396734107,0,0,0,0,0,105.2
1487,3.338700667,0,60.73411981,0,0,8.474910453,9.049981926,16.3550327,0.420623706,0,0,1.626630738,0,0,0,0,0,104.2
1488,0,0,61.2031626,0,0,12.02475077,8.786524579,16.78239945,0.055001719,0,0,1.14816088,0,0,0,0,0,108.2
1489,0,0,61.09013524,0,0,12.48712844,8.828173268,15.662113,0.343241573,0,0,1.589208485,0,0,0,0,0,103.2
1490,3.175744111,0,60.30973307,0,0,8.877054269,10.86026072,16.28385663,0,0,0,0.493351194,0,0,0,0,0,117.2
1491,7.704042715,0,57.58269191,0,0,11.80223285,7.787254698,14.04202205,0,0,0,1.081755773,0,0,0,0,0,115.2
1492,0,0,61.67849016,0,0,10.1057422,9.717574622,16.85851961,0,0,0,1.639673404,0,0,0,0,0,116
1493,0,0,62.12779553,0,0,7.693290735,11.84664537,16.40255591,0,0,0,1.92971246,0,0,0,0,0,115
1494,0,0,62.09957288,0,0,9.1697811,9.063000534,17.8356914,0,0,0,1.748531767,0,0,0.083422317,0,0,110.8
1495,0,0,62.07740138,0,0,9.822975774,7.889640175,17.60728484,0,0,0,1.889164486,0,0,0.713533349,0,0,111
1496,0,0.296286542,62.10495128,0,0,8.710824335,9.652357124,17.5994206,0,0,0,1.636160126,0,0,0,0,0,102.8
1497,0,1.856763926,62.15953937,0,0,8.02872485,9.128550171,16.90172737,0,0,0,1.924694313,0,0,0,0,0,102.8
1498,3.338186004,0,60.83556218,0,0,9.266343908,6.859193554,17.58133866,0.419812439,0,0,1.69956326,0,0,0,0,0,100.8
1499,0,0,61.48571031,0,0,11.89473318,7.351968531,19.11094093,0.055696731,0,0,0.100950325,0,0,0,0,0,102.4
1500,0,0,61.59810179,0,0,10.56378037,9.624703405,17.21084116,0.340874912,0,0,0.661698359,0,0,0,0,0,97.45
1501,3.16280283,0,60.51713457,0,0,8.409142783,10.59049855,17.12152336,0,0,0,0.19889791,0,0,0,0,0,111.4
1502,7.712137487,0,58.04511278,0,0,12.00143215,4.590046545,16.35517365,0,0,0,1.296097386,0,0,0,0,0,109.4
1503,0,0,61.40552194,0,0,12.01752556,7.587453926,17.7863551,0.055636692,0,0,1.147506781,0,0,0,0,0,100.5
1504,0,0,61.48788806,0,0,12.526808,6.363604402,17.24853215,0.344548747,0,0,2.028618641,0,0,0,0,0,95.51
1505,3.192687289,0,60.72067298,0,0,8.485129496,9.127641253,17.27826721,0,0,0,1.195601775,0,0,0,0,0,109.5
1506,7.720136519,0,58.58020478,0,0,9.249146758,6.860068259,16.24232082,0,0,0,1.348122867,0,0,0,0,0,107.5
1507,0,0,62.30014958,0,0,8.638856573,8.921389397,18.34469004,0,0,0,1.794914409,0,0,0,0,0,110.4
1508,0,0,63.30460237,0,0,5.916409172,8.339567409,19.32346723,0,0,0,3.115953814,0,0,0,0,0,109.4
1509,0,0,62.18049911,0,0,9.226480368,8.464044604,18.19433715,0,0,0,1.85067007,0,0,0.083968696,0,0,105.2
1510,0,0,63.20709415,0,0,5.599129238,9.559176617,18.32762429,0,0,0,2.586676057,0,0,0.720299645,0,0,105.4
1511,0,0.292188819,62.61931043,0,0,7.226803454,9.538341666,18.16440491,0,0,0,2.158950717,0,0,0,0,0,97.23
1512,0,1.869345396,62.76942523,0,0,7.723523151,6.067056945,18.89635444,0,0,0,2.674294838,0,0,0,0,0,97.23
1513,0,0,62.09690756,0,0,8.88043658,9.657681495,18.34628742,0,0,0,1.018686952,0,0,0,0,0,109.6
1514,0,0,62.87947294,0,0,6.536623175,9.649916032,18.66683891,0,0,0,2.267148947,0,0,0,0,0,108.6
1515,0,0,62.12163677,0,0,10.79035874,5.689461883,19.98668722,0,0,0,1.327774664,0,0,0.084080717,0,0,104.4
1516,0,0,62.2245614,0,0,10.63859649,5.375438596,19.21754386,0,0,0,1.831578947,0,0,0.712280702,0,0,104.6
1517,0,0.293203951,62.38612168,0,0,10.13298894,5.124088101,20.22409159,0,0,0,1.839505742,0,0,0,0,0,96.43
1518,0,1.856887061,63.01810465,0,0,7.122488229,5.789508588,20.18701505,0,0,0,2.025996419,0,0,0,0,0,96.43
1519,0,0,61.72331904,0,0,12.05472654,5.607344132,19.02314536,0.056711445,0,0,1.534753482,0,0,0,0,0,103.2
1520,0,0,61.50515682,0,0,12.53476011,6.244499982,17.26213524,0.344961104,0,0,2.108486747,0,0,0,0,0,98.16
1521,3.195712584,0,60.70199815,0,0,8.482201932,9.236469498,17.26544925,0,0,0,1.118168585,0,0,0,0,0,112.2
1522,7.800355512,0,58.8268098,0,0,9.400160329,4.837754,16.55571434,0,0,0,2.579206023,0,0,0,0,0,110.2
1523,0,0,61.87852639,0,0,9.432459343,9.863923,17.11251245,0,0,0,1.038831729,0,0,0.673747096,0,0,118.4
1524,0,0,62.13228286,0,0,7.503653345,12.19899612,14.95965436,0,0,0,2.382616431,0,0,0.822796874,0,0,117.4
1525,0,0,61.52133708,0,0,11.206247,8.459483526,18.17932735,0,0,0,0,0,0,0.633605041,0,0,113.2
1526,0,0,61.33287997,0,0,11.33628018,9.33015981,17.30023801,0,0,0,0,0,0,0.700442027,0,0,113.4
1527,0,0.291806214,61.85628544,0,0,9.447226183,9.676028783,18.13177703,0,0,0,0,0,0,0.596876347,0,0,105.2
1528,0,1.86001609,62.3234111,0,0,7.533386967,9.132743363,18.52614642,0,0,0,0,0,0,0.624296058,0,0,105.2
1529,0,0,61.41806652,0,0,10.89523039,9.70114012,16.83195035,0,0,0,1.022060312,0,0,0.131552317,0,0,109.4
1530,0,0,61.88027293,0,0,9.851769688,9.014823031,16.60784511,0,0,0,2.342778394,0,0,0.30251084,0,0,108.4
1531,0,0,61.05680593,0,0,12.67262671,8.313911017,17.87316937,0,0,0,0,0,0,0.083486973,0,0,104.2
1532,0,0,61.27734388,0,0,11.25536735,9.825202015,17.178889,0,0,0,0,0,0,0.463197755,0,0,104.4
1533,0,0.29287563,61.43236616,0,0,11.19057349,8.731780411,17.98801253,0,0,0,0,0,0,0.364391772,0,0,96.16
1534,0,1.847360202,62.2188258,0,0,8.788251321,7.263182377,19.42386284,0,0,0,0,0,0,0.45851746,0,0,96.16
1535,3.427660422,0,61.49860502,0,0,7.220672247,6.715823037,18.04835924,0.431778929,0,0,1.823435632,0,0,0.833665471,0,0,99.85
1536,0,0,61.70020819,0,0,11.35322693,7.147814018,19.54545455,0.055517002,0,0,0,0,0,0.19777932,0,0,99.66
1537,0,0,61.59913706,0,0,10.86091822,9.033910874,17.34982809,0.350569676,0,0,0,0,0,0.805636082,0,0,93.66
1538,3.187198741,0,60.51742794,0,0,8.568055874,10.19772437,17.2410401,0,0,0,0,0,0,0.288552972,0,0,108.7
1539,7.846293834,0,58.24175824,0,0,10.66703997,5.676489116,16.58500735,0,0,0,0,0,0,0.983411493,0,0,106.7
1540,3.035566283,0,57.64793871,0,10.31958516,0,0,15.62344986,0,4.335565971,0,8.517008268,0,0,0,0.519329772,0,85
1541,3.009640938,1.289846116,57.5195267,0,10.21955,0,0,14.72078222,0,4.292872459,0,8.433609223,0,0,0,0.512631149,0,87
1542,3.440441415,0,59.94806881,0,0.064913989,8.925673483,11.68451801,12.3336579,0,0,0.097370983,2.953586498,0,0.032456994,0.519311912,0,0,118
1543,3.444913877,0,59.86350341,0,0.064998375,9.132271693,11.76470588,12.41468963,0,0,0.097497563,2.664933377,0,0.032499188,0.519987,0,0,117
1544,3.338669106,0,59.4492176,0,0.718695894,9.320179021,11.70820947,12.49224135,0,0,0.261343961,1.568063768,0,0.130671981,1.01270785,0,0,115
1545,3.759894459,0,59.5646438,0,0.329815303,7.750659631,10.81794195,12.86279683,0,0,1.813984169,2.077836412,0,0.197889182,0.824538259,0,0,115
1546,3.574389071,0,59.22610166,0,0.530521569,9.141549786,11.12768991,12.75241222,0,0,1.127358334,1.160515932,0,0.331575981,1.02788554,0,0,115
1547,3.327797857,0,59.58125753,0,0.716355703,8.964214776,11.67008564,12.44830842,0,0,0.260492983,1.891830289,0,0.130246491,1.009410309,0,0,115
1548,3.999869071,0,59.20591797,0,0.392785834,8.880233053,11.73120356,12.51677523,0,0,0.81830382,0.981964584,0,0.22912507,1.243821806,0,0,115
1549,3.602943625,0,59.69831174,0,0.266391396,8.198195198,10.1361926,13.22966268,0,0,1.768172888,2.001265359,0,0.066597849,1.032266658,0,0,114
1550,6.118760475,0,58.65071802,0,0.394334724,7.006013605,10.46301469,13.15763531,0,0,1.942098518,1.018698038,0,0.098583681,1.150142946,0,0,114
1551,3.509912252,0,59.86350341,0,0.584985375,7.702307442,11.17972051,12.96717582,0,0,0.747481313,2.307442314,0,0.227494313,0.909977251,0,0,114
1552,0,0.60965049,61.72018428,0,0,4.215594582,6.671516159,19.79978524,0,0,6.858568014,0,0,0,0,0.124701237,0,90
1553,0,1.252609603,61.83781315,0,0,1.082985386,9.831680585,18.13348121,0,0,7.032881002,0,0,0.401226514,0,0.427322547,0,90
1554,0,2.491828743,62.13391152,0,0,0,8.517523705,18.05766804,0,0,7.740849811,0,0,0.21034918,0.705478787,0.142390214,0,88
1555,0,4.27480916,63.51145038,0,0,3.511450382,7.633587786,21.06870229,0,0,0,0,0,0,0,0,0,73
1556,0,4.27480916,63.51145038,0,0,1.755725191,7.633587786,21.06870229,0,0,1.755725191,0,0,0,0,0,0,73
1557,0,4.27480916,63.51145038,0,0,1.160305344,7.633587786,21.06870229,0,0,0,0,0,2.351145038,0,0,0,75
1558,0,4.27480916,63.51145038,0,0,0,7.633587786,21.06870229,0,0,1.755725191,0,0,1.755725191,0,0,0,74
1559,0,3.184713376,63.05732484,0,0,3.821656051,7.006369427,21.01910828,0,0,1.910828025,0,0,0,0,0,0,79
1560,0,0,62.19081272,0,0,0,4.946996466,21.90812721,0,0,0,0,0,0,0,10.9540636,0,95
1561,0,0,62.71777003,0,0,0,4.87804878,22.99651568,0,0,0,0,0,0,0,9.407665505,0,88
1562,0,0,63.05084746,0,0,0.677966102,6.101694915,23.05084746,0,0,0.677966102,0,0,0.677966102,0,5.762711864,0,86
1563,0,0,63.24503311,0,0,1.655629139,7.284768212,22.84768212,0,0,1.655629139,0,0,1.655629139,0,1.655629139,0,86
1564,0,0,63.39869281,0,0,4.575163399,7.843137255,22.87581699,0,0,0,0,0,0,0,1.307189542,0,83
1565,6.690258396,2.296855178,59.57134273,0,0,1.488949723,5.101155104,18.30139547,0,0,6.062629365,0,0,0,0.487414035,0,0,96
1566,7.940630798,2.273570585,59.02513071,0,0,2.452352842,4.27053466,18.10760668,0,0,5.289256198,0,0,0,0.640917524,0,0,98
1567,7.946930666,2.276324208,58.49749133,0,0,3.438057716,5.434892413,16.46967707,0,0,5.293463986,0,0,0,0.643162609,0,0,101
1568,7.918018787,2.268146883,58.42869342,0,0,5.868488471,4.638770282,16.4030743,0,0,3.514944492,0,0,0,0.959863365,0,0,104
1569,7.674201141,5.494470061,58.92045271,0,0,3.321187889,4.501338149,15.90300842,0,0,3.408248154,0,0,0,0.777093477,0,0,98
1570,7.917046644,2.26297835,57.84780626,0,0,4.890735299,6.572769953,14.75664539,0,0,5.272401797,0,0,0,0.479616307,0,0,104
1571,7.909137842,2.264670453,58.17931509,0,0,4.883840991,4.632593357,16.38616417,0,0,5.265875065,0,0,0,0.478403029,0,0,104
1572,7.790970639,2.231823904,58.11247576,0,0,4.814071378,5.708842241,16.15010377,0,0,5.191712312,0,0,0,0,0,0,102
1573,6.689566635,2.296936262,58.2040873,0,1.290725513,4.961659901,3.920752229,16.64064397,0,0,5.346795739,0,0,0,0.648832449,0,0,102
1574,5.383951682,2.885245902,58.7299396,0,1.297670406,4.99050906,3.948231234,16.73166523,0,0,5.380500431,0,0,0,0.652286454,0,0,102
1575,0,0,62.12971198,0,0,9.947321612,7.327084901,16.40897585,0,0,0,3.489088048,0,0,0.69781761,0,0,147
1576,0,0,62.64274062,0,0,7.340946166,9.461663948,17.94453507,0,0,0,2.610114192,0,0,0,0,0,133.8
1577,0,0,62.20472441,0,0,7.086614173,12.5984252,15.11811024,0,0,0,2.992125984,0,0,0,0,0,141.7
1578,0,0,62.64274062,0,0,7.340946166,9.461663948,17.94453507,0,0,0,2.120717781,0,0,0.489396411,0,0,140.1
1579,0,0,61.96928956,0,0.353806963,1.730116049,4.875459949,21.46546844,0,0.070761393,9.287432777,0.070761393,0,0,0.176903481,0,0,86
1580,0.556541097,0,61.76910501,0,1.321785106,1.74266931,4.667988452,21.72597308,0,0.347838186,7.276774844,0.521757279,0,0,0.069567637,0,0,81
1581,0,0,61.67544784,0,1.05374078,1.475237092,4.994731296,21.09940288,0,0.351246927,8.331577099,0.456621005,0,0,0,0.561995083,0,82
1582,0,0,60.96496056,0,1.394239589,1.390570538,2.927903137,21.16308934,0,0.366905155,10.91175931,0.183452578,0,0.697119795,0,0,0,85
1583,0,0,56.0465913,0,0,2.432339842,19.39020212,2.398081535,0,0,19.7327852,0,0,0,0,0,0,109
1584,0,0,56.66666667,0,0,0,20,1.666666667,0,0,18.33333333,1.666666667,0,1.666666667,0,0,0,106
1585,4.697986577,0,54.69798658,0,0,0,18.79194631,2.348993289,0,0,19.46308725,0,0,0,0,0,0,110
1586,2.348993289,0,54.69798658,0,2.348993289,0,18.79194631,2.348993289,0,0,19.46308725,0,0,0,0,0,0,108
1587,3.430531732,0,54.8542024,0,0,2.298456261,18.25042882,2.298456261,0,0,18.86792453,0,0,0,0,0,0,112
1588,2.348993289,0,55.87248322,0,0,0,18.79194631,2.348993289,0,0,19.46308725,0,0,0,1.174496644,0,0,113
1589,3.405989844,0,59.75681371,0,0,11.62389029,7.993367647,13.39251788,0,0,0,3.827420636,0,0,0,0,0,133.4
1590,3.407202216,0,59.67797784,0,0,11.86288089,7.984764543,13.37257618,0,0,0,3.694598338,0,0,0,0,0,134.3
1591,3.395727507,0,59.52960824,0,0,12.33734604,7.960475959,13.34632245,0,0,0,3.430519797,0,0,0,0,0,136.2
1592,3.390778481,0,59.37707554,0,0,12.81154962,7.94211207,13.31142727,0,0,0,3.167057014,0,0,0,0,0,138
1593,3.384562252,0,59.79968917,0,0,11.55240891,7.943360387,14.15299603,0,0,0,3.16698325,0,0,0,0,0,139.2
1594,3.404672668,0,59.87600266,0,0,11.87081859,6.788328838,14.23517461,0,0,0,3.825002627,0,0,0,0,0,140.1
1595,3.4057587,0,59.77389154,0,0,12.37590532,6.387564035,14.23423423,0,0,0,3.822646176,0,0,0,0,0,141.9
1596,3.406135319,0,59.67150034,0,0,12.87989454,5.992802936,14.22667189,0,0,0,3.822994976,0,0,0,0,0,143.8
1597,6.593561085,0,58.65668494,0,0,11.23998313,5.799240827,14.75115985,0,0,0,2.959370167,0,0,0,0,0,146.1
1598,6.587290404,0,58.58461322,0,0,11.46963506,5.791179372,14.73509934,0,0,0,2.832182612,0,0,0,0,0,147
1599,1.376535366,0,60.54990823,0,0,12.73471693,6.847381053,15.37484117,0,0.084709869,0,3.031907384,0,0,0,0,0,153
1600,2.096888379,0,60.25014328,0,0,9.341604018,8.205508546,14.27367427,0,1.773252874,0,4.058928632,0,0,0,0,0,151
1601,1.360591683,1.172202065,60.45562378,0,0,12.61512699,6.782026235,14.55833101,0,0,0,3.056098242,0,0,0,0,0,154
1602,2.011260455,3.456243694,60.78693006,0,0,8.959546978,7.869300615,13.02437596,0,0,0,3.89234224,0,0,0,0,0,151
1603,3.498138937,0,60.38077671,0,0,8.679469021,9.861984914,15.06307849,0,0,0,2.516551929,0,0,0,0,0,145
1604,4.019789734,0,59.70590256,0,0,10.92558235,7.854050711,14.99003642,0,0,0,2.504638219,0,0,0,0,0,148
1605,4.666760802,0,59.14289749,0,0,12.34820672,6.445919232,14.90398193,0,0,0,2.492233832,0,0,0,0,0,152
1606,5.365572045,0,59.81933643,0,0,8.955071824,7.077121608,15.01680986,0,0,0,3.766088226,0,0,0,0,0,148
1607,6.097642872,0,58.82747969,0,0,9.824726345,9.092740582,13.1824592,0,0,0,2.974951313,0,0,0,0,0,150
1608,6.316348195,0,59.77308917,0,0,7.311571125,7.789278132,16.34819533,0,0,0,2.461518047,0,0,0,0,0,141
1609,4.662810384,0,59.20217269,0,0,12.34480813,6.25,14.90547404,0.141083521,0,0,2.493651242,0,0,0,0,0,152
1610,5.329237345,0,60.00734607,0,0,8.888740484,7.032189128,14.9091759,0.841458528,0,0,2.991852544,0,0,0,0,0,148
1611,7.768158572,0,58.67901193,0,0,9.115218772,7.20660494,14.4800615,0.815589798,0,0,1.935354481,0,0,0,0,0,136
1612,7.640449438,0,58.07967314,0,0,10.24855295,8.10350698,13.09499489,0,0,0,2.512768131,0,0,0.320054477,0,0,152
1613,7.938827528,0,58.36193713,0,0,9.322005098,7.367884452,14.81053526,0,0,0,1.237043331,0,0,0.961767205,0,0,120
1614,7.640327346,0,58.16835886,0,0,9.277055248,8.108934089,13.09721892,0,0,0.702910116,3.005195423,0,0,0,0,0,146
1615,7.947706993,0,58.3350626,0,0,7.850868092,6.211523829,14.81289341,0,0,2.116621706,2.725323373,0,0,0,0,0,142
1616,7.599073948,0,58.08252758,0,0,10.20019066,8.062099959,13.03282037,0,0.081710473,0,2.941577012,0,0,0,0,0,150
1617,10.6712681,0,57.41304642,0,0,8.472053052,6.699147381,14.21031263,0.135336311,0,0,2.398836108,0,0,0,0,0,143
1618,11.03780431,0,57.41901432,0,0,7.903938774,7.356337006,14.03641882,0.7917134,0,0,1.454773372,0,0,0,0,0,122
1619,10.11125008,0,58.2318478,0,0,6.339279837,7.596603252,14.49871635,0,0,0,2.909617537,0,0,0.312685143,0,0,138
1620,10.54936172,0,58.14611472,0,0,6.840917512,5.793391492,14.74957055,0,0,0,2.960692512,0,0,0.959951497,0,0,141
1621,10.74075327,0,57.41937667,0,0,7.580115732,6.740888633,14.30408446,0,0,0.680180028,2.534601198,0,0,0,0,0,143
1622,11.21935998,0,55.98238741,0,0,9.447699615,7.474950595,12.36001803,0,0,2.038622889,1.476961481,0,0,0,0,0,121
1623,4.118720441,0,59.69537854,0,0,13.73030946,2.010948497,15.18266116,0,0,0,5.261981901,0,0,0,0,0,140
1624,4.128674593,0,60.05179079,0,0,12.24013422,2.822963017,15.22357575,0,0,0,5.532861624,0,0,0,0,0,138
1625,5.432134155,0,59.66031246,0,0,11.07926043,3.583201949,15.03511538,0,0,0,5.209975634,0,0,0,0,0,136
1626,5.42527751,0,59.60666738,0,0,11.05400293,3.976157333,14.99446764,0,0,0,4.943427205,0,0,0,0,0,134
1627,5.428973277,0,59.8347398,0,0,10.06329114,4.578059072,15.01758087,0,0,0,5.077355837,0,0,0,0,0,138
1628,5.437608319,0,59.10961872,0,0,12.59387637,3.986135182,13.51819757,0.144425188,0,0,5.210138648,0,0,0,0,0,142
1629,7.977877636,0,58.78672658,0,0,9.851365365,4.479778776,13.22156931,0.836501901,0,0,4.846180436,0,0,0,0,0,144
1630,5.476673428,0,59.03361345,0,0,12.67748479,4.01332947,13.60475225,0,0,0,4.860909881,0,0,0.333236743,0,0,147
1631,9.141575477,0,57.64629919,0,0,9.685312309,7.462788011,12.01998233,0.135934208,0,0,3.908108475,0,0,0,0,0,137
1632,9.150423494,0,57.06624256,0,0,14.53193771,1.915893035,12.34974294,0.828494286,0,0,4.157265969,0,0,0,0,0,153
1633,9.200886011,0,57.56687681,0,0,9.742715965,7.510649174,12.0940535,0,0,0,3.564491395,0,0,0.320327143,0,0,137
1634,9.405792774,0,56.98716035,0,0,13.94446103,1.970737534,12.69408779,0,0,0,4.019856674,0,0,0.977903852,0,0,150
1635,6.708091593,0,58.48123863,0,0,9.945415222,7.669332967,12.34165265,0,0,0.714065021,4.14020392,0,0,0,0,0,137
1636,4.162170495,0,58.36287961,0,0,15.43086172,2.034838909,13.11469092,0,0,2.219824264,4.674734084,0,0,0,0,0,153
1637,6.696507243,0,58.07281571,0,0,12.40263631,6.668311423,11.6519226,0,0,0,4.507806718,0,0,0,0,0,134
1638,5.410152819,0,58.5947655,0,0,12.53117864,7.138591252,11.77235201,0,0,0,4.552959775,0,0,0,0,0,134
1639,4.103928847,0,59.12528889,0,0,12.66195112,7.612577912,11.89509069,0,0,0,4.601162546,0,0,0,0,0,134
1640,6.644354413,0,58.13633962,0,0,12.31284129,6.623216488,12.55592743,0,0,0,3.727320768,0,0,0,0,0,142.7
1641,6.626654031,0,58.09202906,0,0,12.28809098,6.991681584,12.53027272,0,0,0,3.47127163,0,0,0,0,0,142.7
1642,6.615384615,0,58.04545455,0,0,12.25874126,7.363636364,12.5,0,0,0,3.216783217,0,0,0,0,0,142.7
1643,6.614772287,0,58.17688704,0,0,12.25388327,6.586594343,13.15205523,0,0,0,3.215807826,0,0,0,0,0,148.5
1644,6.69464633,0,58.99955642,0,0,9.427781759,7.063158972,13.30740096,0,0,0,4.507455557,0,0,0,0,0,140.7
1645,6.690569612,0,59.10228656,0,0,8.929779462,7.455012853,13.31687187,0,0,0,4.505479637,0,0,0,0,0,139.4
1646,6.689280868,0,59.39959294,0,0,8.432835821,6.668928087,14.3046133,0,0,0,4.504748982,0,0,0,0,0,146.8
1647,2.054460617,0,60.03203566,0,0,12.70283446,8.238735288,13.63952922,0,0,0,3.332404764,0,0,0,0,0,148.5
1648,5.310656022,0,58.55258591,0,0,12.29434224,8.163832003,13.19680666,0,0,0,2.481777161,0,0,0,0,0,148.5
1649,5.408446975,0,59.83384086,0,0,8.023301999,8.72500993,13.45491858,0,0,0,4.554481663,0,0,0,0,0,136.8
1650,5.412142881,0,59.93374225,0,0,7.521238561,9.118640732,13.4581953,0,0,0,4.556040279,0,0,0,0,0,135.5
1651,5.407705653,0,59.9070346,0,0,7.512520868,9.309633703,13.44070182,0,0,0,4.422403352,0,0,0,0,0,135.5
1652,5.352170074,0,59.34592135,0,0,9.916457244,8.035047205,13.97133736,0,0,0,3.379066766,0,0,0,0,0,147.8
1653,2.06863809,0,60.80778622,0,0,10.22788931,8.491589799,14.40586001,0,0,0,3.998236571,0,0,0,0,0,147.8
1654,2.067078731,0,60.75252474,0,0,10.20366805,8.876279258,14.36822373,0,0,0,3.732225487,0,0,0,0,0,147.8
1655,2.052257823,0,60.39210356,0,0,11.14131358,9.207977982,14.26726921,0,0,0,2.939077843,0,0,0,0,0,150.4
1656,2.051558915,0,60.52098799,0,0,10.64921042,9.42097449,14.28667836,0,0,0,3.070589823,0,0,0,0,0,149.1
1657,5.29126905,0,59.03361345,0,0,12.24896738,5.426577411,15.77410625,0,0,0,2.225466458,0,0,0,0,0,154.5
1658,5.281677626,0,59.01190688,0,0,12.23742669,5.608672472,15.75972987,0,0,0,2.100586458,0,0,0,0,0,154.5
1659,5.312707801,0,59.42673153,0,0,10.83190425,5.837678928,15.85762783,0,0,0,2.733349666,0,0,0,0,0,151
1660,7.808015492,0,58.56357412,0,0,9.644178568,5.906151665,15.52266676,0,0,0,2.555413396,0,0,0,0,0,148.7
1661,7.809610217,0,58.71863768,0,0,9.648602436,4.962138396,16.18452734,0,0,0,2.676483931,0,0,0,0,0,153.9
1662,7.802431293,0,58.69587934,0,0,9.638092584,5.141244906,16.16914556,0,0,0,2.553206312,0,0,0,0,0,153.9
1663,7.794736293,0,58.67260022,0,0,9.626951292,5.326287244,16.14921948,0,0,0,2.430205472,0,0,0,0,0,153.9
1664,7.81953853,0,58.93538737,0,0,8.696399711,5.536260789,16.2098965,0,0,0,2.802517107,0,0,0,0,0,151.6
1665,7.84767086,0,59.19755185,0,0,7.759265556,5.753145189,16.26317579,0,0,0,3.179190751,0,0,0,0,0,149.2
1666,7.856515571,0,59.31905695,0,0,7.28230764,5.951496318,16.28386138,0,0,0,3.306762143,0,0,0,0,0,148.1
1667,7.849473224,0,58.67582214,0,0,7.761957656,7.479215053,14.96516207,0,0,0.696758558,2.571611296,0,0,0,0,0,135.8
1668,5.34080551,0,59.71439182,0,0,8.902467844,7.62297019,15.2628203,0,0.087775565,0,3.068768779,0,0,0,0,0,138.4
1669,5.266846901,1.12813324,59.66423017,0,0,8.781415841,7.523113381,15.05290211,0,0,0,2.583358366,0,0,0,0,0,138.4
1670,8.069856285,0,58.5955976,0,0,8.972166636,1.971984719,15.71402583,0,0,2.15026378,4.526105148,0,0,0,0,0,140.9
1671,5.479551739,0,59.00160093,0,0,11.16285839,2.008441275,15.99839907,0,1.739193713,0,4.609954883,0,0,0,0,0,146.1
1672,5.256379016,3.383576426,59.90531556,0,0,9.743446931,1.928499321,15.35837366,0,0,0,4.424409092,0,0,0,0,0,143.5
1673,4.745180093,0,59.26991481,0,0,14.07861306,1.987744732,15.3527126,0,0,0,4.565834703,0,0,0,0,0,150.2
1674,4.749825374,0,59.4684019,0,0,13.07672512,2.786662255,15.34870042,0,0,0,4.569684938,0,0,0,0,0,147.6
1675,4.748413012,0,59.77118674,0,0,11.57336011,3.980920274,15.35702758,0,0,0,4.569092278,0,0,0,0,0,143.7
1676,4.755078494,0,60.07132618,0,0,10.06608161,5.174644243,15.35960281,0,0,0,4.573266669,0,0,0,0,0,139.8
1677,4.755850314,0,60.27284286,0,0,9.061544277,5.972303357,15.36373321,0,0,0,4.573725989,0,0,0,0,0,137.2
1678,4.753865892,0,60.47673712,0,0,8.055911945,6.766155716,15.37240867,0,0,0,4.574920656,0,0,0,0,0,134.6
1679,4.746317512,0,59.43683976,0,0,13.57684868,1.986311561,15.68590983,0,0,0,4.567772653,0,0,0,0,0,151.4
1680,4.750402576,0,59.63621724,0,0,12.57502562,2.781437564,15.68950373,0,0,0,4.567413263,0,0,0,0,0,148.8
1681,4.747795666,0,59.94002784,0,0,11.06986042,3.976725092,15.69628387,0,0,0,4.569307107,0,0,0,0,0,144.9
1682,4.740595721,0,60.08949797,0,0,10.04055377,5.160117466,15.66214515,0,0,0,4.307089917,0,0,0,0,0,142.3
1683,4.034448493,0,59.93044054,0,0,9.228221265,9.857568731,14.05432262,0,0,0,2.894998344,0,0,0,0,0,134.1
1684,4.031079825,0,59.85522646,0,0,9.463408155,9.84858547,14.03572852,0,0,0,2.765971577,0,0,0,0,0,134.7
1685,4.069825436,0,60.44222776,0,0,8.29592685,8.545303408,14.83956775,0,0,0,3.807148795,0,0,0,0,0,136.5
1686,4.066295377,0,60.34355499,0,0,8.796886533,8.14601087,14.84264913,0,0,0,3.8046031,0,0,0,0,0,137.8
1687,6.642343233,0,59.17413987,0,0,9.107648242,6.812834589,14.53609302,0,0,0,3.726941044,0,0,0,0,0,139.1
1688,6.643835616,0,59.12328767,0,0,9.356164384,6.616438356,14.53424658,0,0,0,3.726027397,0,0,0,0,0,139.7
1689,6.641149611,0,59.40437819,0,0,8.125167875,7.39994628,14.70252485,0,0,0,3.726833199,0,0,0,0,0,137.7
1690,9.115098588,0,58.27590912,0,0,8.446476087,6.106297332,14.40267449,0,0,0,3.653544382,0,0,0,0,0,139
1691,9.054729753,0,58.04619205,0,0,8.867648559,6.823361339,14.30660907,0,0,0,2.901459233,0,0,0,0,0,140.3
1692,9.041936584,0,57.97817934,0,0,9.096488237,6.812137743,14.29253324,0,0,0,2.778724855,0,0,0,0,0,141
1693,6.619369059,0,58.7580934,0,0,10.30444965,6.984433118,13.98953024,0,0,0,3.344124535,0,0,0,0,0,147.6
1694,6.624291359,0,58.83181584,0,0,10.07043463,6.995361622,14.00790242,0,0,0,3.470194125,0,0,0,0,0,146.7
1695,6.614423309,0,58.68401975,0,0,10.53957952,6.973452549,13.97452273,0,0,0,3.21400214,0,0,0,0,0,148.5
1696,6.601847687,0,58.61388879,0,0,10.77125359,6.968617003,13.95799453,0,0,0,3.086398395,0,0,0,0,0,149.5
1697,4.08909116,0,59.70900565,0,0,11.11570818,7.392083851,13.21541856,0.144807613,0,0,4.333884981,0,0,0,0,0,140
1698,4.055939297,0,60.14835483,0,0,10.53115111,6.737214604,14.12773487,0.857463677,0,0,3.542141618,0,0,0,0,0,146.3
1699,4.13303646,0,59.71333148,0,0,11.23016977,6.860562204,13.34887281,0,0,0,4.380044531,0,0,0.333982744,0,0,140
1700,6.77777003,0,58.76507914,0,0,10.55714385,5.961927341,14.16219232,0,0,0,2.789205774,0,0,0.986681542,0,0,146.3
1701,4.01521121,0,59.73825756,0,0,10.9116448,7.84542122,14.96796738,0.143889822,0,0,2.377608003,0,0,0,0,0,135
1702,4.038546668,0,60.4453979,0,0,9.973780093,6.115708108,15.55487452,0.851295672,0,0,3.020397044,0,0,0,0,0,145.3
1703,4.075802968,0,59.84463178,0,0,11.07085627,6.563087856,15.19542953,0,0,0,2.919250331,0,0,0.330941267,0,0,145.2
1704,4.138601486,0,60.17984862,0,0,10.22151239,6.062079022,15.94333727,0,0,0,2.451218665,0,0,1.003402541,0,0,139
1705,2.049506664,0,60.34966245,0,0,11.14419249,8.011078414,15.29167388,0,0,0.727020945,2.426865155,0,0,0,0,0,137
1706,2.078382692,0,60.44688775,0,0,10.27841816,6.09327895,16.03475794,0,0,2.21670509,2.851569427,0,0,0,0,0,141
1707,3.408928826,0,59.63842533,0,0,12.88689203,5.912138069,14.24190558,0,0.085579803,0,3.826130367,0,0,0,0,0,143.8
1708,6.671171011,0,57.91401444,0,0,11.368728,4.686888802,14.92123324,0,1.692685182,0,2.745279329,0,0,0,0,0,146.1
1709,3.359273214,1.154970245,59.57604141,0,0,12.70115145,5.908658756,14.03218423,0,0,0,3.267720694,0,0,0,0,0,143.8
1710,6.378445254,3.285449172,58.55728916,0,0,10.87359956,4.488280982,14.26902193,0,0,0,2.147913946,0,0,0,0,0,139
1711,5.419877709,0,58.72860813,0,0,13.30366511,4.761387894,15.15611998,0,0,0,1.646224538,0,0,0.984116647,0,0,122
1712,5.360047316,0,57.99940855,0,0,14.89353837,4.70944847,13.31879343,0,0,0.713440781,3.005323081,0,0,0,0,0,144
1713,2.74134555,0,59.27513208,0,0,13.46288839,4.817674659,15.33232349,0,0,2.190859718,2.179776111,0,0,0,0,0,139.2
1714,9.033013689,0,56.57345729,0,0,14.34009223,4.538467169,12.82848986,0,0.080521192,0,2.605958568,0,0,0,0,0,145
1715,9.032583622,0,56.35092272,0,0,12.67301038,4.541522491,14.43915802,0,1.63638985,0,1.326412918,0,0,0,0,0,126
1716,8.946082899,1.100944187,56.64758849,0,0,14.21384565,3.747584849,12.71554081,0,0,0,2.628413109,0,0,0,0,0,145
1717,2.052126548,0,61.64296798,0,0,6.241884916,11.23602622,15.66329924,0,0.088672135,0,3.07502296,0,0,0,0,0,146.4
1718,2.048349017,0,60.0605194,0,0,9.353905497,9.596648156,15.93455924,0,1.729125794,0,1.276892894,0,0,0,0,0,117.1
1719,2.034755134,1.16271722,61.63981043,0,0,6.281200632,10.33175355,15.507109,0,0,0,3.042654028,0,0,0,0,0,149.7
1720,8.687960067,3.197169305,58.46207311,0,0,5.980475784,8.005560294,14.50731368,0,0,0,1.159447762,0,0,0,0,0,111.8
1721,7.142616489,0,57.97985243,0,0,10.58926586,9.514504228,13.07233584,0,0,0,1.701425154,0,0,0,0,0,124.1
1722,7.155551085,0,58.12292526,0,0,10.12976562,9.536263957,13.10733327,0,0,0,1.948160815,0,0,0,0,0,127.4
1723,7.176562447,0,58.06769189,0,0,10.63584207,8.79247717,13.13100452,0,0,0,2.196421903,0,0,0,0,0,132.9
1724,7.190077012,0,58.11354188,0,0,10.6590336,8.430450487,13.16363389,0,0,0,2.443263136,0,0,0,0,0,144.6
1725,7.138317444,0,58.22378324,0,0,9.86452584,9.513296538,13.56079612,0,0,0,1.699280816,0,0,0,0,0,126.2
1726,7.155732408,0,58.12332075,0,0,10.60776111,8.577356052,13.59044995,0,0,0,1.945379723,0,0,0,0,0,132.4
1727,2.703158179,0,59.99191075,0,0,11.01823452,9.902591931,14.10900266,0,0,0,2.275101958,0,0,0,0,0,136.9
1728,2.709954387,0,60.14220553,0,0,10.544674,9.927555675,14.14341293,0,0,0,2.532197478,0,0,0,0,0,147.6
1729,2.69254012,0,59.95769825,0,0,10.96488283,10.24642449,14.37923857,0,0,0,1.759215739,0,0,0,0,0,130.3
1730,2.696417136,0,60.00876336,0,0,10.99127035,9.87562776,14.41234959,0,0,0,2.015571809,0,0,0,0,0,134.9
1731,6.585765386,0,59.03119045,0,0,8.782134858,8.491291412,14.40176512,0,0,0,2.707852773,0,0,0,0,0,151
1732,9.054026641,0,58.06342552,0,0,8.62803435,7.201298262,14.14902968,0,0,0,2.904185543,0,0,0,0,0,151
1733,9.005446058,0,58.36683091,0,0,6.677904564,9.42686722,14.23755187,0,0,0,2.285399378,0,0,0,0,0,147.3
1734,9.016641452,0,58.00638763,0,0,8.589678938,7.732391999,14.24777273,0,0,0,2.407127248,0,0,0,0,0,152.5
1735,6.585382193,0,59.06411201,0,0,8.782742681,8.293695987,14.5642125,0,0,0,2.709854626,0,0,0,0,0,152.5
1736,6.597175521,0,59.11230666,0,0,8.802958978,7.928715535,14.59650303,0,0,0,2.962340282,0,0,0,0,0,152.5
1737,2.72037323,0,60.72543286,0,0,8.828071098,9.974701843,14.5513684,0.144560896,0,0,3.055491671,0,0,0,0,0,147.5
1738,2.702165706,0,60.74574475,0,0,9.77548182,8.722431949,14.79568183,0.854361216,0,0,2.404132724,0,0,0,0,0,153
1739,7.86807855,0,59.05648625,0,0,6.802609579,8.451627709,14.51004819,0,0,0,3.311149723,0,0,0,0,0,147.3
1740,7.893229079,0,58.88241043,0,0,8.044892319,6.936065519,14.55293047,0,0,0,3.690472178,0,0,0,0,0,150.5
1741,7.930574099,0,59.17222964,0,0,7.102803738,6.96929239,14.62283044,0,0,0,4.202269693,0,0,0,0,0,147.9
1742,7.964572524,0,59.46660498,0,0,6.150236293,7.00617998,14.69314915,0,0,0,4.719257081,0,0,0,0,0,145.3
1743,7.986610879,0,59.41422594,0,0,6.657740586,6.239330544,14.72468619,0,0,0,4.977405858,0,0,0,0,0,146.6
1744,7.98278355,0,59.19163388,0,0,7.401055853,6.240963045,14.06234238,0.14122869,0,0,4.979992602,0,0,0,0,0,142.8
1745,2.731796156,0,61.27678949,0,0,8.101076458,8.806790465,14.77121207,0.865068783,0,0,3.447266578,0,0,0,0,0,147
1746,8.067215639,0,59.33922474,0,0,6.728258686,6.306487246,14.20633327,0,0,0,5.027783357,0,0,0.324697061,0,0,140.8
1747,6.865462317,0,59.95592213,0,0,6.615019868,6.438040538,15.01986843,0,0,0,4.107256153,0,0,0.998430561,0,0,144.5
1748,2.794465069,0,60.96861289,0,0,8.275396558,7.769152886,14.22882214,0,0,0.742490719,5.221059737,0,0,0,0,0,139.7
1749,2.793276728,0,60.67232715,0,0,8.286258881,6.549991336,15.28677872,0,0,2.2318489,4.179518281,0,0,0,0,0,148.4
1750,6.732061274,0,59.44638538,0,0,7.880945982,7.101585595,13.71607095,0,0.087342112,0,5.035608707,0,0,0,0,0,139.4
1751,6.751652502,0,58.87629839,0,0,7.507082153,6.333468231,14.77809254,0,1.713206529,0,4.040199649,0,0,0,0,0,147.1
1752,6.668422092,1.145415048,59.66361662,0,0,6.918570206,7.030478573,13.5869923,0,0,0,4.986505168,0,0,0,0,0,137.1
1753,6.494026563,0,58.6264433,0,0,9.624240806,9.510778883,14.52980044,0,0,0,1.214710005,0,0,0,0,0,114.2
1754,6.523420424,0,58.71750899,0,0,9.667440062,8.789804634,14.59363126,0,0,0,1.708194627,0,0,0,0,0,125.2
1755,6.552822389,0,58.8093786,0,0,9.710645795,8.063969642,14.6574507,0,0,0,2.205732873,0,0,0,0,0,133
1756,2.719012747,0,60.55058313,0,0,10.08272308,8.374016816,15.21901275,0,0,0,3.054651478,0,0,0,0,0,153.4
1757,2.675362705,0,60.09250632,0,0,10.41528018,10.58831359,14.97737255,0,0,0,1.251164648,0,0,0,0,0,115.2
1758,2.689650547,0,60.19183044,0,0,10.46347844,9.85310886,15.04125025,0,0,0,1.760681468,0,0,0,0,0,126.2
1759,2.703246579,0,60.15897505,0,0,10.51784277,9.900724443,14.44526429,0,0,0,2.273946874,0,0,0,0,0,129.2
1760,6.606082962,0,58.32467053,0,0,10.27799202,9.677743872,12.14915663,0,0,0,2.964353979,0,0,0,0,0,131.9
1761,6.495738014,0,58.30329167,0,0,10.58926586,9.514504228,13.88430309,0,0,0,1.21289714,0,0,0,0,0,111.9
1762,6.522911051,0,58.2648248,0,0,10.64016173,9.561994609,13.30188679,0,0,0,1.708221024,0,0,0,0,0,118
1763,2.677801166,0,59.84333483,0,0,12.14327617,8.620035198,15.4663722,0,0,0,1.249180441,0,0,0,0,0,121.7
1764,8.947146472,0,57.29547371,0,0,11.60387967,6.177958954,14.30278324,0,0,0,1.672757942,0,0,0,0,0,129.9
1765,8.985024958,0,57.37954473,0,0,11.65787517,5.451906397,14.36612738,0,0,0,2.159521365,0,0,0,0,0,138
1766,9.012216405,0,57.09947644,0,0,11.69284468,6.980802792,12.80628272,0,0,0,2.408376963,0,0,0,0,0,144.9
1767,9.061399268,0,56.85820844,0,0,11.75495545,8.156640652,11.2645901,0,0,0,2.904206092,0,0,0,0,0,133.4
1768,6.486562052,0,58.09946528,0,0,12.26365638,7.416209415,14.5213714,0,0,0,1.21273547,0,0,0,0,0,119.5
1769,6.526031383,0,57.8925491,0,0,12.32810281,8.410405625,13.13519692,0,0,0,1.707714157,0,0,0,0,0,120.5
1770,6.548886051,0,58.27657159,0,0,12.37405988,5.945792536,14.6516248,0,0,0,2.203065134,0,0,0,0,0,139.1
1771,6.56145589,0,58.28890311,0,0,12.40491931,5.772375062,14.51624369,0,0,0,2.456102936,0,0,0,0,0,159
1772,6.594264622,0,58.21621238,0,0,12.4645088,5.990914253,13.77413401,0,0,0,2.959965928,0,0,0,0,0,155
1773,7.743892165,0,58.55096883,0,0,8.852569503,7.757371525,15.40353833,0,0,0,1.691659646,0,0,0,0,0,119.2
1774,7.751780951,0,58.57388838,0,0,8.862554441,7.576217968,15.42253283,0,0,0,1.813025423,0,0,0,0,0,127.3
1775,7.774426407,0,58.61659945,0,0,8.882638018,7.211848036,15.45396008,0,0,0,2.06052801,0,0,0,0,0,140.4
1776,7.781468176,0,58.60841863,0,0,8.893106487,7.218870738,15.31552904,0,0,0,2.182606927,0,0,0,0,0,145.6
1777,2.700968756,0,61.25296722,0,0,7.012253801,10.49592609,16.1224097,0.14114326,0,0,2.274331173,0,0,0,0,0,141.7
1778,2.691364399,0,61.23015361,0,0,7.970827417,9.455273009,16.04169356,0.851942687,0,0,1.758745321,0,0,0,0,0,116.8
1779,2.731214808,0,61.27435117,0,0,7.080447867,9.999352793,16.28697172,0,0,0,2.297585917,0,0,0.330075723,0,0,141.7
1780,2.770210392,0,60.91508846,0,0,8.2220107,9.754816687,15.51514754,0,0,0,1.81507861,0,0,1.007647619,0,0,110.4
1781,4.678899083,0,58.75088215,0,0,12.39237826,7.247706422,13.96612562,0,0,0.712773465,2.251235004,0,0,0,0,0,138.9
1782,4.714285714,0,57.68571429,0,0,13.475,8.485714286,11.72142857,0,0,2.153571429,1.764285714,0,0,0,0,0,99.72
1783,4.656381487,0,58.99719495,0,0,12.32819074,7.13884993,14.55469846,0,0.084151473,0,2.240532959,0,0,0,0,0,144.1
1784,4.695269214,0,57.84202301,0,0,13.43230573,6.883079983,13.68447223,0,1.704787612,0,1.758062225,0,0,0,0,0,112.4
1785,4.613988552,1.130811113,59.03950859,0,0,12.20857183,6.373028061,14.41435153,0,0,0,2.219740332,0,0,0,0,0,144.1
1786,8.725747247,3.209229156,56.88166404,0,0,12.46984793,4.383848977,12.69708093,0,0,0,1.632581716,0,0,0,0,0,112.4
1787,6.3973866,3.293973526,58.12434069,0,0,11.38258414,6.002654235,12.40684656,0,0,0,2.392214244,0,0,0,0,0,151.6
1788,6.62229506,0,59.3631894,0,0,8.097260778,7.759456838,14.81320445,0,0,0,3.344593465,0,0,0,0,0,146.8
1789,6.642584788,0,59.33841729,0,0,8.127633955,7.786474012,14.37554351,0,0,0,3.729346445,0,0,0,0,0,148.9
1790,6.669119369,0,59.30967591,0,0,8.15746346,7.81965952,13.92688719,0,0,0,4.117194555,0,0,0,0,0,151.2
1791,6.696100074,0,59.28155729,0,0,8.187838651,7.846678708,13.47916249,0,0,0,4.508662787,0,0,0,0,0,153.7
1792,6.709478895,0,59.26483377,0,0,8.207906883,7.86674694,13.18148371,0,0,0,4.769549803,0,0,0,0,0,155.4
1793,6.618407446,0,59.02102723,0,0,9.810410203,6.397793864,14.80868666,0,0,0,3.343674595,0,0,0,0,0,147.5
1794,6.642629316,0,59.09027874,0,0,9.846068506,5.838302593,14.8557759,0,0,0,3.726944945,0,0,0,0,0,148
1795,6.659925381,0,59.16524286,0,0,9.87830817,5.272150354,14.91335123,0,0,0,4.111022002,0,0,0,0,0,148.5
1796,6.684435716,0,59.23756751,0,0,9.910920951,4.699445886,14.9645788,0,0,0,4.503051133,0,0,0,0,0,149
1797,6.702809266,0,59.28325002,0,0,9.934520876,4.323030346,14.99331127,0,0,0,4.763078223,0,0,0,0,0,149.3
1798,2.721355444,0,58.97687502,0,0,10.09060282,11.96480555,13.03110588,0,1.942890786,0,1.272364505,0,0,0,0,0,152.4
1799,8.91826087,0,56.56,0,0,12.74434783,8.396521739,12.19130435,0,0,0,1.189565217,0,0,0,0,0,152.3
1800,8.938842975,0,57.32561983,0,0,9.467768595,10.29421488,12.53884298,0,0,0,1.434710744,0,0,0,0,0,149.8
1801,9.509981851,0,57.04339218,0,0,9.401088929,10.40752351,12.45339053,0,0,0,1.184623,0,0,0,0,0,149
1802,8.915418717,0,56.62373023,0,0,12.74479003,8.021782386,12.50392711,0,0,0,1.19035152,0,0,0,0,0,151
1803,6.497606681,0,57.6331602,0,0,13.0053977,9.51895984,11.30800828,0.821536477,0,0,1.215330821,0,0,0,0,0,157.7
1804,10.09317285,0,56.9216486,0,0,9.353758414,9.615703438,12.70267582,0.132630392,0,0,1.180410491,0,0,0,0,0,147.2
1805,8.912827198,0,57.19921781,0,0,11.79800336,7.272976775,12.82376754,0.802771965,0,0,1.190435349,0,0,0,0,0,147.9
1806,3.362229319,0,58.88814797,0,0,13.9578142,8.668795845,13.54016776,0,0,0,1.256448952,0,0,0.326395957,0,0,152.4
1807,9.183673469,0,58.01052905,0,0,7.292343689,9.801117899,13.53178214,0,0,0,1.225139737,0,0,0.955414013,0,0,143.2
1808,7.152492186,0,58.19049186,0,0,8.672479026,10.666228,13.41010035,0,0,0.694193124,1.214015463,0,0,0,0,0,146.8
1809,2.051630435,0,59.79279891,0,0,10.14266304,10.42798913,14.11684783,0,0,2.1875,1.280570652,0,0,0,0,0,148.4
1810,5.220572715,1.118694153,58.9354816,0,0,12.0875255,5.431647084,15.49989446,0,0,0,1.706184479,0,0,0,0,0,143.6
1811,5.121602289,3.297567954,58.67310443,0,0,13.29756795,2.703862661,15.22889843,0,0,0,1.67739628,0,0,0,0,0,142.6
1812,8.318453944,0,56.70622834,0,0,13.27941743,8.248433288,12.25011378,0,0,0,1.197353219,0,0,0,0,0,153
1813,8.317620691,0,56.51570671,0,0,14.22676011,7.499377424,12.24518837,0,0,0,1.195346686,0,0,0,0,0,153.4
1814,8.313388709,0,56.80346333,0,0,13.27608053,7.686892862,12.72349711,0,0,0,1.19667746,0,0,0,0,0,151
1815,8.31098237,0,56.6140972,0,0,14.22236527,6.937739155,12.7203805,0,0,0,1.194435504,0,0,0,0,0,151.4
1816,4.614911291,0,58.67774245,0,0,12.21413188,9.660547636,13.59860527,0,0,0,1.234061464,0,0,0,0,0,150.7
1817,4.617048604,0,58.48036233,0,0,12.22199689,10.82268641,12.62421416,0,0,0,1.233691611,0,0,0,0,0,154.6
1818,10.09233267,0,56.60364596,0,0,10.52186559,9.057395069,12.54439071,0,0,0,1.180370007,0,0,0,0,0,148.6
1819,4.616221361,0,58.57978109,0,0,12.21700999,10.23862941,13.11441974,0,0,0,1.233938405,0,0,0,0,0,152.6
1820,10.09283504,0,56.69738498,0,0,10.5179039,8.501377223,13.0105077,0,0,0,1.179991159,0,0,0,0,0,146.8
1821,10.09754457,0,56.50857719,0,0,10.5213589,9.613185335,12.07870838,0,0,0,1.180625631,0,0,0,0,0,150.5
1822,5.866798294,0,58.65740578,0,0,12.07559144,6.303987589,15.87631774,0,0,0,1.219899164,0,0,0,0,0,142.3
1823,5.864435392,0,58.17461191,0,0,14.48493523,4.389151895,15.86847224,0,0,0,1.218393336,0,0,0,0,0,143.3
1824,8.912163465,0,58.65835636,0,0,5.898605667,9.516160123,15.82278481,0,0,0,1.191929577,0,0,0,0,0,137.5
1825,3.329177478,0,60.25204704,0,0,9.862856758,8.774471813,16.53805978,0,0,0,1.243387135,0,0,0,0,0,141.9
1826,5.866949752,0,58.72257608,0,0,12.07360226,5.916489738,16.20311394,0,0,0,1.217268224,0,0,0,0,0,141.5
1827,5.862640398,0,58.23973486,0,0,14.48352053,4.006628614,16.18854723,0,0,0,1.218928374,0,0,0,0,0,142.4
1828,5.871712815,0,58.48406846,0,0,12.08431891,7.45095311,14.74885209,0.139140114,0,0,1.220954501,0,0,0,0,0,145.4
1829,5.867705965,0,58.2764967,0,0,14.48883115,4.583017574,14.74143842,0.822777958,0,0,1.219732236,0,0,0,0,0,145.4
1830,0,0,61.77954388,0,0,10.4699378,7.332411887,16.05390463,0,0,0,3.140981341,0,0.525224603,0.697995853,0,0,152.1
1831,7.455197133,0,58.78136201,0,1.863799283,4.480286738,1.433691756,16.12903226,0,0,4.480286738,4.659498208,0,0,0.716845878,0,0,107.5
1832,0,0,66.10399295,0.844010576,0,0,0,33.05199647,0,0,0,0,0,0,0,0,0,69.3
1833,5.771144279,0,58.50746269,0,5.572139303,1.492537313,5.306799337,19.03814262,0,0,1.658374793,0.995024876,0,1.658374793,0,0,0,92
1834,7.364449849,0,58.02076513,0,4.495993515,1.309512674,9.740279986,17.10161195,0,0,1.967386899,0,0,0,0,0,0,90
1835,7.364220241,0,58.02207395,0,3.872295317,0.935337033,9.739976305,17.10419655,0,0.623558022,1.40300555,0,0,0.935337033,0,0,0,90
1836,6.740872385,0,57.67779752,0,5.805506189,1.309512674,9.740279986,16.29096124,0,0,1.967386899,0.467683098,0,0,0,0,0,90
1837,6.766110949,0,58.39264242,0,5.011211855,1.332423386,6.441129635,18.47843749,0,0,1.953137695,0.974943941,0,0.649962627,0,0,0,90
1838,5.752066116,0,58.31404959,0,6.214876033,0.859504132,5.289256198,18.97520661,0,0,1.950413223,0.991735537,0,1.652892562,0,0,0,91
1839,5.752066116,0,58.31404959,0,6.214876033,1.652892562,5.289256198,18.97520661,0,0,2.148760331,0.991735537,0,0.661157025,0,0,0,91
1840,5.771144279,0,58.50746269,0,5.572139303,1.293532338,5.306799337,19.03814262,0,0,2.852404643,0.995024876,0,0.663349917,0,0,0,92
1841,6.040709127,0,57.71503611,0,7.419566645,1.313197636,5.44977019,18.45042679,0,0,1.969796454,0.984898227,0,0.656598818,0,0,0,92
1842,7.356693845,0,58.00087135,0,4.487458766,1.310138794,9.728013942,16.02975042,0,0,1.963652206,0,0.186718118,0,0.936702558,0,0,94
1843,13.04201681,0,57.61344538,0,1.344537815,1.478991597,3.159663866,20.84033613,0,0,2.521008403,0,0,0,0,0,0,90
1844,12.7587377,0,57.48218527,0,1.289446895,1.45911096,3.121818799,20.42755344,0,0,2.477095351,0,0,0.984051578,0,0,0,91
1845,0,0,63.32306442,0,5.20667592,0,0.440096144,25.93520431,0,0,2.000744778,0,0,0,3.094214428,0,0,84
1846,0,0,64.38752254,0,2.741776372,0,0.449025411,26.75443072,0,0,2.051229717,0,0,0,3.166989829,0.449025411,0,86
1847,0,0,62.29007109,0,6.243775114,0,0.487687605,22.61221967,0,0,1.902668544,1.243259951,0,0,3.602706323,1.617611705,0,88
1848,0,0,62.89646918,0,2.220892347,0,2.885830175,23.17973269,0,2.606556287,1.313252211,0,0,0,3.584014895,1.313252211,0,84
1849,0,0,61.32088914,0,5.66400684,5.649757766,0.448845825,20.80008549,0,0,1.624394414,1.139925905,0,0,3.309347392,0.042747221,0,95
1850,0,0,64.11637201,0,1.551175235,0,0.941543047,25.98387862,0,1.537627853,1.290388132,0,0,0,3.322495428,1.256519678,0,85
1851,0,0,62.09254695,0,5.929114451,0.583191585,0.45822196,23.50123234,0,0,3.401950915,0,0,0,3.419307807,0.614433992,0,90
1852,0,2.50633339,61.89495018,0,5.701739571,0.567471711,0.44587063,21.94561729,0,0,3.15149468,0,0,0,3.219050836,0.567471711,0,89
1853,0,0,63.94319188,0,1.539404673,0,0.939990464,25.65901505,0,1.518970097,1.273755194,0,0,1.839111777,3.286560861,0,0,85
1854,15.36686664,30.77988002,53.85325335,0,0,0,0,0,0,0,0,0,0,0,0,0,0,78
1855,0,33.34166458,58.33541615,0,0,0,0,0,0,0,8.32291927,0,0,0,0,0,0,95
1856,0,33.34166458,58.33541615,0,0,0,0,0,0,0,0,0,0,8.32291927,0,0,0,87
1857,0,33.34166458,58.33541615,0,0,0,0,0,0,0,0,0,0,0,0,8.32291927,0,74
1858,0,30.77988002,53.85325335,0,0,0,0,0,0,15.36686664,0,0,0,0,0,0,0,43
1859,11.49425287,0,58.62068966,0,0,0,13.79310345,16.09195402,0,0,0,0,0,0,0,0,0,90.2
1860,17.64705882,0,55.88235294,0,0,0,11.76470588,14.70588235,0,0,0,0,0,0,0,0,0,91.6
1861,0,0,55.88235294,0,17.64705882,0,11.76470588,14.70588235,0,0,0,0,0,0,0,0,0,72.6
1862,0,0,61.29032258,0,0,0,12.90322581,16.12903226,0,0,9.677419355,0,0,0,0,0,0,95
1863,0,0,60.71428571,0,0,0,7.142857143,17.85714286,0,0,14.28571429,0,0,0,0,0,0,94.9
1864,0,0,60,0,0,0,13.33333333,13.33333333,0,0,13.33333333,0,0,0,0,0,0,97.6
1865,0,0,62.06896552,0,0,0,6.896551724,20.68965517,0,0,0,0,0,10.34482759,0,0,0,81
1866,0,0,61.53846154,0,0,0,0,23.07692308,0,0,0,0,0,15.38461538,0,0,0,78.7
1867,0,0,60,0,0,0,13.33333333,13.33333333,0,0,0,0,0,13.33333333,0,0,0,89.7
1868,0,0,62.06896552,0,0,0,6.896551724,20.68965517,0,0,0,0,0,0,0,10.34482759,0,72.8
1869,0,0,60.71428571,0,0,0,7.142857143,17.85714286,0,0,0,0,0,0,0,14.28571429,0,72.7
1870,0,0,60,0,0,0,13.33333333,13.33333333,0,0,0,0,0,0,0,13.33333333,0,79.4
1871,14.28571429,0,57.14285714,0,0,7.142857143,0,21.42857143,0,0,0,0,0,0,0,0,0,93.1
1872,14.28571429,0,57.14285714,0,0,0,0,21.42857143,0,0,7.142857143,0,0,0,0,0,0,93.5
1873,14.28571429,0,57.14285714,0,0,0,0,21.42857143,0,0,0,0,0,7.142857143,0,0,0,88.5
1874,14.28571429,0,57.14285714,0,0,0,0,21.42857143,0,0,0,0,0,0,0,7.142857143,0,82.9
1875,0,0,57.14285714,0,14.28571429,0,0,21.42857143,0,0,0,0,0,7.142857143,0,0,0,74.2
1876,0,0,57.14285714,0,14.28571429,0,0,21.42857143,0,0,0,0,0,0,0,7.142857143,0,69
1877,0,0,57.14285714,0,0,0,0,21.42857143,0,14.28571429,7.142857143,0,0,0,0,0,0,67.1
1878,0,0,57.14285714,0,0,0,0,21.42857143,0,14.28571429,0,0,0,7.142857143,0,0,0,60.8
1879,0,36.36363636,59.09090909,0,0,0,0,0,0,0,0,0,0,0,0,4.545454545,0,56.2
1880,0,36.36363636,59.09090909,0,0,0,0,0,0,0,0,0,0,0,0,0,4.545454545,53
1881,0,34.14634146,58.53658537,0,0,0,0,0,0,0,7.317073171,0,0,0,0,0,0,89.8
1882,0,34.14634146,58.53658537,0,0,0,0,0,0,0,0,0,0,0,0,7.317073171,0,74.6
1883,0,31.57894737,57.89473684,0,0,0,0,0,0,0,0,0,0,0,0,10.52631579,0,82
1884,13.63636364,27.27272727,54.54545455,0,0,0,4.545454545,0,0,0,0,0,0,0,0,0,0,75.6
1885,0,27.27272727,54.54545455,0,13.63636364,0,4.545454545,0,0,0,0,0,0,0,0,0,0,63.6
1886,0,29.26829268,58.53658537,0,0,7.317073171,4.87804878,0,0,0,0,0,0,0,0,0,0,91.5
1887,0,29.26829268,58.53658537,0,0,0,4.87804878,0,0,0,7.317073171,0,0,0,0,0,0,83.5
1888,0,29.26829268,58.53658537,0,0,0,4.87804878,0,0,0,0,0,0,7.317073171,0,0,0,76.8
1889,0,29.26829268,58.53658537,0,0,0,4.87804878,0,0,0,0,0,0,0,0,7.317073171,0,67.7
1890,10.71428571,0,64.28571429,0,0,0,3.571428571,0,21.42857143,0,0,0,0,0,0,0,0,73.9
1891,0,0,67.9245283,0,0,0,3.773584906,0,22.64150943,0,0,0,0,5.660377358,0,0,0,61.2
1892,0,0,59.25925926,0,0,0,9.87654321,18.51851852,0,9.87654321,2.469135802,0,0,0,0,0,0,69.46
1893,0,0,59.25925926,0,1.975308642,0,9.87654321,18.51851852,0,7.901234568,2.469135802,0,0,0,0,0,0,73.13
1894,0,0,59.25925926,0,3.950617284,0,9.87654321,18.51851852,0,5.925925926,2.469135802,0,0,0,0,0,0,75.13
1895,0,0,59.25925926,0,5.925925926,0,9.87654321,18.51851852,0,3.950617284,2.469135802,0,0,0,0,0,0,76.62
1896,0,0,59.25925926,0,7.901234568,0,9.87654321,18.51851852,0,1.975308642,2.469135802,0,0,0,0,0,0,77.42
1897,0,0,59.25925926,0,9.87654321,0,9.87654321,18.51851852,0,0,2.469135802,0,0,0,0,0,0,77.18
1898,0,0,59.56546275,0,0,0,0,24.29458239,0,10.32731377,0,0,0,0,0,0,5.812641084,59.01
1899,0,0,60.75233023,0,0,0,0,23.76461015,0,4.519899393,0,0,0,0,0,0,10.96316023,56.05
1900,0,0,60.59763725,0,8.547602502,1.91104934,0.764419736,25.08686588,0,0,3.092425295,0,0,0,0,0,0,72
1901,0,0,61.37123746,0,9.030100334,1.337792642,1.337792642,26.58862876,0,0,0.334448161,0,0,0,0,0,0,68
1902,0,0,55.88337383,0,0,2.395001736,18.81291218,2.360291565,0,0,20.54842069,0,0,0,0,0,0,109
1903,0,0,56.05117566,0,0,2.385892116,18.74135546,2.731673582,0,0,20.08990318,0,0,0,0,0,0,103
1904,0,0,59.37575195,0,5.554982641,1.38874566,2.77749132,22.22336805,0,4.166236981,1.735932075,0,0,0,0,0,2.77749132,67.5
1905,0,0,60.00275084,0,6.313183412,0,0.701464824,24.91575545,0,4.208788942,0.350732412,0,0,2.104394471,0,1.402929647,0,72.5
1906,0,0,60.6271777,0,8.362369338,2.090592334,0.696864111,25.08710801,0,0,3.135888502,0,0,0,0,0,0,74.2
1907,0,6.790123457,63.88888889,0,2.469135802,0,0.617283951,25.61728395,0,0.617283951,0,0,0,0,0,0,0,62
1908,0,4.574082321,61.76919651,0,8.270246199,0,0,25.38647497,0,0,0,0,0,0,0,0,0,76
1909,0,5.141339404,62.95453108,0,5.710491368,0,0,26.19363815,0,0,0,0,0,0,0,0,0,74
1910,0,7.193627451,64.10845588,0,2.138480392,0,0.894607843,25.38296569,0,0.281862745,0,0,0,0,0,0,0,63
1911,0,2.922768807,63.55926899,0,0,0.153335837,7.078482914,21.67668044,0.294154462,0,3.808361497,0,0,0.181499562,0,0.32544749,0,79.2
1912,10.33103181,0,56.87229786,0,6.852939279,0.958249984,4.542814738,19.26824547,0,0,0,0.483964638,0,0,0.312963799,0.377492418,0,85
1913,10.35630068,0,57.12116807,0,6.240914817,0.95939529,4.554704913,19.95025358,0,0,0,0,0,0,0.313337856,0.503924799,0,85
1914,10.26804255,1.099006422,57.02054247,0,6.185105907,0.952046261,4.511037986,19.15274272,0,0,0,0,0,0,0.309894253,0.501581419,0,87
1915,9.728557303,0,56.84667156,0,7.814742751,0,4.561258014,19.34547542,0,0.408280438,0,0.72724953,0,0,0.315779401,0.251985583,0,83
1916,12.75199546,0,55.99899044,0,6.145692021,0,5.603053917,18.0742657,0,0.403823706,0,0,0,0,0.772943812,0.249234943,0,87
1917,10.29024604,0,57.36665908,0,6.201449605,0,3.770273345,20.7820067,0,0,1.027074463,0,0,0,0.312022622,0.250268144,0,85
1918,11.30890052,2.697874962,56.59377887,0,6.054819834,0,5.15552818,17.18201417,0,0,0,0,0,0,0.760702187,0.246381275,0,91
1919,0,0,64.12429379,0,0,0,15.25423729,20.62146893,0,0,0,0,0,0,0,0,0,110
1920,0,0,63.81766382,0,0,0.341880342,15.38461538,19.94301994,0,0,0.512820513,0,0,0,0,0,0,125
1921,0,0,63.29479769,0,0,0.924855491,15.60693642,18.78612717,0,0,1.387283237,0,0,0,0,0,0,120
1922,0,0,62.97376093,0,0,1.282798834,15.74344023,18.07580175,0,0,1.924198251,0,0,0,0,0,0,116
1923,0,0,62.75659824,0,0,1.524926686,15.83577713,17.59530792,0,0,2.287390029,0,0,0,0,0,0,108
1924,0,0,62.31454006,0,0,2.017804154,16.02373887,16.61721068,0,0,3.026706231,0,0,0,0,0,0,92
1925,0,0,61.86186186,0,0,2.522522523,16.21621622,15.61561562,0,0,3.783783784,0,0,0,0,0,0,94
1926,0,0,62.97376093,0,0,3.206997085,15.74344023,18.07580175,0,0,0,0,0,0,0,0,0,125
1927,0,0,62.97376093,0,0,2.405247813,15.74344023,18.07580175,0,0,0.801749271,0,0,0,0,0,0,122
1928,0,0,62.97376093,0,0,1.603498542,15.74344023,18.07580175,0,0,1.603498542,0,0,0,0,0,0,120
1929,10.91887988,0,60.22126654,0,0,0,2.403072782,23.08197367,0.577787991,0,0,0.256065132,0,1.378812252,0.495715833,0.666425922,0,80.2
1930,0,4.689698296,63.18586838,0,0,1.722682507,6.409254338,20.82226043,0,0,2.729404408,0,0,0,0,0.44083164,0,79
1931,0,4.685011088,63.18518287,0,0,1.72096074,6.477808664,20.78895587,0,0,2.654839616,0,0,0.156167036,0,0.331074117,0,79
1932,0,4.576515579,63.16218419,0,0,1.924644223,6.407121811,20.83254968,0,0,2.658140555,0,0,0,0,0.43884396,0,79
1933,0,5.747161612,63.46053799,0,0,1.542369251,6.126633412,20.98417847,0,0,1.640297457,0,0,0.250941029,0,0.247880772,0,76
1934,0,5.809506465,63.17003582,0,0,1.608693013,7.145025193,19.8628058,0,0,1.65725733,0,0,0.391549809,0,0.355126571,0,77
1935,0,4.695510817,63.14555458,0,0,1.572464674,6.489933725,20.6983869,0,0,2.98549456,0,0,0,0,0.412654746,0,79
1936,0,4.718884853,63.45658315,0,0,1.629877992,6.277358666,21.41504455,0,0,1.83167241,0,0,0,0,0.670578374,0,76
1937,0,0,61.37184116,0,5.054151625,0,0,10.83032491,0,0,2.166064982,11.9133574,0,2.166064982,2.527075812,3.971119134,0,107
1938,2.857142857,0,60.71428571,0,4.285714286,0,0,10.71428571,0,0,1.785714286,14.28571429,0,1.785714286,0,3.571428571,0,112
1939,0,0,62.96296296,0,0,0,0,11.11111111,0,0,2.777777778,14.81481481,0,2.777777778,0,5.555555556,0,108
1940,5.755395683,0,61.15107914,0,0,0,0,10.79136691,0,0,1.798561151,14.38848921,0,2.517985612,0,3.597122302,0,117
1941,2.857142857,0,60.71428571,0,4.285714286,0,0,10.71428571,0,0,1.785714286,14.28571429,0,3.571428571,0,1.785714286,0,113
1942,0,0,59.64912281,0,10.52631579,0,0,10.52631579,0,0,2.631578947,14.03508772,0,2.631578947,0,0,0,102
1943,0,0,61.81818182,0,3.636363636,0,0,10.90909091,0,0,2.727272727,14.54545455,0,2.727272727,0,3.636363636,0,107
1944,0,0,61.15107914,0,5.755395683,1.798561151,0,10.79136691,0,0,1.798561151,14.38848921,0,2.517985612,0,1.798561151,0,109
1945,0,0,62.45487365,0,2.888086643,0,0,11.9133574,0,0,2.166064982,13.35740072,0,2.166064982,1.083032491,3.971119134,0,108
1946,0,0,58.81670534,0,8.584686775,0,12.99303944,14.84918794,0,2.784222738,0,1.972157773,0,0,0,0,0,86
1947,0,0,58.66627497,0,8.401880141,0.881316099,12.74970623,14.54171563,0,2.761457109,0,1.997649824,0,0,0,0,0,88
1948,0,0,58.88501742,0,8.478513357,0,12.89198606,14.69221835,0,2.787456446,0,1.974448316,0,0,0.290360046,0,0,88
1949,12.48880931,1.074306177,57.36027625,0,3.011894104,1.387645479,4.757641642,19.25118302,0,0,0,0,0,0,0.303747282,0.364496739,0,88
1950,14.74116162,1.054292929,57.24431818,0,1.186868687,0.909090909,5.397727273,18.63005051,0,0,0,0,0,0,0.596590909,0.23989899,0,90
1951,15.73019368,1.040171022,57.40403944,0,0,0.896589132,4.6073833,19.84939855,0,0,0,0,0,0,0,0.472224881,0,87
1952,15.41753153,1.021874501,57.01421044,0,1.143222098,0.881366757,4.521794667,19.53696312,0,0,0,0,0,0,0,0.463036883,0,87
1953,13.70758435,1.070204108,57.11173059,0,1.800762601,1.755903746,5.113909449,18.58438271,0,0,0.067288282,0,0,0,0.301195168,0.487038995,0,90
1954,13.47705415,1.05208804,57.42593429,0,1.768540631,1.81694959,4.305170077,19.79603692,0,0,0,0,0,0,0,0.358226296,0,88
1955,14.66734837,1.048124241,56.91186809,0,1.17594427,1.811848917,5.374832236,18.53390426,0,0,0,0,0,0,0,0.47612961,0,89
1956,18.25897036,0,55.71606864,0,0,0,7.132605304,16.64586583,0,0.773790952,0.583463339,0,0,0.034321373,0.736349454,0.118564743,0,91
1957,0,5.979263021,63.57425713,0,0,0,6.414558206,20.95160364,0,0,2.826395816,0,0,0.190441643,0,0.063480548,0,69
1958,0,28.50356295,57.95724466,0,0,1.90023753,5.700712589,0,0,2.375296912,3.562945368,0,0,0,0,0,0,65.28
1959,0,25.25252525,59.09090909,0,0,2.02020202,6.060606061,2.525252525,0,0,5.050505051,0,0,0,0,0,0,80
1960,0,21.27659574,59.57446809,0,0,2.127659574,6.382978723,5.319148936,0,0,5.319148936,0,0,0,0,0,0,81.4
1961,0,16.62049861,59.27977839,0,0,2.216066482,6.648199446,8.310249307,0,2.770083102,4.155124654,0,0,0,0,0,0,75.52
1962,0,11.56069364,58.95953757,0,2.89017341,2.312138728,6.936416185,11.56069364,0,2.89017341,2.89017341,0,0,0,0,0,0,72.71
1963,3.03030303,6.060606061,59.09090909,0,3.03030303,3.03030303,9.090909091,13.63636364,0,0,3.03030303,0,0,0,0,0,0,87.97
1964,0,11.5942029,59.42028986,0,2.898550725,2.898550725,5.797101449,13.04347826,0,2.898550725,1.449275362,0,0,0,0,0,0,68.82
1965,0,6.25,59.375,0,3.125,3.125,6.25,15.625,0,3.125,3.125,0,0,0,0,0,0,76.62
1966,3.125,6.25,59.375,0,3.125,3.125,6.25,15.625,0,0,3.125,0,0,0,0,0,0,88.53
1967,0,6.329113924,61.39240506,0,0,2.53164557,7.594936709,15.82278481,0,0,6.329113924,0,0,0,0,0,0,86.1
1968,0,0,63.23618162,0,2.101601051,5.378252689,0.426000213,25.21566261,0,0,1.547800774,0,0,0,2.094501047,0,0,88
1969,0,0,63.02727878,0,5.209580838,0,2.202262142,24.46107784,0,0,2.002661344,0,0,0,3.097139055,0,0,83
1970,0,0,61.01423423,0,2.249808875,5.751938549,0.451417962,21.14747534,0,2.460955987,3.309184899,1.073937894,0,0,1.936728676,0.604317594,0,91
1971,0,0,62.5,0,2.270889488,0.579514825,2.850404313,21.39150943,0,2.493261456,3.349056604,1.175876011,0,0,3.389487871,0,0,87
1972,7.356693845,0,58.00087135,0,4.487458766,1.310138794,9.728013942,16.02975042,0,0,1.963652206,0.936702558,0.186718118,0,0,0,0,94
1973,7.227998986,8.274156733,56.09307634,0,2.903880294,9.383717981,6.004311438,8.987446107,0,0,0,1.125412123,0,0,0,0,0,101
1974,7.600684391,4.349828902,57.36707028,0,3.053435115,7.515135562,4.455119768,14.18136352,0,0,0,0.710713346,0,0,0.766649118,0,0,100
1975,9.436469101,7.343076574,56.21374639,0,1.140672089,9.400823099,4.841375288,11.29330179,0,0,0,0.330535662,0,0,0,0,0,102
1976,7.460518589,4.271100535,59.08458757,0,0,7.37089347,6.193404827,12.36208548,2.09537349,0,0,1.162036035,0,0,0,0,0,96
1977,3.575337468,0,59.21859971,0,0.530662333,9.167191801,11.12400915,12.74584591,0,0,1.124340818,1.157507214,0,0.331663958,1.02484163,0,0,115
1978,4.873157525,0,58.79875664,0,0.534777232,8.479561483,10.14739797,13.62344998,0,0,1.470637388,0.768742271,0,0.467930078,0.835589425,0,0,112
1979,3.898288315,0,59.32522014,0,0.329804426,8.02084364,11.16058178,13.2713301,0,0,1.883183272,1.055374163,0,0.197882656,0.857491508,0,0,112
1980,3.637566138,0,59.29232804,0,0.992063492,8.134920635,10.64814815,13.49206349,0,0,1.124338624,0.925925926,0,0.595238095,1.157407407,0,0,111
1981,4.382998475,0,59.24341887,0,0.464160202,7.698428486,10.35740336,13.7093031,0,0,1.491943505,1.027783303,0,0.629931702,0.994629003,0,0,111
1982,5.436802974,0,58.42073818,0,1.327668614,7.793414764,10.01062135,13.16051514,0,0,1.360860329,1.261285183,0,0.4314923,0.796601168,0,0,111
1983,10.86480055,0,60.80844136,0,0,0,3.725969065,23.38280418,1.171018849,0,0,0.046965997,0,0,0,0,0,88.2
1984,10.9877008,0,60.73983434,0,0,0,3.689759036,23.32768574,1.09186747,0,0,0.16315261,0,0,0,0,0,88.9
1985,11.10971155,0,60.62791284,0,0,0,3.61506487,23.32787505,1.039173699,0,0.163748583,0.116513415,0,0,0,0,0,89.8
1986,10.58906031,0,60.66237409,0,0,0,3.468060691,23.5369119,0.867015173,0,0.828764503,0.047813337,0,0,0,0,0,91.1
1987,11.10828835,0,60.60971737,0,0,0,3.436011432,23.93775802,0.647824706,0.076214671,0,0.184185456,0,0,0,0,0,86.1
1988,11.7883328,0,59.44851769,0,0,0,3.997449793,23.1335671,0.184890022,1.37711189,0,0.070130698,0,0,0,0,0,86.4
1989,0,0,62.43637598,0,0,9.11435358,7.207329488,19.70478453,0.054292501,0,0,1.482863929,0,0,0,0,0,99.43
1990,0,0,62.56815253,0,0,8.257608301,8.426130919,18.28966064,0.350262697,0,0,2.108184912,0,0,0,0,0,94.43
1991,3.183558332,0,61.09543959,0,0,8.207401437,7.461884613,19.18530459,0,0,0,0.866411445,0,0,0,0,0,108.4
1992,7.745486714,0,59.44759346,0,0,6.123652567,7.830673962,17.16195406,0,0,0,1.690639232,0,0,0,0,0,106.4
1993,0,0,60.42681431,0,8.851666258,2.141080001,0.210253355,25.17433507,0,0,3.195851,0,0,0,0,0,0,73
1994,0,0,61.75170187,0,3.298477086,0.070180364,0.280721454,25.64390484,0,2.737034178,3.972208576,0,0,1.508877816,0.736893817,0,0,77
1995,0.069466153,0,60.01528255,0,9.238998298,2.104824424,0.708554757,24.4416658,0,0.354277378,2.934944948,0,0.13198569,0,0,0,0,75.4
1996,0.124913255,0,60.03122831,0,9.083969466,2.064538515,0.763358779,24.4240111,0,0.423317141,2.938931298,0,0.14573213,0,0,0,0,75.6
2005,13.30700765,0,59.59007146,0,0,0,3.685596089,22.254607,1.147047762,0,0,0,0,0,0.015670051,0,0,88
2006,11.11878887,0,60.63823104,0,0,0,3.800489981,23.35259752,0.986242854,0,0,0,0,0,0.103649727,0,0,88.1
2007,11.69414351,0,60.33914272,0,0,0,3.787093735,22.95807819,1.03626943,0,0.065944418,0,0,0,0.119327995,0,0,88.1
2008,11.18632218,0,60.2822004,0,0,0,3.826230654,22.87157975,0.864397623,0,0.892999015,0,0,0,0.076270378,0,0,88
2009,12.92887553,0,59.62935136,0,0,0,3.931880791,22.13561232,1.076884548,0.194089657,0,0,0,0,0.103305785,0,0,88
2010,14.60447526,0,57.87897888,0,0,0,4.27986133,20.88244564,0.586196029,1.739678538,0,0,0,0,0.028364324,0,0,87
2011,12.14031584,1.042381874,60.02122215,0,0,0,3.383059734,22.33630859,0.97372199,0,0,0,0,0,0.102989826,0,0,87
2012,12.08007291,0,60.1395305,0,0,0,3.689387511,22.29659659,1.09990258,0,0.166556676,0,0,0,0.527953238,0,0,94
2013,9.864767343,0,61.01785322,0,0,0,4.14797151,22.78874212,1.198581783,0,0.674594459,0,0,0,0.307489567,0,0,93.1
2014,0,0,63.52763551,0,0.657213061,0.455904556,11.80023091,22.09952929,0,1.255217739,0.180585571,0,0.023683354,0,0,0,0,103
2015,0,0,61.77988115,0,0,12.08056079,5.216524926,19.07269687,0.056933423,0,0,1.79340284,0,0,0,0,0,100.2
2016,0,0,62.23788012,0,0,9.588025083,7.74728609,17.8612366,0.350616951,0,0,2.214955161,0,0,0,0,0,95.23
2017,3.213174013,0,60.85952405,0,0,8.53834053,8.126652609,17.38461024,0,0,0,1.877698564,0,0,0,0,0,109.2
2018,7.822703904,0,59.05933028,0,0,8.795331388,4.585243852,16.86119216,0,0,0,2.876198416,0,0,0,0,0,107.2
2019,0,0,61.49753212,0,0,12.06637029,6.938075402,17.85626772,0.056008681,0,0,1.585745791,0,0,0,0,0,105.8
2020,0,0,61.28987469,0,0,12.47873928,7.650387032,16.22756777,0.347113749,0,0,2.00631747,0,0,0,0,0,100.8
2021,3.208080551,0,61.30610171,0,0,5.942889814,10.65336848,17.33951656,0,0,0,1.55004288,0,0,0,0,0,114.8
2022,7.75284374,0,58.34908416,0,0,9.914430049,6.818103715,15.35447954,0,0,0,1.811058799,0,0,0,0,0,112.8
2023,3.390287467,0,61.08246554,0,0,8.570080545,6.618811714,17.79058403,0.42462845,0,0,1.796245745,0,0,0.326896505,0,0,98.35
2024,0,0,61.55883993,0,0,11.79587284,7.110987172,19.44715561,0.055772448,0,0,0,0,0,0.031372002,0,0,99.16
2025,0,0,61.33678861,0,0,11.32500926,9.672533908,16.95890688,0.343284084,0,0,0,0,0,0.363477266,0,0,94.16
2026,3.165009424,0,60.50887112,0,0,8.312211607,10.82732177,17.12159615,0,0,0,0,0,0,0.064989927,0,0,108.2
2027,7.696024296,0,57.75124241,0,0,11.3128106,7.778851463,15.15046935,0,0,0,0,0,0,0.310601877,0,0,106.2
2028,0,6.042296073,60.12084592,0,3.021148036,2.416918429,7.250755287,16.6163142,0,3.021148036,1.510574018,0,0,0,0,0,0,72.07
2029,0,8.823529412,60.29411765,0,2.941176471,2.941176471,5.882352941,16.17647059,0,2.941176471,0,0,0,0,0,0,0,65.21
2030,0,11.26760563,60.56338028,0,2.816901408,1.408450704,5.633802817,15.49295775,0,2.816901408,0,0,0,0,0,0,0,58.72
2031,0,13.51351351,60.81081081,0,2.702702703,0,5.405405405,14.86486486,0,2.702702703,0,0,0,0,0,0,0,49.65
2032,0,6.349206349,58.73015873,0,7.936507937,3.174603175,1.587301587,19.04761905,0,3.174603175,0,0,0,0,0,0,0,73.94
2033,1.282051282,3.205128205,59.29487179,0,6.41025641,1.602564103,3.205128205,20.83333333,0,3.205128205,0.961538462,0,0,0,0,0,0,76.71
2034,0,3.205128205,59.29487179,0,7.692307692,1.602564103,3.205128205,20.83333333,0,3.205128205,0.961538462,0,0,0,0,0,0,74
2035,1.290322581,3.225806452,59.67741935,0,7.096774194,1.612903226,3.225806452,20.96774194,0,1.290322581,1.612903226,0,0,0,0,0,0,78.97
2036,1.290322581,3.225806452,59.67741935,0,5.806451613,1.612903226,3.225806452,20.96774194,0,2.580645161,1.612903226,0,0,0,0,0,0,78.28
2037,1.290322581,3.225806452,59.67741935,0,4.516129032,1.612903226,3.225806452,20.96774194,0,3.870967742,1.612903226,0,0,0,0,0,0,77.13
2038,0,0,60.70601252,0,9.438854891,0,0,26.13145248,0,0,3.723680116,0,0,0,0,0,0,71.5
2039,0,6.769230769,64,0,2.769230769,0,0.923076923,25.53846154,0,0,0,0,0,0,0,0,0,63.1
2040,0,0,61.53846154,0,2.006688963,0,8.026755853,20.06688963,0,0,8.361204013,0,0,0,0,0,0,81.4
2041,0,0,60.26343519,0,8.977871444,2.061819459,0.245872849,24.89286969,0,0,3.558131366,0,0,0,0,0,0,73
2042,0,0,63.20983319,0,0,0,0,16.72344162,3.343283582,0,12.04214223,0,0,0,4.681299385,0,0,91
2047,0,37.48194195,59.37048549,0,0,0,0,0,0,0,0,0,0,0,0,0,3.147572561,34.5
2048,0,37.37615606,59.34403901,0,0,0,0,0,0,0,0,0,0,0,0,0,3.279804925,36.2
2049,0,36.92932177,59.23233044,0,0,0,0,0,0,0,0,0,0,0,0,0,3.838347793,44.5
2050,0,36.80945876,59.20236469,0,0,0,0,0,0,0,0,0,0,0,0,0,3.988176546,47.2
2051,0,36.29530079,59.0738252,0,0,0,0,0,0,0,0,0,0,0,0,0,4.630874012,60.4
2052,0,14.28571429,60.57142857,0,0,0,0,17.71428571,0,7.428571429,0,0,0,0,0,0,0,64.6
2053,0,27.18446602,55.09708738,0,0,0,0,3.640776699,0,14.0776699,0,0,0,0,0,0,0,50.4
2054,0,23.66412214,56.74300254,0,0,0,0,7.633587786,0,11.95928753,0,0,0,0,0,0,0,56.3
2055,0,19.78609626,58.55614973,0,0,0,0,12.03208556,0,9.625668449,0,0,0,0,0,0,0,61.9
2056,0,20.58823529,60.29411765,0,0,0,0,10.29411765,0,0,0,0,0,0,0,8.823529412,0,88.7
2057,0,19.6969697,59.84848485,0,0,0,0,9.848484848,0,0,0,0,0,0,0,10.60606061,0,86.4
2058,0,18.75,59.375,0,0,0,0,9.375,0,0,0,0,0,0,0,12.5,0,81.2
2059,0,17.74193548,58.87096774,0,0,0,0,8.870967742,0,0,0,0,0,0,0,14.51612903,0,74.5
2060,0,0,61.36363636,0,9.74025974,0,2.597402597,26.2987013,0,0,0,0,0,0,0,0,0,67.7
2061,0,3.75,60.9375,0,9.375,0,2.5,23.4375,0,0,0,0,0,0,0,0,0,70
2062,0,7.228915663,60.54216867,0,9.036144578,0,2.409638554,20.78313253,0,0,0,0,0,0,0,0,0,71.9
2063,0,10.46511628,60.1744186,0,8.720930233,0,2.325581395,18.31395349,0,0,0,0,0,0,0,0,0,74.9
2064,0,19.79166667,59.11458333,0,7.8125,0,2.083333333,11.19791667,0,0,0,0,0,0,0,0,0,75.2
2065,0,27.69953052,58.21596244,0,7.042253521,0,1.877934272,5.164319249,0,0,0,0,0,0,0,0,0,55.7
2066,0,34.46808511,57.44680851,0,6.382978723,0,1.70212766,0,0,0,0,0,0,0,0,0,0,39
2067,4.580629056,0,61.81665002,0,1.572641038,1.210683974,7.601098352,21.98265102,0,0.205941088,0,1.029705442,0,0,0,0,0,85.2
2068,0,0,61.47328856,0,0,0,15.43533181,15.22891121,0,0,7.862468421,0,0,0,0,0,0,97.5
2069,0,0,61.09023171,0,0,2.036014249,12.45792346,15.95150168,0,0,8.4643289,0,0,0,0,0,0,97.5
2070,0,0,60.79670147,0,0,3.767373811,11.90397021,15.64141784,0,0,7.890536676,0,0,0,0,0,0,98.6
2071,0,0,60.8066001,0,0,5.11295234,7.570285391,17.8280575,0,0,8.682104667,0,0,0,0,0,0,99.3
2072,0,0,60.51653796,0,0,6.101559085,6.11248725,17.97683229,0,0,9.292583418,0,0,0,0,0,0,101
2073,0,0,60.24851845,0,0,8.143758364,3.035748423,18.97916268,0,0,9.592812082,0,0,0,0,0,0,102.1
2074,0,0,60.07505889,0,0,9.797580549,0,20.15011778,0,0,9.977242784,0,0,0,0,0,0,102.7
2075,0,0,59.83767831,0,0,8.836343194,10.05551261,14.64760031,0,0,6.622865575,0,0,0,0,0,0,102
2076,0,0,60.4054246,0,0,7.05055382,8.186594717,16.71755183,0,0,7.639875036,0,0,0,0,0,0,103.3
2077,0,0,60.19557729,0,0,8.734303812,5.526539986,17.62788458,0,0,7.915694336,0,0,0,0,0,0,102.7
2078,0,0,59.95280829,0,0,10.31254835,2.730929909,18.54015163,0,0,8.463561813,0,0,0,0,0,0,104.7
2079,0,0,60.35426619,0,0,7.444471565,9.554029081,15.93151784,0,0,6.715715332,0,0,0,0,0,0,105.2
2080,0,0,60.07623888,0,0,9.032492285,7.239063351,16.53294609,0,0,7.119259394,0,0,0,0,0,0,106.1
2081,0,0,59.91351758,0,0,10.37037037,4.970859184,17.34160556,0,0,7.403647302,0,0,0,0,0,0,106.6
2082,0,0,59.58029912,0,0,12.22300525,2.536997886,17.89209929,0,0,7.767598465,0,0,0,0,0,0,107.2
2083,0,0,59.75019854,0,0,10.56602411,8.302649628,15.34907227,0,0,6.032055447,0,0,0,0,0,0,108.1
2084,0,0,59.68298749,0,0,11.58172167,6.392219459,16.16986525,0,0,6.173206132,0,0,0,0,0,0,108.3
2085,0,0,59.31837459,0,0,13.45516231,4.256303493,16.50859742,0,0,6.461562187,0,0,0,0,0,0,111.4
2086,0,0,59.32136203,0,0,14.38934475,2.077139573,17.60415428,0,0,6.607999366,0,0,0,0,0,0,110.3
2087,0,0,59.4779458,0,0,13.01807964,7.098754021,15.40651459,0,0,4.998705956,0,0,0,0,0,0,111.2
2089,0,0,58.19672131,0,16.39344262,0,1.639344262,23.7704918,0,0,0,0,0,0,0,0,0,68.7
2090,0,0,57.93650794,0,15.87301587,0,4.761904762,21.42857143,0,0,0,0,0,0,0,0,0,65.3
2091,12.9024974,32.25850156,54.83900104,0,0,0,0,0,0,0,0,0,0,0,0,0,0,75
2092,22.30666667,0,55.51333333,0,0,0,0,22.18,0,0,0,0,0,0,0,0,0,73.4
2093,26.75333333,0,53.29,0,0,0,0,19.95666667,0,0,0,0,0,0,0,0,0,76.5
2094,30.86,0,51.23666667,0,0,0,0,17.90333333,0,0,0,0,0,0,0,0,0,76.3
2095,33.4,0,49.96666667,0,0,0,0,16.63333333,0,0,0,0,0,0,0,0,0,75.6
2096,34.66,0,49.33666667,0,0,0,0,16.00333333,0,0,0,0,0,0,0,0,0,81.2
2097,38.18666667,0,47.57333333,0,0,0,0,14.24,0,0,0,0,0,0,0,0,0,78.7
2098,0,0,61.86333333,0,9.606666667,0,0,28.53,0,0,0,0,0,0,0,0,0,61.8
2099,0,0,61.14333333,0,11.04666667,0,0,27.81,0,0,0,0,0,0,0,0,0,59.1
2100,0,0,60.16333333,0,13.00666667,0,0,26.83,0,0,0,0,0,0,0,0,0,56.5
2101,0,0,58.19666667,0,16.94,0,0,24.86333333,0,0,0,0,0,0,0,0,0,56
2102,0,0,55.79333333,0,21.74666667,0,0,22.46,0,0,0,0,0,0,0,0,0,58.8
2103,0,0,53.58,0,26.17333333,0,0,20.24666667,0,0,0,0,0,0,0,0,0,59.1
2104,0,0,63.76666667,0,0,0,0,30.43333333,0,5.8,0,0,0,0,0,0,0,53.1
2105,0,0,63.29333333,0,0,0,0,29.96,0,6.746666667,0,0,0,0,0,0,0,52.2
2106,0,0,63.05666667,0,0,0,0,29.72333333,0,7.22,0,0,0,0,0,0,0,52.4
2107,0,0,62.08333333,0,0,0,0,28.75,0,9.166666667,0,0,0,0,0,0,0,48.5
2108,0,0,60.82333333,0,0,0,0,27.49,0,11.68666667,0,0,0,0,0,0,0,47.3
2109,0,0,58.97,0,0,0,0,25.63666667,0,15.39333333,0,0,0,0,0,0,0,38.8
2110,17.64705882,1.960784314,60.78431373,0,0,0,0,0,19.60784314,0,0,0,0,0,0,0,0,53.1
2111,18,4,60,0,0,0,0,0,18,0,0,0,0,0,0,0,0,58.5
2112,18.36734694,6.12244898,59.18367347,0,0,0,0,0,16.32653061,0,0,0,0,0,0,0,0,65.9
2113,18.75,8.333333333,58.33333333,0,0,0,0,0,14.58333333,0,0,0,0,0,0,0,0,72.1
2114,19.14893617,10.63829787,57.44680851,0,0,0,0,0,12.76595745,0,0,0,0,0,0,0,0,73.8
2115,19.56521739,13.04347826,56.52173913,0,0,0,0,0,10.86956522,0,0,0,0,0,0,0,0,73
2116,0,0,59.64845243,0,9.573765936,2.414284226,0.972661271,23.91009831,0,0.653072567,2.799874944,0,0.027790322,0,0,0,0,73.86
2117,0,0,60.11408816,0,9.05099395,2.1019879,0.8366465,24.67761452,0,0.71218669,2.478824546,0,0.027657736,0,0,0,0,75.9
2118,6.110583768,11.01091599,58.64677266,0,6.258898908,0,0,17.97282867,0,0,0,0,0,0,0,0,0,91.5
2119,5.894082459,10.62107794,58.69450472,0,6.040701425,0,0,17.34209137,0,0,0,0,1.40754208,0,0,0,0,88
2120,5.788737321,10.44654308,58.71808325,0,5.922816836,0,0,17.01352454,0,0,0,0,2.110294975,0,0,0,0,88
2121,5.68115942,10.24347826,58.74202899,0,5.820289855,0,0,16.71304348,0,0,0,0,2.8,0,0,0,0,87
2122,5.47913801,9.869325997,58.79470426,0,5.588033012,0,0,16.10786337,0,0,0,0,4.160935351,0,0,0,0,85
2123,5.270913625,9.504647472,58.83303106,0,5.401269553,0,0,15.50952165,0,0,0,0,5.48061664,0,0,0,0,85.5
2124,5.080468794,9.162788089,58.87680144,0,5.203835586,0,0,14.95261594,0,0,0,0,6.723490159,0,0,0,0,86
2125,5.894082459,10.62107794,58.69450472,0,6.040701425,0,1.40754208,17.34209137,0,0,0,0,0,0,0,0,0,89
2126,5.788737321,10.44654308,58.71808325,0,5.922816836,0,2.110294975,17.01352454,0,0,0,0,0,0,0,0,0,87
2127,5.68115942,10.24347826,58.74202899,0,5.820289855,0,2.8,16.71304348,0,0,0,0,0,0,0,0,0,86
2128,5.47913801,9.869325997,58.79470426,0,5.588033012,0,4.160935351,16.10786337,0,0,0,0,0,0,0,0,0,82
2129,5.270913625,9.504647472,58.83303106,0,5.401269553,0,5.48061664,15.50952165,0,0,0,0,0,0,0,0,0,79.5
2130,5.080468794,9.162788089,58.87680144,0,5.203835586,0,6.723490159,14.95261594,0,0,0,0,0,0,0,0,0,76
2131,0,0,58.92857143,0,0,0,0,23.21428571,0,10.71428571,1.785714286,0,0,0,0,0,5.357142857,59.3
2132,0,0,58.92857143,0,2.142857143,0,0,23.21428571,0,8.571428571,1.785714286,0,0,0,0,0,5.357142857,59.7
2133,14.375,3.125,56.25,0,2.5,0,3.125,18.75,0,1.875,0,0,0,0,0,0,0,84.9
2134,16,11.42857143,54.28571429,0,2.285714286,0,2.857142857,11.42857143,0,1.714285714,0,0,0,0,0,0,0,88.6
2135,14.35823804,20.51689657,53.84595662,0,2.051176863,0,2.563971078,5.125378186,0,1.538382647,0,0,0,0,0,0,0,86.9
2136,14.7428812,15.78504132,53.94494447,0,2.105373967,0,5.263434918,6.579293647,0,1.579030475,0,0,0,0,0,0,0,84.3
2137,14.39809429,16.07113179,54.01916791,0,2.215943715,0,2.215943715,8.032795967,0,1.661957786,0,0,0,0,0,1.384964822,0,89.3
2138,14.40443213,16.06648199,54.0166205,0,2.216066482,0,2.216066482,8.033240997,0,1.662049861,0,0,0,1.385041551,0,0,0,89.2
2139,14.39809429,16.07113179,54.01916791,0,2.215943715,0,2.215943715,8.032795967,0,1.661957786,1.384964822,0,0,0,0,0,0,91.1
2140,14.8637065,15.4237385,53.42591005,0,2.285844905,0,1.714383679,7.714726556,0,1.714383679,0,0,0,0,0,2.857306132,0,86.7
2141,0,7.951070336,62.9969419,0,4.281345566,0.305810398,0.611620795,23.85321101,0,0,0,0,0,0,0,0,0,72
2142,0,0,60.53208802,0,1.733531451,5.557914102,2.639213189,22.33425317,0,3.806693554,1.040118871,0,0,2.161607585,0.180428784,0.014151277,0,79
2143,0,0,60.91336936,0,2.098657835,5.225727732,2.893498344,22.98065191,0,3.458253443,1.084190343,0,0,1.153913195,0.177793272,0.01394457,0,79
2144,0,0,61.12595943,0,0.78810307,4.358552632,4.139254386,22.45065789,0,4.29002193,0.870339912,0,0,1.692708333,0.270696272,0.01370614,0,80
2145,0,0,60.91491942,0,0.727776815,4.380523306,3.326979726,22.56454687,0,4.80332698,0.887194594,0,0,1.878357304,0.367354011,0.149020967,0,79
2146,0,0,61.416589,0,0.724066241,6.118718188,2.372929959,23.05183167,0,2.380098932,1.200802925,0,0,2.573661194,0.14696394,0.014337945,0,80
2147,0,0,60.5719839,0,1.818686658,5.025683743,3.179230876,22.10190199,0,4.442593364,0.402610024,0,0,1.801332778,0.583090379,0.072886297,0,79
2148,0,0,56.3263725,0,8.47976899,0,0,21.11138501,0,8.437511005,5.644962496,0,0,0,0,0,0,71
2149,0,0,56.69366197,0,7.774647887,0.883802817,0.697183099,20.78521127,0,7.718309859,5.447183099,0,0,0,0,0,0,76
2150,0,0,56.68709064,0,7.747024438,0,0.6831467,20.79019649,0,7.768152687,5.444045355,0,0,0,0,0.880343686,0,72
2151,0,0,57.12806228,0,8.606528105,0,0,21.41632741,0,5.71387758,7.135204628,0,0,0,0,0,0,71
2152,0,0,57.04929577,0,7.021126761,0,1.408450704,20.42957746,0,7.049295775,7.042253521,0,0,0,0,0,0,75
2153,0,0,57.147959,0,10.69247527,0,0,19.65286954,0,3.585586229,7.139030749,1.782079211,0,0,0,0,0,73
2154,0,0,57.10655419,0,7.016553136,2.996505841,1.418840222,20.3931811,0,6.762432499,4.305933011,0,0,0,0,0,0,74
2155,0,0,56.9058296,0,6.871334943,0,3.428768541,18.98240773,0,6.898930666,6.912728527,0,0,0,0,0,0,72
2156,0,0,57.04071569,0,7.079459003,1.757537334,1.387714849,20.43181178,0,7.009016624,5.293744717,0,0,0,0,0,0,71
2157,0,0,58.33333333,0,16.66666667,0,0,16.67,0,0,0,6.663333333,0,0,1.666666667,0,0,81.5
2158,0,0,58.33333333,0,16.66666667,0,0,16.67666667,0,0,0,7.33,0,0,0.993333333,0,0,81.6
2159,4.52,0,57.43666667,0,7.486666667,0,0,16.07666667,0,6.453333333,0,7.076666667,0,0,0.95,0,0,76.3
2160,0,0,58.36,0,13.28,0,0,16.68333333,0,3.333333333,0,7.513333333,0,0,0.83,0,0,80.5
2162,0,0,58.33,0,16.67333333,0,0,16.66,0,0,0,5.013333333,0,0,3.323333333,0,0,84.7
2163,10.65832702,0,60.78152641,0,0,0,3.967652262,23.53424311,0.631791761,0,0,0,0,0,0.426459439,0,0,93.3
2164,10.87371232,0,60.86417398,0,0,0,3.001398957,23.36894315,0.807579804,0,0,0,0,0,1.084191784,0,0,95.1
2165,12.98028311,0,59.61830131,0,0,0,3.804347826,22.12462083,0.783619818,0,0.164307381,0,0,0,0.524519717,0,0,91.2
2166,9.859289748,0,60.88829329,0,0,0,4.147921253,23.72291886,0.402029291,0,0.673239526,0,0,0,0.306308031,0,0,92
2167,4.045190756,0,60.16620308,0,0,10.01682635,6.888499708,18.82833694,0.054943168,0,0,0,0,0,0,0,0,98.4
2168,8.446829923,0,58.52398524,0,0,8.366320027,7.098289165,17.24924522,0.315330426,0,0,0,0,0,0,0,0,93.4
2169,3.924963925,0,60.60285394,0,0,6.936026936,10.73593074,17.80022447,0,0,0,0,0,0,0,0,0,107.4
2170,7.612528521,0,58.70497131,0,0,9.548503077,5.835580447,18.29841665,0,0,0,0,0,0,0,0,0,105.4
2171,7.754846779,0,59.36210131,0,0,4.790494059,10.98186366,15.41901188,0,0,0,1.691682301,0,0,0,0,0,111.1
2172,7.763644339,0,59.38655304,0,0,4.793533429,10.80268187,15.43956388,0,0,0,1.814023435,0,0,0,0,0,118.7
2173,7.781342392,0,59.43259735,0,0,4.805938227,10.4485123,15.4714726,0,0,0,2.060137133,0,0,0,0,0,130.9
2174,7.790243288,0,59.45733014,0,0,4.809025589,10.26723812,15.49224757,0,0,0,2.183915291,0,0,0,0,0,137
2175,7.750111444,0,59.17340636,0,0,5.744125326,10.22097688,15.42062026,0,0,0,1.690759727,0,0,0,0,0,113
2176,2.691459187,0,61.4182162,0,0,5.988023952,11.44027734,16.57421998,0,0,0,1.887803341,0,0,0,0,0,124.1
2177,2.697337325,0,61.40538837,0,0,6.002835986,11.46998582,16.2785568,0,0,0,2.145895699,0,0,0,0,0,134.4
2178,2.703383956,0,61.3964333,0,0,6.011720965,11.48780642,16.12577982,0,0,0,2.274875544,0,0,0,0,0,139.3
2179,2.688154919,0,61.09182406,0,0,6.97837373,11.42784342,16.05248909,0,0,0,1.761314775,0,0,0,0,0,114.9
2180,2.693473751,0,61.11696186,0,0,6.985798628,11.24621031,16.06829424,0,0,0,1.88926121,0,0,0,0,0,122.8
2181,0.136198032,0,61.81688175,0,0,10.27954646,8.131022507,16.55146583,0,0,0,3.084885423,0,0,0,0,0,148
2182,0.274174134,0,61.9600107,0,0,9.241674468,8.934064464,16.53403772,0,0,0,3.056038518,0,0,0,0,0,145
2183,0.695786625,0,61.05703342,0,0,12.3308852,6.90866922,15.50760797,0,0,0,3.50001757,0,0,0,0,0,151
2184,1.10138379,0,60.71731149,0,0,12.76475572,6.862468229,15.41231291,0,0,0,3.141767862,0,0,0,0,0,148
2185,1.376486782,0,60.59365404,0,0,12.73073801,6.847139378,15.36723961,0,0,0,3.084742173,0,0,0,0,0,150
2186,2.069569907,0,61.21747337,0,0,9.201833625,8.082782796,15.43076716,0,0,0,3.997573143,0,0,0,0,0,152
2187,2.431650466,0,60.73274601,0,0,8.611553591,11.08546536,15.11654368,0,0,0,2.022040896,0,0,0,0,0,135
2188,2.71063479,0,60.1088211,0,0,10.04781533,11.11953833,13.47732894,0,0,0,2.5358615,0,0,0,0,0,141
2189,2.966523605,0,59.44034335,0,0,12.48755365,9.483261803,13.40429185,0,0,0,2.218025751,0,0,0,0,0,138
2190,3.255231622,0,59.22017528,0,0,14.07619388,6.760865677,13.48953676,0,0,0,3.197996781,0,0,0,0,0,154
2191,7.949851439,0,57.26864266,0,0,13.747373,5.043843757,11.529821,0,0,0,4.46046815,0,0,0,0,0,137.9
2192,7.946589679,0,57.31865752,0,0,13.50415013,5.239985565,11.53013353,0,0,0,4.46048358,0,0,0,0,0,137.3
2193,7.950256982,0,57.36620781,0,0,13.25881465,5.434352874,11.53002911,0,0,0,4.460338569,0,0,0,0,0,136.6
2194,7.953894616,0,57.41337342,0,0,13.01546392,5.627147766,11.52992554,0,0,0,4.460194731,0,0,0,0,0,136
2195,7.949522316,0,57.4647084,0,0,12.76914302,5.824896621,11.53215457,0,0,0,4.459575075,0,0,0,0,0,135.3
2196,7.952003976,0,57.51357876,0,0,12.52085626,6.02080301,11.53040577,0,0,0,4.462352231,0,0,0,0,0,134.7
2197,7.949102867,0,57.75966831,0,0,12.27392952,5.046822503,12.50982915,0,0,0,4.460647652,0,0,0,0,0,142.7
2198,7.940924658,0,57.73758562,0,0,12.25742009,5.236872146,12.49643265,0,0,0,4.33076484,0,0,0,0,0,142.7
2199,7.926503579,0,57.7181925,0,0,12.24584268,5.419648898,12.48798205,0,0,0,4.201830289,0,0,0,0,0,142.7
2200,7.918399261,0,57.69627181,0,0,12.22944877,5.608273803,12.47467747,0,0,0,4.072928884,0,0,0,0,0,142.7
2201,0,0,59.56898571,0,6.692768464,1.683231269,4.363685038,21.74145835,0,2.877890439,2.908007897,0,0,0.163972827,0,0,0,75
2202,0,0,59.67466613,0,6.687418416,1.017505104,4.364561368,21.83954212,0,2.657562674,2.925327175,0,0,0.83341701,0,0,0,77
2203,0,0,59.68136024,0,6.667336078,1.673528132,4.344479031,21.86631857,0,2.684339124,3.082638819,0,0,0,0,0,0,76
2204,0,0,59.73804846,0,9.351669941,1.683038638,5.684348396,21.26064178,0,0,2.23313687,0,0,0,0.049115914,0,0,76
2205,0,0,60.57766324,0,6.686970782,1.060945815,4.357575555,22.57773018,0,0.863482714,2.854847886,0,0,0.846748552,0.174035276,0,0,77
2206,0,0,60.04845026,0,9.245370678,1.636025752,4.287515763,22.40990244,0,0,2.206809584,0,0,0,0.165925533,0,0,76
2207,0,0,60.06371752,0,9.225765772,1.632761424,4.274383566,22.34427372,0,0,2.200245578,0.258852421,0,0,0,0,0,76
2208,0,0,60.50729487,0,6.705929594,1.683174943,4.363539018,22.68103333,0,0.990496587,2.22861732,0,0,0.839914335,0,0,0,77
2209,0,0,60.52349712,0,6.674253581,2.353059312,4.351318784,22.70049538,0,0.984067479,1.579863436,0,0,0.833444906,0,0,0,77
2210,0,0,59.65329139,0,6.726682507,1.653224457,4.34389746,21.8433118,0,2.690673003,2.258960543,0,0,0.829958837,0,0,0,75
2211,0,0,57.78073975,0,0,0,17.79406864,6.664445185,0,0,17.76074642,0,0,0,0,0,0,98.02
2212,0,0,57.72870662,0,0,0,21.4511041,4.731861199,0,0,16.08832808,0,0,0,0,0,0,107.1
2213,0,0,57.21907302,0,0,0,18.87295765,5.001667222,0,0,18.9063021,0,0,0,0,0,0,110.2
2214,0,0,57.05563094,0,0,0,18.04613297,5.088195387,0,0,19.81004071,0,0,0,0,0,0,106.1
2215,0,0,56.11462846,0,0,0,21.12629124,1.666111296,0,0,21.09296901,0,0,0,0,0,0,99.81
2223,0,0,58.80473923,0,5.279358811,0.871181322,13.75304913,13.7501452,0,5.279358811,0,1.971773725,0,0,0.290393774,0,0,89
2224,0,0,58.7637841,0,4.875217644,1.741149158,14.68369124,12.79744631,0,4.875217644,0,1.97330238,0,0,0.290191526,0,0,96
2225,0,0,58.74038601,0,2.43796256,1.738499492,14.66840807,12.78769409,0,7.366129734,0,1.970686403,0,0,0.290233638,0,0,97
2226,0,0.405327157,58.85929357,0,5.616676317,0,12.7388535,14.50492183,0,5.616676317,0,1.968731905,0,0,0.289519398,0,0,89
2227,0,0,58.53934212,0,2.608317635,1.475148529,14.53122736,12.94305173,0,7.819156644,0,1.822924214,0,0,0.260831764,0,0,96
2228,0,0,58.3871809,0,2.775926516,1.156153111,14.2273478,12.95528962,0,8.269827012,0,1.938512358,0,0,0.289762684,0,0,94
2229,0,0,50,0,33.33333333,0,0,16.66666667,0,0,0,0,0,0,0,0,0,46
2230,3.610628747,0,59.46069919,0,0.589757872,8.52855411,11.3495626,13.54477245,0,0,1.081222765,0.655286524,0,0.032764326,1.146751417,0,0,113
2231,5.811296115,0,58.50473392,0,0.32647731,7.541625857,11.55729677,12.50408097,0,0,1.305909239,0.979431929,0,0.65295462,0.816193275,0,0,112
2232,4.692663582,0,59.1870456,0,0.859220093,6.87376074,9.980171844,13.74752148,0,0,1.817580965,1.288830139,0,0.429610046,1.123595506,0,0,111
2233,6.128187105,0,58.56923765,0,0.639018468,7.438174963,12.19247236,12.6365902,0,0,0.351460157,1.214135089,0,0.255607387,0.575116621,0,0,110
2234,3.720413234,0,59.17680136,0,1.111547012,7.414672421,11.42931869,13.15875507,0,0,1.6019354,1.209624689,0,0.490388388,0.686543743,0,0,110
2235,0,34.66898955,56.55487805,0,8.667247387,0,0,0,0,0,0,0.108885017,0,0,0,0,0,52.18
2236,0,34.55782907,56.58784521,0,8.638366563,0,0,0,0,0,0,0.215959164,0,0,0,0,0,49
2237,0,34.44628966,56.62092474,0,8.609387291,0,0,0,0,0,0,0.323398304,0,0,0,0,0,51.2
2238,0,34.33436939,56.65192838,0,8.584686775,0,0,0,0,0,0,0.429015453,0,0,0,0,0,58.53
2239,0,34.22495067,56.68493751,0,8.555141416,0,0,0,0,0,0,0.534970401,0,0,0,0,0,52.84
2240,0,0,58.85991404,0,8.531769079,0,12.88186781,14.67650134,0,2.78778023,0,1.971773725,0,0,0.290393774,0,0,88
2241,0,0,58.85991404,0,2.845858985,0,12.88186781,14.67650134,0,8.473690324,0,1.971773725,0,0,0.290393774,0,0,88
2242,0,0,58.74444704,0,3.61819032,0.876782792,13.19850362,13.98468553,0,7.242225859,0,2.335164835,0,0,0,0,0,92
2243,0,0,58.47607797,0,3.603071471,0.886001181,13.17188423,13.40815121,0,7.206142942,0,2.362669817,0,0,0,0.886001181,0,94
2244,0,18.82550584,58.82352941,0,0,0,14.11665884,0,0,0,7.058329422,1.17597648,0,0,0,0,0,98.5
2245,0,18.18454539,59.09102272,0,0,0,13.63465913,0,0,0,6.817329567,2.272443189,0,0,0,0,0,100.9
2246,0,17.5811955,59.34032605,0,0,0,13.18842411,0,0,0,6.594212056,3.295842285,0,0,0,0,0,101.9
2247,0,17.01986417,59.57463106,0,0,0,12.76617474,0,0,0,6.383087372,4.256242659,0,0,0,0,0,112.4
2248,0,0,60.86956522,0,10.03344482,0,1.337792642,26.08695652,0,0,1.672240803,0,0,0,0,0,0,68.5
2249,0,0,60.86956522,0,10.03344482,0.836120401,1.337792642,26.08695652,0,0,0.836120401,0,0,0,0,0,0,68.3
2250,0,0,60.86956522,0,10.03344482,1.672240803,1.337792642,26.08695652,0,0,0,0,0,0,0,0,0,66.6
2251,0,0,60.06711409,0,11.40939597,2.013422819,1.342281879,25.16778523,0,0,0,0,0,0,0,0,0,66
2252,0,0,60.32258065,0,10.96774194,0.64516129,3.870967742,24.19354839,0,0,0,0,0,0,0,0,0,67.3
2253,0,0,61.00840336,0,8.739495798,1.344537815,1.344537815,26.05042017,0,0.672268908,0.840336134,0,0,0,0,0,0,69
2254,0,0,60.81081081,0,8.783783784,1.351351351,1.351351351,25.67567568,0,0.675675676,1.351351351,0,0,0,0,0,0,69.7
2255,0,0,61.2244898,0,9.523809524,2.040816327,0,27.21088435,0,0,0,0,0,0,0,0,0,65.6
2256,0,0,60.68965517,0,9.655172414,3.448275862,0,26.20689655,0,0,0,0,0,0,0,0,0,67.5
2257,0,0,60.13986014,0,9.79020979,4.895104895,0,25.17482517,0,0,0,0,0,0,0,0,0,70.2
2258,0,0,56.84931507,0,13.69863014,0,17.80821918,11.64383562,0,0,0,0,0,0,0,0,0,76.72
2259,0,0,56.75675676,0,13.51351351,0,18.91891892,10.81081081,0,0,0,0,0,0,0,0,0,78.51
2260,0,0,60.24660912,0,9.047031883,2.085608596,0,25.01673419,0,0,3.604016206,0,0,0,0,0,0,72
2261,0,0,57.76666667,0,17.8,0,0,24.43333333,0,0,0,0,0,0,0,0,0,61
2262,0,0,58.01158301,0,16.15186615,0,3.474903475,22.36164736,0,0,0,0,0,0,0,0,0,65
2263,0,0,58.29694323,0,14.59762944,0,6.425452277,20.67997505,0,0,0,0,0,0,0,0,0,67
2264,0,0,58.03625378,0,14.13897281,0,9.365558912,18.4592145,0,0,0,0,0,0,0,0,0,72
2265,0,0,57.19719134,0,14.86249269,0,12.2293739,15.71094207,0,0,0,0,0,0,0,0,0,73
2266,0,0,56.98403649,0,14.5381984,0,14.48118586,13.99657925,0,0,0,0,0,0,0,0,0,76
2267,0,0,56.97222222,0,13.83333333,0,16.66666667,12.52777778,0,0,0,0,0,0,0,0,0,80
2268,0,0,56.64822221,0,14.09631293,0,17.82172794,11.43373692,0,0,0,0,0,0,0,0,0,83
2269,0,0,60.24515313,0,8.984265243,2.068699073,0.280977803,24.84194999,0,0,3.578954763,0,0,0,0,0,0,72
2270,0,0,61.48700625,0,8.782902438,1.35121576,1.35121576,26.68985585,0,0,0.33780394,0,0,0,0,0,0,69
2271,2.916512309,2.983868252,61.08173644,0,3.744990402,1.663691779,0.835213687,23.58468326,0,0,3.189303876,0,0,0,0,0,0,83
2272,0,0,60,0,0,0,11.15318417,14.42340792,0,0,14.42340792,0,0,0,0,0,0,98
2273,0,0,60.69762656,0,8.018932638,0.037728083,0.692824804,25.70654411,0,1.296474139,3.549869667,0,0,0,0,0,0,67.5
2274,0,0,60.49867411,0,6.763784137,0.041326583,0.688776389,25.37107828,0,2.672452388,3.963908117,0,0,0,0,0,0,68
2275,0,0,60.53022196,0,5.336739273,0.041423591,0.718008906,25.29255411,0,3.845490007,4.235562153,0,0,0,0,0,0,68
2276,0,0,59.88551605,0,0.034692108,0.034692108,0.083261058,25.11014744,0,10.72679965,4.124891587,0,0,0,0,0,0,63
2277,0,0,64.33333333,0,4.666666667,0,0,31,0,0,0,0,0,0,0,0,0,63.97
2278,0,0,67.34480619,0,0,0,6.129379878,0,22.4439147,4.081899226,0,0,0,0,0,0,0,68
2279,0,0,67.4414522,0,0,0,5.895158176,2.552578912,20.71907588,3.391734841,0,0,0,0,0,0,0,68
2280,0,0,67.46867259,0,0,0,5.675360629,3.89589101,19.84190587,3.118169897,0,0,0,0,0,0,0,68
2281,0,0,67.55406108,0,0,0,5.424686037,4.709444899,19.42111912,2.890688861,0,0,0,0,0,0,0,68
2282,0,0,67.36609931,0,0,0,5.808869457,6.4042005,17.81698938,2.603841349,0,0,0,0,0,0,0,67
2283,0,0,67.44569318,0,0,0,5.317501291,7.158174814,17.55688813,2.521742584,0,0,0,0,0,0,0,67
2284,0,0,60.84113247,0,0,0,6.496456122,0,17.38262129,15.27979011,0,0,0,0,0,0,0,64.778
2285,0,0,61.83074266,0,0,10.3626943,7.25388601,15.88946459,0,0,0,3.454231434,0,0.518134715,0.690846287,0,0,152
2286,0,6.060606061,59.09090909,0,3.03030303,3.03030303,9.090909091,13.63636364,0,3.03030303,3.03030303,0,0,0,0,0,0,87.97
2287,0,0,66.66666667,0,0,5.555555556,0,0,22.22222222,0,2.777777778,0,0,0,0,2.777777778,0,59
2288,0,0,60.17831102,0,9.174068673,1.140129922,4.096513324,22.42807901,0,0.08617261,2.306774493,0,0,0.079543948,0.510407,0,0,77
2289,0,0,59.68012637,0,9.773916477,2.231217297,4.962648501,21.03531115,0,0.085562905,1.194589792,0.263270478,0,0.263270478,0.51008655,0,0,78
2290,0,0,59.86112482,0,8.701089282,1.454569388,4.962648501,21.38743542,0,0.796393194,2.234508178,0.263270478,0,0,0.33896074,0,0,78
2291,0,0,59.7878718,0,8.74864126,1.933528772,4.993576864,21.51256629,0,0.803715537,1.39003261,0,0,0.487499588,0.342567278,0,0,80
2292,0,0,59.85110343,0,9.638394044,1.492289285,4.187716033,22.09186387,0,0,2.402951343,0,0,0,0.335681999,0,0,77
2293,0,0,59.98870957,0,9.311283788,1.51756658,4.297004715,21.64773859,0,0,2.400876669,0,0,0,0.836820084,0,0,79
2294,0,4.629572702,63.57516139,0,0,0.700891485,6.719950815,21.46633876,0,0,2.228711958,0,0.018444513,0.660928374,0,0,0,75
2295,0,4.730398219,63.21419738,0,0,1.586074697,6.987385605,20.56022755,0,0,1.323274796,0,0.018550581,1.567524116,0,0.012367054,0,76
2296,0,5.254568956,63.42066934,0,0,0.422078298,6.722667383,20.85005621,0,0,1.630200962,0,0.005328586,0.391492914,0,1.302937355,0,70
2297,0,0,61.74096174,0,3.299403299,0.07020007,0.280800281,25.62302562,0,2.737802738,3.966303966,0,0,1.544401544,0.737100737,0,0,77
2298,0,0,60.41374474,0,8.835904628,2.13884993,0.210378682,25.14025245,0,0,3.260869565,0,0,0,0,0,0,73
2299,0,6.094617427,63.51677528,0,0,0,6.529085204,20.72169925,0,0,2.893434709,0,0,0.184045378,0,0.060342747,0,69
2300,0,0,57.77070284,0,13.44084161,0,0,19.55220265,1.806415891,0,7.429837007,0,0,0,0,0,0,75.9
2301,0,1.703800786,66.22214941,0,0.321100917,0,0,31.75294889,0,0,0,0,0,0,0,0,0,66
2302,0,7.606645165,63.07734437,0,4.271891925,0,1.113612852,23.93050569,0,0,0,0,0,0,0,0,0,63
2303,0,0,66.1902971,0,0,0,2.681237971,0,20.69331682,0,0,0,0,0,0,10.43514811,0,54.5
2306,2.325581395,34.88372093,58.13953488,0,0,0,0,0,0,0,0,0,0,0,0,0,4.651162791,56.72
2307,4.761904762,33.33333333,57.14285714,0,0,0,0,0,0,0,0,0,0,0,0,0,4.761904762,67.59
2308,6.593406593,35.16483516,57.14285714,0,0,0,0,0,0,0,0,0,0,0,0,0,1.098901099,54.59
2309,6.818181818,34.09090909,56.81818182,0,0,0,0,0,0,0,0,0,0,0,0,0,2.272727273,66.75
2310,7.058823529,32.94117647,56.47058824,0,0,0,0,0,0,0,0,0,0,0,0,0,3.529411765,72.79
2311,2.597402597,31.16883117,57.14285714,0,0,0,0,0,0,0,0,0,0,0,0,0,9.090909091,71.76
2312,5.128205128,30.76923077,56.41025641,0,0,0,0,0,0,0,0,0,0,0,0,0,7.692307692,79.2
2313,7.594936709,30.37974684,55.69620253,0,0,0,0,0,0,0,0,0,0,0,0,0,6.329113924,82.85
2314,14.63414634,29.26829268,53.65853659,0,0,0,0,0,0,0,0,0,0,0,0,0,2.43902439,63.08
2319,5.042016807,36.97478992,57.98319328,0,0,0,0,0,0,0,0,0,0,0,0,0,0,40
2320,5.93220339,36.44067797,57.62711864,0,0,0,0,0,0,0,0,0,0,0,0,0,0,45
2321,6.837606838,35.8974359,57.26495726,0,0,0,0,0,0,0,0,0,0,0,0,0,0,49
2322,7.75862069,35.34482759,56.89655172,0,0,0,0,0,0,0,0,0,0,0,0,0,0,53
2323,9.649122807,34.21052632,56.14035088,0,0,0,0,0,0,0,0,0,0,0,0,0,0,63
2324,10.61946903,33.62831858,55.75221239,0,0,0,0,0,0,0,0,0,0,0,0,0,0,69
2325,11.60714286,33.03571429,55.35714286,0,0,0,0,0,0,0,0,0,0,0,0,0,0,74
2326,12.61261261,32.43243243,54.95495495,0,0,0,0,0,0,0,0,0,0,0,0,0,0,79
2327,0,21.26004667,58.02437127,0,0,0,10.83743842,0,0,0,9.878143635,0,0,0,0,0,0,112.6
2328,0,21.05810477,58.10737034,0,0,0,10.73183413,0,0,0,9.782919537,0.319771221,0,0,0,0,0,108.7
2329,0,20.2669329,58.42835374,0,0,0,10.33051337,0,0,0,9.416215648,1.557984341,0,0,0,0,0,90.1
2330,0,0,60.34482759,0,10.34482759,3.448275862,0,25.86206897,0,0,0,0,0,0,0,0,0,67
2331,0,0,60.34482759,0,10.34482759,1.724137931,0,25.86206897,0,0,1.724137931,0,0,0,0,0,0,70
2332,0,0,58.92857143,0,10.71428571,7.142857143,0,23.21428571,0,0,0,0,0,0,0,0,0,73
2333,0,0,58.92857143,0,10.71428571,3.571428571,0,23.21428571,0,0,3.571428571,0,0,0,0,0,0,76
2334,0,0,60.24604569,0,8.998242531,2.073813708,0.210896309,24.8857645,0,0,3.585237258,0,0,0,0,0,0,72
2335,0,0,62.26415094,0,0,0,0,11.32075472,0,0,3.396226415,13.20754717,0,3.396226415,0,6.41509434,0,101
2336,0,0,62.96296296,0,0,0,0,12.96296296,0,0,2.777777778,12.96296296,0,2.777777778,0,5.555555556,0,103
2337,0,0,62.26415094,0,0,0,0,13.20754717,0,0,3.396226415,11.32075472,0,3.396226415,0,6.41509434,0,98
2338,0,0,62.96296296,0,0,0,0,14.81481481,0,0,2.777777778,11.11111111,0,2.777777778,0,5.555555556,0,100
2339,0,0,62.96296296,0,0,0,0,12.03703704,0,0,2.777777778,13.88888889,0,6.481481481,0,1.851851852,0,109
2340,0,0,62.96296296,0,0,0,0,12.03703704,0,0,5.555555556,13.88888889,0,0,0,5.555555556,0,106
2341,0,0,62.72727273,0,0,0,1.818181818,10.90909091,0,0,2.727272727,13.63636364,0,6.363636364,0,1.818181818,0,108
2342,0,0,63.099631,0,0,0,0,12.73062731,0,0,4.243542435,13.46863469,0,2.767527675,0,3.6900369,0,107
2343,0,0,60.59213708,0,2.798314102,2.69121813,2.086644096,23.62329856,0,4.836592275,2.825951772,0,0,0.210737235,0.335106751,0,0,75
2344,0,0,60.40806412,0,2.789826156,3.004962004,2.123599015,23.40816822,0,4.871785975,3.008431937,0,0,0.208195982,0.176966585,0,0,75
2345,0,0,60.35387771,0,2.774011889,3.361490597,2.106580457,23.31143324,0,4.887544756,3.031251086,0,0,0,0.173810269,0,0,75
2346,0,0,61.08125087,0,1.905626134,2.1150356,1.158732375,24.69984643,0,4.969984643,3.430825073,0,0,0.317604356,0.321094513,0,0,74
2347,0,0,60.50545783,0,2.655913231,3.173885837,1.786831676,23.70854481,0,5.019815059,2.708058124,0,0,0.125147744,0.246819162,0.069526524,0,74
2348,0,0,60.53861718,0,2.811693295,3.027977395,1.6256192,23.63775902,0,4.716388753,3.108211819,0,0,0,0.390706761,0.143026582,0,75
2349,0.692041522,0,60.89965398,0,4.498269896,0,2.76816609,22.14532872,0,1.038062284,5.53633218,0,0,0,1.384083045,1.038062284,0,85.75
2350,1.384083045,0,60.89965398,0,3.806228374,0,2.76816609,22.14532872,0,1.038062284,5.53633218,0,0,0,1.384083045,1.038062284,0,86.87
2351,1.384083045,0,60.89965398,0,2.422145329,0,2.76816609,22.14532872,0,2.422145329,5.53633218,0,0,0,1.384083045,1.038062284,0,85.61
2352,1.369863014,0,60.95890411,0,3.767123288,0,3.424657534,21.91780822,0,1.02739726,5.136986301,0,0,0,1.369863014,1.02739726,0,86.9
2353,1.365187713,0,60.75085324,0,4.436860068,0,3.412969283,21.84300341,0,1.023890785,4.778156997,0,0,0,1.365187713,1.023890785,0,86.51
2354,1.360544218,0,60.54421769,0,5.102040816,0,3.401360544,21.76870748,0,1.020408163,4.421768707,0,0,0,1.360544218,1.020408163,0,85.61
2355,3.367003367,0,59.93265993,0,5.050505051,0,3.367003367,21.54882155,0,1.01010101,3.367003367,0,0,0,1.346801347,1.01010101,0,86.56
2356,3.395585739,0,60.44142615,0,3.395585739,0,3.395585739,21.73174873,0,1.018675722,4.244482173,0,0,0,1.358234295,1.018675722,0,88.22
2357,3.401360544,0,60.54421769,0,4.081632653,0,3.401360544,21.76870748,0,0,4.421768707,0,0,0,1.360544218,1.020408163,0,88.99
2358,2.739726027,0,60.95890411,0,3.424657534,0,3.424657534,21.91780822,0,0,5.136986301,0,0,0,1.369863014,1.02739726,0,89.6
2359,0,5.047318612,62.46056782,0,0,2.208201893,6.940063091,18.92744479,0,0,3.312302839,0,0,1.104100946,0,0,0,82
2360,9.523809524,0,58.84353741,0,1.360544218,2.040816327,3.401360544,19.3877551,0,0,3.401360544,0.340136054,0,0,1.700680272,0,0,99.97
2361,9.589041096,0,58.90410959,0,1.369863014,2.054794521,2.739726027,19.8630137,0,0,3.424657534,0.342465753,0,0,1.712328767,0,0,99.49
2362,9.556313993,0,59.0443686,0,1.365187713,1.706484642,2.730375427,19.79522184,0,0,3.412969283,0.682593857,0,0,1.706484642,0,0,99.72
2363,10.20408163,0,58.84353741,0,1.360544218,2.040816327,2.721088435,19.72789116,0,0,2.721088435,0.680272109,0,0,1.700680272,0,0,99.68
2364,10.1010101,0,58.92255892,0,1.346801347,1.683501684,3.367003367,19.52861953,0,0,2.693602694,0.673400673,0,0,1.683501684,0,0,99.07
2365,10.13513514,0,58.78378378,0,1.351351351,2.027027027,3.378378378,19.59459459,0,0,2.702702703,0.337837838,0,0,1.689189189,0,0,99.05
2366,10.1010101,0,58.92255892,0,1.346801347,2.02020202,3.367003367,19.52861953,0,0,2.356902357,0.673400673,0,0,1.683501684,0,0,99.08
2367,10.23890785,0,58.70307167,0,1.365187713,0.682593857,2.730375427,19.45392491,0,0,4.436860068,1.023890785,0,0,1.365187713,0,0,99.4
2368,9.556313993,0,58.70307167,0,1.365187713,0.682593857,3.412969283,19.11262799,0,0,5.119453925,0.682593857,0,0,1.365187713,0,0,99.53
2369,9.621993127,0,58.7628866,0,1.374570447,0.687285223,2.749140893,19.58762887,0,0,5.154639175,0.687285223,0,0,1.374570447,0,0,99.11
2370,0,0,56.05095541,0,0,0,24.20382166,0,0,0,19.74522293,0,0,0,0,0,0,107.48
2371,0,0,61.03909717,0,1.760944761,2.162747633,1.194926802,24.76503267,0,5.087173754,3.535865274,0,0,0.314454422,0.139757521,0,0,74
2372,0,0,60.72926162,0,2.122151322,8.433910665,0.247948952,23.62078396,0,3.245214221,0.835004558,0,0,0.368277119,0.397447584,0,0,77
2373,0,0,60.03589274,0,2.843268351,5.911746076,0.506721092,23.90386375,0,6.200295587,0.077415722,0,0,0.084453515,0.436343163,0,0,72
2374,0,0,60.07207079,0,4.281432853,6.800342515,0.670757814,23.13044099,0,3.546453546,0.649350649,0,0,0.103467961,0.592264878,0.153418011,0,75
2375,0,0,60.24444366,0,2.845972315,5.448909866,0.507202987,24.0780529,0,5.713078088,0.538903174,0,0,0.186678877,0.436758128,0,0,73
2376,0,0,61.03187919,0,1.062639821,2.184703579,1.167505593,24.60500559,0,5.795581655,3.530480984,0,0,0.318092841,0.304110738,0,0,74
2377,0,0,56.02790117,0,0,2.429205997,18.53831205,2.786646308,0,0,20.21793448,0,0,0,0,0,0,110
2378,0,0,58.58777334,0,0,2.28488254,15.12422991,9.613431724,0,0,14.38968249,0,0,0,0,0,0,80
2379,0,0,58.91034483,0,0,2.282758621,13.2137931,11.2137931,0,0,14.37931034,0,0,0,0,0,0,87
2380,0,0,59.23936614,0,0,2.258548791,14.79899917,11.07923269,0,0,12.62385321,0,0,0,0,0,0,94
2381,0,0,59.36464088,0,0,2.268646409,12.20994475,12.62430939,0,0,13.53245856,0,0,0,0,0,0,100
2382,0,0,59.94476092,0,0,2.250992577,11.0616261,14.35870879,0,0,12.38391162,0,0,0,0,0,0,101
2383,0,0,61.30136986,0,2.739726027,0,2.739726027,21.57534247,0,3.424657534,4.452054795,1.369863014,0,0,1.369863014,1.02739726,0,82.7
2384,0,0,60.95890411,0,3.424657534,0,2.739726027,21.57534247,0,3.424657534,4.452054795,1.02739726,0,0,1.369863014,1.02739726,0,82.3
2385,0,0,61.01694915,0,3.389830508,0,3.389830508,21.3559322,0,3.389830508,4.06779661,1.016949153,0,0,1.355932203,1.016949153,0,82.3
2386,0,0,60.88435374,0,2.721088435,0,3.401360544,22.10884354,0,4.081632653,4.421768707,0,0,0,1.360544218,1.020408163,0,81.5
2387,0,0,60.88435374,0,2.721088435,0,3.401360544,22.10884354,0,4.081632653,4.081632653,0,0,0,1.360544218,1.360544218,0,79.9
2393,0,36.70886076,57.80590717,0,5.485232068,0,0,0,0,0,0,0,0,0,0,0,0,38
2394,0,35.06493506,56.70995671,0,8.225108225,0,0,0,0,0,0,0,0,0,0,0,0,44
2395,0,34.49781659,56.33187773,0,9.170305677,0,0,0,0,0,0,0,0,0,0,0,0,47
2396,0,33.92070485,55.94713656,0,10.13215859,0,0,0,0,0,0,0,0,0,0,0,0,50
2397,0,32.73542601,55.15695067,0,12.10762332,0,0,0,0,0,0,0,0,0,0,0,0,57
2398,0,32.12669683,54.75113122,0,13.12217195,0,0,0,0,0,0,0,0,0,0,0,0,60
2399,0,31.50684932,54.33789954,0,14.15525114,0,0,0,0,0,0,0,0,0,0,0,0,61
2400,0,0,54.92693281,0,21.86300923,0,0,0,13.85691349,0,9.353144474,0,0,0,0,0,0,50.9
2401,0,0,55.09004842,0,21.53544807,0,0,0,13.87453071,0,9.363947984,0.136024811,0,0,0,0,0,50.75
2402,0,0,55.25578612,0,21.20264353,0,0,0,13.8921374,0,9.37474503,0.274687916,0,0,0,0,0,51.2
2403,0,0,55.41385686,0,20.88318469,0,0,0,13.90580814,0,9.38655645,0.410593866,0,0,0,0,0,51.55
2404,0,0,55.57941664,0,20.55073803,0,0,0,13.92339685,0,9.397341452,0.549107022,0,0,0,0,0,51.8
2405,0,0,55.74487744,0,20.21849014,0,0,0,13.94097505,0,9.408120007,0.687537366,0,0,0,0,0,52.2
2406,0,0,68.85245902,0,0,1.639344262,6.557377049,0,22.95081967,0,0,0,0,0,0,0,0,81
2407,0,0,68.85245902,0,0,0,6.557377049,0,22.95081967,0,1.639344262,0,0,0,0,0,0,77
2408,0,0,68.85245902,0,0,0,6.557377049,0,22.95081967,0,0,0,0,0,0,1.639344262,0,76
2409,0,0,69.23076923,0,0,0,7.692307692,0,23.07692308,0,0,0,0,0,0,0,0,90
2410,0,0,62.11672318,0,2.512939497,2.502230948,0.406924862,25.2900232,0,1.456362663,2.859182581,0,0,1.459932179,0.724611815,0.67106907,0,80
2411,0,0,62.01176721,0,2.51648118,2.112426455,1.112922663,24.74657971,0,1.460267952,2.484582122,0,0,1.460267952,0.708867938,1.385836819,0,80
2412,0,0,61.81929358,0,2.532191929,2.190489893,0.431623624,24.70325876,0,1.460326595,2.532191929,0,0,1.489101503,0.715775843,2.125746349,0,80
2413,0,0,61.86681844,0,2.532726238,2.123648264,1.124075128,24.80435401,0,1.465566306,2.50426864,0,0,1.472680706,0.366391577,1.739470689,0,79
2414,0,0,62.22617354,0,2.169274538,2.144381223,1.13086771,24.81152205,0,1.123755334,2.478662873,0,0,1.458036984,0.721906117,1.73541963,0,80
2415,0,0,62.24298391,0,1.464540798,3.037298896,0.223649087,25.76293197,0,1.680975399,3.19241036,0,0,1.619652262,0.183969411,0.591587909,0,80
2416,0,0,61.9939791,0,3.003364618,1.82043563,1.395431202,24.30671153,0,0.779174783,2.231273242,0,0,1.420223127,0.874800779,2.174605985,0,81
2417,0,0,62.48230115,0,0.45598855,4.932052626,7.503693935,21.43146185,0,0,3.178508423,0.002582035,0.013411428,0,0,0,0,86.94
2418,0,0,62.60390484,0,0.464063086,5.714605425,8.015032435,21.42314087,0,0,1.763439725,0.002554667,0.013258945,0,0,0,0,87.63
2419,0,0,60.42390549,0,8.478109798,1.945795691,0.764419736,24.91313412,0,0.41695622,3.057678944,0,0,0,0,0,0,72
2420,0,0,61.07023411,0,8.89632107,1.337792642,1.337792642,26.28762542,0,0.735785953,0.334448161,0,0,0,0,0,0,68
2421,0,6.95732269,64.14491864,0,2.155357691,0,0.933374271,25.55112066,0,0.257906049,0,0,0,0,0,0,0,60
2422,0,6.98545209,64.26554539,0,2.160702228,0,0.939168866,25.64913142,0,0,0,0,0,0,0,0,0,61
2423,0,2.958660745,59.40895114,0,9.504612231,1.889306457,0,22.28561667,0,0.38947728,3.56337547,0,0,0,0,0,0,78.1
2424,0,3.114988753,59.4438007,0,9.753936337,1.867630018,0.040897008,22.20707518,0,0.040897008,3.530774998,0,0,0,0,0,0,79.2
2425,0,5.952004052,58.88368264,0,8.788703856,2.938010511,2.71006142,18.56202115,0,1.462673336,0.702843032,0,0,0,0,0,0,83.7
2426,0,6.810542519,61.0624195,0,5.032513429,0.983256369,2.324631672,20.5133038,0,0.879590362,2.393742343,0,0,0,0,0,0,82
2427,0,3.563898524,61.28001088,0,5.053390465,2.271645242,0.680133306,23.02931375,0,0.129225328,3.992382507,0,0,0,0,0,0,84.8
2428,0,3.241247265,57.5184628,0,12.96498906,2.543763676,0.205142232,19.88170131,0,0.17095186,3.473741794,0,0,0,0,0,0,78.5
2429,0,5.561289919,61.86856839,0,5.292296143,0,2.014325482,23.01460699,0,0.838259673,1.410653405,0,0,0,0,0,0,77.8
2430,0,0,61.61930443,0,2.558252092,2.451082071,4.888335753,21.46166079,0,0.172854871,2.191799765,0,0,2.430339487,0.698333679,1.52803706,0,86
2431,0,0,61.62513393,0,2.557633152,2.4470328,4.8940656,21.47029344,0,0.172813051,2.191269485,0,0,1.382504407,0.698164725,2.561089413,0,85
2432,0,0,61.70390478,0,2.57534628,2.811999722,4.238880768,21.96004733,0,0.174009884,2.902484861,0,0,1.39207907,0.70299993,1.538247372,0,87
2433,0,0,61.54242175,0,2.539813289,2.773201538,5.560131796,20.96718836,0,0.171609006,2.862438221,0,0,1.372872048,0.693300384,1.517023613,0,87
2434,0,0,61.70657016,0,2.575167038,2.460328508,4.238585746,21.96547884,0,0.173997773,2.206291759,0,0,1.391982183,0.702951002,2.578646993,0,84
2435,0,0,62.01185495,0,1.792189679,2.482566248,4.274755927,22.16178522,0,0.174337517,2.224546722,0,0,1.405160391,0.707810321,2.764993026,0,81
2436,0,0,62.07188878,0,2.719565955,1.800610376,5.05934215,22.2210919,0,0.257714479,1.719226857,0,0,1.163106138,0.881654798,2.105798576,0,85
2437,0,0,61.74127796,0,1.975720895,2.4348673,4.194928519,22.5642631,0,0.779157536,2.180945424,0,0,1.377439215,0.198267766,2.553132283,0,78
2438,0,0,61.41014081,0,2.448498301,3.204550184,5.202191857,20.86078935,0,0.166470139,3.346743428,0,0,1.317888604,0.665880558,1.376846778,0,87
2439,0,0,61.5998889,0,2.569266023,2.461634609,4.61773488,21.56100271,0,0.173599056,2.201236025,0,0,2.579681967,0.701340185,1.534615652,0,86
2440,4.212208141,0,58.82566542,0,1.365336432,2.342132975,4.146846291,17.68038055,0,0,7.836159628,0,0,2.904971132,0.68629943,0,0,103
2441,4.212361101,0,58.82417024,0,1.365386012,2.342218026,4.146996877,17.67739124,0,0,6.387537221,0,0,4.357614932,0.686324352,0,0,102
2442,5.577747113,0,58.82417024,0,0,2.342218026,4.146996877,17.67739124,0,0,7.840075532,0,0,2.905076621,0.686324352,0,0,105
2443,4.212361101,0,58.82417024,0,1.365386012,2.084392476,4.146996877,17.67739124,0,0,6.968552546,0,0,2.581886847,0.686324352,1.452538311,0,101
2444,4.212514072,0,58.82267495,0,1.365435596,1.826633257,4.147147474,17.67440171,0,0,6.097250971,0,0,2.258779097,0.686349276,2.908813596,0,99
2445,4.212667054,0,58.82117955,0,1.365485183,1.568855317,4.147298083,17.67141197,0,0,5.225886113,0,0,1.939279489,0.686374201,4.361563045,0,96
2446,0,0,66.74033149,0,0,0,0,0,22.32044199,0,10.93922652,0,0,0,0,0,0,45
2447,0,0,66.7679618,0,0,0,1.041892772,0,22.00998481,0,10.18016063,0,0,0,0,0,0,45
2448,0,0,66.85165422,0,0,0,1.707577375,0,21.89967983,0,9.541088581,0,0,0,0,0,0,72
2449,0,0,67.0188986,0,0,0,3.942288153,0,21.37776875,0,7.661044503,0,0,0,0,0,0,84
2450,0,0,59.97967622,0,9.608241643,2.141004976,0.280327984,24.65835027,0,0.070081996,3.262316911,0,0,0,0,0,0,74
2451,0,2.404102291,60.01598295,0,9.39664358,1.012253596,1.158763985,23.04541822,0,0.386254662,2.470697922,0,0.026638253,0,0.083244539,0,0,77.2
2452,0,3.092191878,58.48496101,0,10.99821085,2.018701685,0,18.29659386,0,0.047260575,3.723458124,0,1.377308173,0,1.961313844,0,0,83.2
2453,0,0.638356925,58.19456009,0,11.80266445,1.661809603,0.041631973,20.56619484,0,1.658340272,3.181376631,0,0.083263947,0,2.171801277,0,0,83.7
2454,0,1.762662997,59.90105498,0,10.63495184,0,1.284319507,23.83854269,0,0.864949872,1.461241072,0.127776686,0.12450036,0,0,0,0,77
2455,0,3.001253345,59.27305986,0,7.018732428,2.157785983,0.555536737,18.84421259,0,2.310219844,3.841333288,2.178110498,0.819755428,0,0,0,0,82.1
2456,0,2.47064829,58.90420282,0,11.25063808,2.133741705,0,19.29896206,0,0,2.838182746,2.69525268,0.408371618,0,0,0,0,82.5
2457,0,6.788691782,58.95129443,0,9.53425688,1.466808751,2.707954617,17.86184417,0,0.332225914,2.106186924,0.122234063,0.050147308,0,0.078355168,0,0,81.7
2458,0,0,62.48104319,0,0.456003839,4.935570966,7.503945531,21.42882748,0,0,3.178614997,0.002582122,0.013411878,0,0,0,0,86.94
2459,0,0,60.85029491,0,3.143431864,1.210323548,3.34799359,22.51883673,0,3.620742559,0.869387338,0,0,2.117213869,0.88984351,1.431932086,0,77
2460,0,1.813906617,61.80718844,0,1.343634531,1.074907625,4.232448774,22.16996977,0,1.813906617,5.744037622,0,0,0,0,0,0,75
2461,0,1.678979181,61.6856951,0,1.343183345,1.074546676,4.701141706,21.7259906,0,1.746138348,5.372733378,0,0,0,0,0.671591672,0,87
2462,0,1.690331305,60.95334686,0,2.028397566,1.081812035,4.732927654,20.7234618,0,2.028397566,5.409060176,0,0,0,0,1.352265044,0,88
2463,0,1.655975913,61.81764629,0,1.322162587,1.158528603,6.610812934,20.82406074,0,1.322162587,5.288650347,0,0,0,0,0,0,90
2464,0,2.265372168,61.32686084,0,1.941747573,0.970873786,6.472491909,20.22653722,0,1.941747573,4.854368932,0,0,0,0,0,0,81
2465,0,3.215434084,61.414791,0,1.92926045,0.964630225,5.78778135,20.25723473,0,1.92926045,4.501607717,0,0,0,0,0,0,77
2466,0.644122383,2.254428341,61.5136876,0,1.93236715,0.966183575,6.441223833,20.61191626,0,1.288244767,4.347826087,0,0,0,0,0,0,83
2467,0,1.62601626,61.46341463,0,1.951219512,1.138211382,6.504065041,20.48780488,0,1.951219512,4.552845528,0,0,0,0.325203252,0,0,82
2468,0,6.08378761,63.72315755,0,0,0.048188417,6.234376412,20.98003192,0,0,2.623256935,0.307201157,0,0,0,0,0,72.1
2469,0,5.531578627,63.66786214,0,0,0.048629263,6.346118777,21.0747067,0,0,3.008935627,0.322168865,0,0,0,0,0,71.9
2470,0,5.817676554,63.77997946,0,0,0.048329608,6.210354618,21.08077086,0,0,2.597716426,0.465172476,0,0,0,0,0,73
2471,0,0,57.01379899,0,16.15115542,0,0,0,14.73545046,0,12.09959512,0,0,0,0,0,0,65.54
2472,0,0,57.14600127,0,15.15860134,0,0,0,14.81746403,0.709785689,12.16814768,0,0,0,0,0,0,67.37
2473,0,0,57.27632447,0,14.15695757,0,0,0,14.89887887,1.434381183,12.2334579,0,0,0,0,0,0,65.56
2474,0,0,57.4094914,0,13.14193177,0,0,0,14.98092389,2.162874317,12.30477863,0,0,0,0,0,0,65.96
2475,0,0,57.54701464,0,12.11140962,0,0,0,15.06661549,2.90037831,12.37458194,0,0,0,0,0,0,64.19
2476,0,0,59.74189487,0,0,1.290525653,17.56373938,10.70192005,0,0,10.70192005,0,0,0,0,0,0,112
2477,0,0,59.375,0,0,1.28125,18.75,9.375,0,0,11.21875,0,0,0,0,0,0,109
2478,0,0,60.34482759,0,0,1.724137931,6.896551724,17.24137931,0,3.448275862,6.896551724,1.724137931,0,0,0,1.724137931,0,85.2
2479,0,0,60.34482759,0,0,0,6.896551724,17.24137931,0,3.448275862,6.896551724,1.724137931,0,1.724137931,0,1.724137931,0,84
2480,0,0,60.34482759,0,0,3.448275862,6.896551724,17.24137931,0,3.448275862,3.448275862,1.724137931,0,0,0,3.448275862,0,83.7
2481,0,0,61.24567474,0,0,1.038062284,3.460207612,20.76124567,0,4.844290657,3.460207612,2.422145329,0,1.038062284,0,1.730103806,0,76.8
2482,0,0,60.56338028,0,0,1.056338028,3.521126761,19.36619718,0,4.929577465,5.281690141,0,0,1.056338028,2.464788732,1.76056338,0,86.3
2483,0,0,60.71428571,0,0,1.071428571,2.142857143,22.85714286,0,5,5.357142857,0,0,1.071428571,0,1.785714286,0,75
2484,0,0,60.27874564,0,0,1.045296167,3.484320557,20.90592334,0,6.271777003,5.226480836,1.045296167,0,0,0,1.742160279,0,75.1
2485,0,0,59.85915493,0,0,1.056338028,3.521126761,21.12676056,0,6.338028169,5.281690141,0,0,1.056338028,0,1.76056338,0,74.7
2486,0,0,58.78378378,0,0,1.689189189,8.108108108,16.89189189,0,6.756756757,4.391891892,0,0,1.689189189,0,1.689189189,0,78.7
2487,0,0,60.56338028,0,0,1.056338028,3.521126761,20.07042254,0,4.929577465,5.281690141,0,0,1.056338028,1.76056338,1.76056338,0,83.5
2488,0,2.501496487,63.49831448,0,0,0.850634826,7.491887464,21.99993699,0,0,1.827289625,0,0,0.280394443,0,1.550045682,0,77.63
2489,0,2.461033634,63.44418502,0,0,1.230516817,7.547169811,21.88426832,0,0,1.798447656,0,0,0.277655077,0,1.35672367,0,79.01
2490,0,2.331622632,63.3181271,0,0,1.412912628,7.67281252,21.63403662,0,0,1.84375594,0,0,0.456187037,0,1.330545524,0,79.98
2491,0,2.031911844,63.24086754,0,0,1.678397401,7.790057008,21.57075066,0,0,1.875855919,0,0,0.656071849,0,1.156087773,0,81.63
2492,0,1.850906306,63.25950983,0,0,1.691345417,7.805718662,21.69070717,0,0,1.879627266,0,0,0.651008425,0,1.171176921,0,82.05
2493,0,1.634633804,63.34205989,0,0,1.708064619,7.828363451,21.95262116,0,0,1.851733606,0,0,0.501245131,0,1.181278335,0,81.63
2494,0,0,62.04197794,0,0,1.867662753,4.766986837,21.70046247,0,0,6.065457133,0,0,3.557452864,0,0,0,88
2495,0,0,62.12691247,0,0,1.881113619,4.084703859,22.211473,0,0,6.112723494,0,0,3.583073561,0,0,0,87
2496,0,0,62.04197794,0,0,1.864105301,4.766986837,21.70046247,0,0,5.357524013,0,0,4.268943436,0,0,0,89
2497,0,0,62.57453525,0,0,1.613468958,4.700105226,22.79901789,0,0,4.626446861,0,0,3.686425816,0,0,0,84
2498,0,0,62.96424852,0,0,1.423116973,4.651162791,23.60291565,0,0,3.550850399,0,0,3.807705658,0,0,0,84
2499,0,0,62.04332823,0,0,1.864038988,4.76681726,21.70324784,0,0,3.930845576,0,0,5.691722102,0,0,0,88
2500,0,0,62.04062756,0,0,1.867729197,4.767156427,21.6976769,0,0,2.511651073,0,0,7.115158846,0,0,0,85
2501,0,0,62.31013776,0,0,1.737901801,4.733309785,22.25362063,0,0,2.334864006,0,0,6.630166019,0,0,0,84
2502,0,0,62.57453525,0,0,1.609961417,4.700105226,22.79901789,0,0,2.16766047,0,0,6.148719747,0,0,0,84
2503,0,0,62.21580657,0,0,1.89462288,3.392277156,22.73547456,0,0,2.544207867,0,0,7.217610971,0,0,0,83
2504,0,22.07792208,60.64935065,0,1.558441558,0,0,11.68831169,0,3.116883117,0,0,0,0,0.909090909,0,0,49
2505,0,23.07692308,60.25641026,0,2.564102564,0,0,11.53846154,0,2.564102564,0,0,0,0,0,0,0,50
2506,0,23.07692308,60.51282051,0,0,0,0,11.53846154,0,4.615384615,0,0,0,0,0.256410256,0,0,45
2507,0,23.07692308,60.76923077,0,0,0,0,11.53846154,0,4.102564103,0,0,0,0,0.512820513,0,0,46
2508,0,24.24242424,60.85858586,0,0,0,0,11.36363636,0,3.535353535,0,0,0,0,0,0,0,39
2509,0,0,62.481977,0,0.456023874,4.932434698,7.504275224,21.43312209,0,0,3.178754652,0,0.013412467,0,0,0,0,86.9
2510,0,0,62.6048331,0,0.46408327,5.711539099,8.015381046,21.42738754,0,0,1.763516425,0,0.013259522,0,0,0,0,87.6
2511,6.257668712,0,59.29447853,0,3.987730061,0,7.975460123,19.5398773,0,1.840490798,0,0.613496933,0,0,0.490797546,0,0,82.8
2512,6.871165644,0,58.98773006,0,3.987730061,0,7.975460123,19.5398773,0,1.840490798,0,0.306748466,0,0,0.490797546,0,0,83.5
2513,7.484662577,0,58.6809816,0,3.987730061,0,7.975460123,19.5398773,0,1.840490798,0,0,0,0,0.490797546,0,0,83.6
2514,6.871165644,0,58.98773006,0,3.987730061,0,7.975460123,19.84662577,0,1.840490798,0,0.306748466,0,0,0.18404908,0,0,82.1
2515,6.93498452,0,58.60681115,0,4.024767802,0.92879257,8.049535604,19.10216718,0,1.857585139,0,0.309597523,0,0,0.185758514,0,0,83.5
2516,8.173374613,0,58.39009288,0,3.219814241,0.92879257,8.049535604,18.88544892,0,1.857585139,0,0.309597523,0,0,0.185758514,0,0,84.4
2517,6.873065015,0,58.91640867,0,3.653250774,0.92879257,8.049535604,19.41176471,0,1.671826625,0,0.309597523,0,0,0.185758514,0,0,83.2
2518,6.637717122,0,58.59181141,0,4.218362283,1.11662531,8.064516129,19.19975186,0,1.861042184,0,0.310173697,0,0,0,0,0,82.5
2519,6.00619195,0,59.04024768,0,4.39628483,0.92879257,8.049535604,19.53560372,0,1.547987616,0,0.309597523,0,0,0.185758514,0,0,82.9
2520,0,0,60.57176076,0,9.62965496,0,0.834387717,25.54115515,0,0,3.423041412,0,0,0,0,0,0,76
2521,0,0,60.23039527,0,2.853519341,5.453392517,0.507292327,24.05763404,0,5.721130135,0.538998098,0,0,0.186711759,0.43683506,0.014091454,0,73
2522,0,0,60.59043215,0,2.198114885,5.676685044,0.391250222,23.82713854,0,5.09336653,0.746932243,0,0,0.658011738,0.803841366,0.014227281,0,77
2523,0,0,60.03729899,0,2.843168303,5.915056828,0.506703262,23.9065414,0,6.200077413,0.077412998,0,0,0.063337908,0.436327809,0.014075091,0,72
2524,0,0,60.25056948,0,2.035876993,5.876281321,0.55523918,23.67952733,0,5.723234624,1.085563781,0,0,0.355922551,0.423547836,0.014236902,0,75
2525,0,0,60.1011,0,3.232351999,5.781211064,0.555338009,23.34555552,0,4.812929408,1.050158414,0,0,0.505499982,0.601616176,0.014239436,0,76
2526,0,0,61.06014635,0,2.705693379,5.364983045,0.735320364,24.09066571,0,3.048366946,0.906657148,0,0,1.534892022,0.538996966,0.014278065,0,78
2527,0,0,60.56093938,0,2.504067341,5.460847422,0.509301832,24.2448893,0,5.128386504,0.806394567,0,0,0.332460918,0.438565467,0.014147273,0,76
2528,0,0,60.83878771,0,3.044963005,5.328685259,0.732783153,24.00042686,0,3.400682982,0.899971542,0,0,1.205890723,0.533579966,0.014228799,0,78
2529,0,0,60.13654533,0,3.990236655,5.437051187,0.933885175,23.2127065,0,4.053910644,1.082457816,0,0,0.523541689,0.615515229,0.014149775,0,77
2530,0,0,60.41200497,0,2.102646066,5.668620139,0.724560469,23.64056118,0,5.313443438,1.239566684,0,0,0.3551767,0.529213284,0.014207068,0,76
2531,0,0,60.7317947,0,3.885939892,1.795097897,3.308207236,22.05356861,0,2.558530336,1.71944243,0,0.003017965,1.396187253,0.9766433,1.571570381,0,80
2540,0,0,61.45944642,0,3.591741064,0,2.18537796,24.08052118,0,2.364620316,5.160111682,0,0,0,0.723863362,0.434318017,0,80.9
2541,0,0,61.73476454,0,3.614958449,0,1.75900277,23.50069252,0,1.904432133,5.197368421,1.121883657,0,0,0.727146814,0.439750693,0,82.7
2542,0,0,62.19908459,0,0,0,1.348660075,24.02082387,0,4.374410398,5.719576535,1.14601167,0,0,0.744208798,0.447224066,0,78.2
2543,0,4.702194357,62.85266458,0,0,2.507836991,6.896551724,19.90595611,0,0,2.194357367,0,0,0.940438871,0,0,0,81
2544,0,4.66562986,62.98600311,0,0,2.177293935,7.153965785,20.0622084,0,0,1.866251944,0,0,1.088646967,0,0,0,79
2545,0,5.3125,62.8125,0,0,2.5,6.5625,19.6875,0,0,2.1875,0,0,0.9375,0,0,0,80
2546,0,4.671469112,62.86836935,0,0,2.48853962,7.222378146,19.78981507,0,0,2.179811021,0,0,0.779617675,0,0,0,80
2547,0,4.694835681,62.91079812,0,0,2.503912363,6.885758998,20.0312989,0,0,2.190923318,0,0,0.782472613,0,0,0,80
2548,0,4.697776386,62.91888506,0,0,2.192295647,6.827435014,20.07516442,0,0,2.505480739,0,0,0.782962731,0,0,0,80
2549,0,4.703668862,62.90373158,0,0,2.351834431,6.773283161,20.06898714,0,0,2.414550016,0,0,0.78394481,0,0,0,80
2550,0,4.700720777,62.92698214,0,0,2.350360389,6.769037919,20.11908493,0,0,2.193669696,0,0,0.940144155,0,0,0,80
2551,0,0,60.47192731,0,2.63587047,2.68246414,5.54464672,19.98202816,0,4.313242587,2.046793357,1.324591473,0,0.658967617,0.339468167,0,0,78
2552,0,0,60.54595509,0,2.63358652,2.464426681,5.625393877,20.08358486,0,4.311917477,2.006700056,1.326743839,0,0.66005506,0.341636539,0,0,78
2553,0,0,60.59827062,0,2.677528127,2.340333189,5.682235502,20.02136681,0,3.672420125,2.00313825,1.181851567,0,1.49567656,0.327179247,0,0,80
2554,0,0,60.83009514,0,2.646388852,2.321452499,5.688061101,20.14270401,0,3.008173657,1.504086828,1.169100898,0,2.358300951,0.331636071,0,0,81
2555,0,0,60.89515099,0,2.66325913,2.162216692,5.272715045,20.20310714,0,3.019705427,2.004169749,1.176945322,0,1.748604479,0.615374269,0.238751765,0,82
2556,0,0,60.95510285,0,2.339569971,1.681565917,5.961915523,19.92622379,0,3.3232528,1.000299093,1.169784986,0,2.977634509,0.66465056,0,0,78
2557,0,0,61.00217148,0,2.32940712,0.980456669,6.560505363,19.71441732,0,3.303283543,1.658222018,1.16470356,0,2.625518194,0.661314733,0,0,82
2558,0,0,61.10625061,0,1.950682091,0.635105797,7.478694793,19.44849486,0,3.551407926,1.451670393,1.134117495,0,2.601989566,0.641586468,0,0,79
2559,0,0,60.45210907,0,2.670040284,2.663381829,5.526517295,19.96537604,0,4.314678563,2.070779372,0.672503912,0,0.669174685,0.995438959,0,0,81
2560,0,0,61.0567383,0,1.74889853,1.520196415,7.621161672,17.20647092,0,1.251135102,3.739952242,2.596441664,0,3.181650018,0,0.077355127,0,90
2561,2.674216325,0,60.51096633,0,5.409830474,0,0,23.35163898,0,2.674216325,2.329706314,0,0,0,3.049425248,0,0,88.6
2562,3.521198017,0,60.95315188,0,4.269958515,0,0,24.20992276,0,2.84663901,1.183851057,0,0,0,3.015278762,0,0,88.5
2563,1.366045943,0,60.65991573,0,6.687508495,0,0,23.64075031,0,2.664129401,1.943727063,0,0,0,3.037923066,0,0,86.8
2564,1.974353755,0,60.76395956,0,6.676165276,0,0,23.80758532,0,1.974353755,1.770812131,0,0,0,3.032770202,0,0,88.1
2565,2.651515152,0,60.84618506,0,5.363906926,0,0,24.00229978,0,2.651515152,1.461038961,0,0,0,3.023538961,0,0,87.8
2566,1.371639143,0,60.84686775,0,6.025658523,0,0,23.67954142,0,2.668213457,2.361130067,0,0,0,3.046949638,0,0,87.1
2567,1.513802315,0,61.04527707,0,5.493526954,0,0,23.73792726,0,2.404274265,2.746763477,0,0,0,3.058428659,0,0,88.3
2579,0,11.23595506,60.11235955,0,2.808988764,2.247191011,6.741573034,14.04494382,0,2.808988764,0,0,0,0,0,0,0,61.54
2580,0,12.98417894,59.73813421,0,2.618657938,0,5.182760502,14.29350791,0,5.182760502,0,0,0,0,0,0,0,53.42
2581,0,8.695652174,60.86956522,0,2.898550725,1.449275362,5.797101449,17.39130435,0,2.898550725,0,0,0,0,0,0,0,61.15
2582,0,11.11111111,61.11111111,0,2.777777778,0,5.555555556,16.66666667,0,2.777777778,0,0,0,0,0,0,0,52
2583,6.41025641,0,58.33333333,0,6.730769231,0.320512821,4.487179487,20.83333333,0,1.602564103,0.320512821,0,0,0,0.961538462,0,0,82.25
2584,0,3.278688525,59.01639344,0,8.196721311,3.278688525,1.639344262,21.31147541,0,3.278688525,0,0,0,0,0,0,0,73.65
2585,0,3.225806452,59.67741935,0,6.451612903,3.225806452,3.225806452,20.96774194,0,3.225806452,0,0,0,0,0,0,0,72.1
2586,0,3.225806452,59.67741935,0,6.451612903,1.612903226,3.225806452,20.96774194,0,3.225806452,1.612903226,0,0,0,0,0,0,74.95
2587,5.161290323,3.225806452,59.67741935,0,1.935483871,1.612903226,3.225806452,20.96774194,0,2.580645161,1.612903226,0,0,0,0,0,0,82.1
2588,5.161290323,3.225806452,59.67741935,0,0.64516129,1.612903226,3.225806452,20.96774194,0,3.870967742,1.612903226,0,0,0,0,0,0,79.04
2589,0,3.225806452,59.67741935,0,7.096774194,1.612903226,3.225806452,20.96774194,0,2.580645161,1.612903226,0,0,0,0,0,0,75.27
2601,0,4.194887481,63.21046225,0,0,1.554355629,6.960267174,20.84334717,0,0,1.488810512,0,0,1.610537158,0,0.137332626,0,77
2602,0,5.925111478,63.46283062,0,0,0.510048256,6.065603812,20.93030359,0,0,1.838617067,0,0,0.595565329,0,0.671919858,0,69
2603,0,9.834909817,63.28065331,0,0,0,4.852828858,19.21743728,0,0,2.81417073,0,0,0,0,0,0,64
2604,5.544554455,0,59.5709571,0,2.640264026,2.640264026,3.630363036,21.78217822,0,3.03630363,0,0.660066007,0,0,0.495049505,0,0,83.5
2605,5.544554455,0,59.5709571,0,2.640264026,2.640264026,3.630363036,21.78217822,0,3.03630363,0,0,0,0,1.155115512,0,0,85.7
2606,5.544554455,0,59.5709571,0,2.640264026,2.640264026,3.630363036,21.78217822,0,3.03630363,0,1.155115512,0,0,0,0,0,83.6
2607,5.544554455,0,59.5709571,0,2.640264026,2.640264026,3.630363036,21.78217822,0,3.03630363,0,0.330033003,0,0,0.825082508,0,0,84.2
2608,2.272727273,0,60.06493506,0,2.922077922,2.11038961,5.844155844,20.77922078,0,3.896103896,1.136363636,0.487012987,0,0,0.487012987,0,0,81.1
2609,1.960784314,0,60.62091503,0,2.287581699,2.124183007,5.882352941,20.91503268,0,3.267973856,1.797385621,0.653594771,0,0,0.490196078,0,0,82.6
2610,1.957585644,0,60.52202284,0,0.652528548,2.120717781,5.872756933,20.88091354,0,5.220228385,1.63132137,0.652528548,0,0,0.489396411,0,0,80.4
2611,1.963993453,0,60.72013093,0,2.618657938,2.291325696,5.89198036,20.9492635,0,2.618657938,1.800327332,0.654664484,0,0,0.490998363,0,0,83.9
2612,1.948051948,0,60.71428571,0,2.922077922,2.272727273,5.844155844,20.77922078,0,2.922077922,0.974025974,0.974025974,0,0,0.649350649,0,0,83
2613,0,0,61.24255487,0,5.784987989,2.464707624,5.061041824,21.23465728,0,0.85557274,1.316265754,1.480798973,0,0,0.559412945,0,0,81.3
2614,0.592300099,0,60.8094768,0,6.581112208,2.467917078,5.0674564,21.75057585,0,0.32905561,1.316222442,0.526488977,0,0,0.559394538,0,0,81.9
2615,0.722495895,0,60.75533662,0,6.568144499,2.463054187,5.254515599,21.57635468,0,0.26272578,1.3136289,0.52545156,0,0,0.558292282,0,0,82.4
2616,0.591113592,0,60.78289711,0,6.574496732,2.466257266,5.260910972,21.76283209,0,0.32839644,1.313585761,0.361236084,0,0,0.558273948,0,0,81.9
2617,0.525468817,0,60.69493251,0,6.561791849,2.459850898,5.248119807,21.88249204,0,0.591152419,1.313672042,0.164209005,0,0,0.558310618,0,0,81.5
2618,0,0,57.44152745,0,9.495624503,1.890214797,8.719172633,16.74144789,0,3.099443119,2.453460621,0,0.15910899,0,0,0,0,79.5
2619,0,0,58.36285304,0,8.450614329,2.441359502,9.905856071,16.38423488,0,0.931865326,3.36365087,0,0.159565981,0,0,0,0,84
2620,0,0,58.38769657,0,7.834609688,1.572594624,9.98392739,16.7564842,0,2.243862469,3.088462387,0,0.132362674,0,0,0,0,80.2
2621,0,0,58.11623246,0,9.287324649,1.146042084,9.850951904,16.82114228,0,1.87249499,2.774298597,0,0.131513026,0,0,0,0,80.1
2622,5.472312704,0,59.12052117,0,3.25732899,2.605863192,4.885993485,20.84690554,0,2.996742671,0,0,0,0,0.814332248,0,0,83.8
2623,3.630363036,0,59.5709571,0,4.554455446,2.640264026,3.630363036,21.78217822,0,3.03630363,0,0.330033003,0,0,0.825082508,0,0,81.7
2624,4.290429043,0,59.5709571,0,2.640264026,2.640264026,3.630363036,21.78217822,0,4.290429043,0,0.330033003,0,0,0.825082508,0,0,82.2
2625,3.366336634,0,59.5709571,0,5.280528053,2.640264026,3.630363036,21.78217822,0,2.574257426,0,0.330033003,0,0,0.825082508,0,0,81.9
2626,4.884488449,0,60.2310231,0,2.310231023,2.640264026,3.630363036,22.44224422,0,2.706270627,0,0.330033003,0,0,0.825082508,0,0,84.3
2627,0,0,62.27777778,0,11,0,0,0,20,0,6.666666667,0.055555556,0,0,0,0,0,51.1
2628,0,0,62.33333333,0,10.88888889,0,0,0,20,0,6.666666667,0.111111111,0,0,0,0,0,51.5
2629,0,0,62.38888889,0,10.77777778,0,0,0,20,0,6.666666667,0.166666667,0,0,0,0,0,52.7
2630,0,0,62.44444444,0,10.66666667,0,0,0,20,0,6.666666667,0.222222222,0,0,0,0,0,55.3
2631,7.694082895,30.76710053,53.84473368,0,0,0,0,0,0,7.694082895,0,0,0,0,0,0,0,72.13
2632,0,0,60.72264972,0,3.278688525,3.646704583,3.278688525,22.64971562,0,5.085312814,0,1.338240214,0,0,0,0,0,72
2633,6.752411576,0,59.00321543,0,3.8585209,1.607717042,5.144694534,20.73954984,0,1.92926045,0,0.321543408,0,0,0.643086817,0,0,85
2634,7.570977918,0,58.51735016,0,6.940063091,0,5.362776025,20.82018927,0,0,0,0,0,0,0.788643533,0,0,83
2635,6.666666667,0,58.88888889,0,3.80952381,1.587301587,6.349206349,20.47619048,0,1.904761905,0,0.317460317,0,0,0,0,0,83
2636,5.581395349,0,59.30232558,0,2.657807309,2.657807309,3.65448505,21.9269103,0,3.056478405,0.664451827,0,0,0,0.49833887,0,0,82
2637,6.625386997,0,58.66873065,0,4.210526316,0.92879257,8.049535604,19.22600619,0,1.857585139,0,0.247678019,0,0,0.185758514,0,0,83
2638,7.812400838,0,58.24395507,0.266548201,6.898521292,0,5.337310402,20.65113918,0,0,0,0,0,0,0.790125024,0,0,84
2639,7.811301457,0,58.06059831,0.594477116,6.839682946,0,5.305548453,20.59895167,0,0,0,0,0,0,0.789440041,0,0,84
2640,7.818514545,0,58.41168675,0,6.909825204,0,5.344860226,20.72632044,0,0,0,0,0,0,0.788792831,0,0,84
2641,3.896188795,0,61.00215729,0.317055632,0,2.73909917,5.314767601,23.31829771,0,3.412433811,0,0,0,0,0,0,0,80
2642,3.414892912,0,61.07353624,0.215502951,0.656455142,3.03693389,4.005039454,23.73184802,0,3.467939792,0,0,0,0,0.397851601,0,0,81
2643,3.506117616,0,60.96566241,0.424286278,0.197342455,2.993027233,5.170372319,23.32916721,0,3.41402447,0,0,0,0,0,0,0,80
2644,2.716334468,0,61.2147545,0.37372387,1.045211473,0,9.595284395,21.60913952,0,3.445551774,0,0,0,0,0,0,0,77
2645,6.091505882,0,60.30857409,0.746442734,0,2.409277217,3.932153687,22.81315605,0,2.712519577,0,0,0,0,0.986370755,0,0,85
2646,8.197094289,0,59.30704976,0.793057497,0,2.564435922,6.643481652,20.95426918,0,1.540611694,0,0,0,0,0,0,0,86
2647,0.689506572,0,61.3660849,0.704897344,1.926924616,0.563302244,9.628466771,21.66097208,0,3.459845477,0,0,0,0,0,0,0,75
2648,0,6.155085849,61.25953016,0,7.227422054,0,1.909130354,22.04487696,0,0.204549681,1.041343829,0,0,0,0.158061117,0,0,75
2651,0,2.398933807,62.91806816,0,0.126927715,5.229421844,8.078949039,20.45757441,0,0.0444247,0.495018087,0.199911151,0.050771086,0,0,0,0,92.5
2652,0.134779539,1.841987035,63.32392016,0,0.192542199,4.675566395,6.880174572,21.68025159,0,0.044926513,0.394711508,0.754123612,0.07701688,0,0,0,0,87.8
2656,0,1.837344659,63.53625924,0,0.062922762,3.426144408,8.010067642,22.02611295,0,0.044045934,0.855749567,0.15101463,0.05033821,0,0,0,0,85.4
2662,0,0,60.46511628,0,8.74696286,1.909059354,0.763623742,24.99132246,0,0.13884068,2.985074627,0,0,0,0,0,0,83.1
2663,7.318611987,0,58.67507886,0,6.876971609,0,5.362776025,20.9148265,0,0,0,0,0,0,0.851735016,0,0,84
2664,6.191950464,0,58.82352941,0,3.095975232,0.92879257,8.049535604,19.19504644,0,3.095975232,0,0,0,0,0.619195046,0,0,84.3
2665,3.095975232,0,58.82352941,0,6.191950464,0.92879257,8.049535604,19.19504644,0,3.095975232,0,0,0,0,0.619195046,0,0,81.4
2666,3.095975232,0,58.82352941,0,3.095975232,0.92879257,8.049535604,19.19504644,0,6.191950464,0,0,0,0,0.619195046,0,0,79
2667,4.148606811,0,58.82352941,0,4.148606811,0.92879257,8.049535604,19.19504644,0,4.086687307,0,0,0,0,0.619195046,0,0,81.6
2668,4.643962848,0,58.82352941,0,4.643962848,0.92879257,8.049535604,19.19504644,0,3.095975232,0,0,0,0,0.619195046,0,0,83
2669,5.572755418,0,58.82352941,0,3.715170279,0.92879257,8.049535604,19.19504644,0,3.095975232,0,0,0,0,0.619195046,0,0,83.8
2670,0,0,61.84160404,0,2.9019635,0,1.766111438,23.58970807,0,2.389444887,5.215223188,1.125463171,0,0,0.73068532,0.439796378,0,82.7
2671,0,0,61.48971535,0,3.622134497,0,1.759124593,23.5334857,0,2.382436457,5.204654062,0.841471016,0,0,0.727197174,0.439781148,0,82.3
2672,0,0,61.56461417,0,3.612761427,0,2.197877674,23.45547581,0,2.376455235,4.787252309,0.841375047,0,0,0.72804698,0.436141351,0,82.3
2673,0,0,61.62418739,0,2.896157947,0,2.201355209,24.29745812,0,2.861761772,4.805145668,0,0,0,0.729198913,0.584734977,0,79.9
2674,18.05061161,0,56.96071452,0,0,0,1.236165944,21.68144457,0.841369491,1.229693871,0,0,0,0,0,0,0,103
2675,0,0.597897714,62.47388216,0,0,7.197274101,10.16426115,17.24581311,0,0,0,1.81619467,0,0,0.504677103,0,0,82
2676,0,0,60.9929078,0,2.340425532,2.304964539,0.354609929,23.4751773,0,4.397163121,4.432624113,0,0,0,1.70212766,0,0,82
2677,0,0,60.81277213,0,2.322206096,3.483309144,0.290275762,22.49637155,0,3.193033382,5.660377358,0,0,0,1.741654572,0,0,88
2678,0,0,60.64064801,0,2.35640648,4.307805596,0.29455081,22.16494845,0,2.430044183,6.443298969,0,0,0,1.362297496,0,0,90
2679,0,0,60.92241688,0,0.786557025,2.681444405,0.286020737,23.16767966,0,5.577404362,4.862352521,0,0,0,1.716124419,0,0,84
2680,0,0,60.64797961,0,2.329814343,4.295595195,1.528940663,20.96832909,0,2.03858755,6.443392792,0,0,0,1.747360757,0,0,93
2681,0,0,60.67375887,0,3.120567376,2.269503546,0.283687943,23.22695035,0,4.326241135,4.397163121,0,0,0,1.70212766,0,0,83
2682,0,0,60.99717115,0,2.333804809,2.29844413,0.636492221,23.30268741,0,4.314002829,4.420084866,0,0,0,1.697312588,0,0,84
2683,0,0,61.00070972,0,2.342086586,2.306600426,0.283889283,22.74662881,0,4.400283889,4.43577005,0.780695529,0,0,1.703335699,0,0,85
2685,0,24.50931052,61.751384,0,1.660795169,0,0,12.07851032,0,0,0,0,0,0,0,0,0,35.65
2686,0,23.48890589,60.30604438,0,4.891609283,0,0,11.31344045,0,0,0,0,0,0,0,0,0,45.63
2687,0,15.7965645,60.60963287,0,6.848546087,0,0,16.74525654,0,0,0,0,0,0,0,0,0,71.8
2688,0,10.73553916,60.64329921,0,8.468221852,0,0,20.15293978,0,0,0,0,0,0,0,0,0,82
2689,0,8.930848157,56.07431243,0,18.20775909,0,0,16.78708032,0,0,0,0,0,0,0,0,0,69.4
2690,0,7.692307692,61.53846154,0,7.692307692,0,0,23.07692308,0,0,0,0,0,0,0,0,0,110.4
2691,0,11.78509532,61.57891591,0,3.310822925,0,1.984103269,17.928644,0,0,2.749058746,0,0,0,0,0.663359828,0,73
2692,0,10.69098006,61.48685735,0,3.34207477,0,2.006464597,18.29602976,0,0,2.506556077,0,0,0,0,1.671037385,0,74
2693,0,9.965423561,61.23116819,0,3.95776735,0,1.870832304,18.52309212,0,0,2.583971351,0,0,0,0,1.867745122,0,74
2694,0,8.96877838,60.99646134,0,4.48438919,0,1.922775812,18.78934018,0,0,2.627376069,0,0,0,0,2.210879028,0,77
2695,0,4.442828336,59.55505603,0,8.112128525,0,2.221414168,19.83405507,0,0,3.335426928,0,0,0,0,2.499090939,0,78
2696,0,4.31446168,59.17070118,0,9.313967658,0,2.160524322,19.76089319,0,0,3.237493001,0,0,0,0,2.041958963,0,77
2697,0,4.140800423,59.0410778,0,9.6684718,0,2.067098138,19.81244221,0,0,3.10394928,0,0,0,0,2.166160349,0,77
2698,12.20215701,2.514421871,54.55856534,0,8.176573865,0,3.429897166,17.26235265,0,1.856032104,0,0,0,0,0,0,0,77
2699,12.12158018,2.417028512,54.63516837,0,6.079008897,0.907903926,8.180244739,13.67321532,0,1.20244132,0.783408739,0,0,0,0,0,0,83
2700,7.465643184,4.327101647,53.54091866,0,14.88176303,0.461186084,4.339482481,13.92224836,0,0,1.061656556,0,0,0,0,0,0,75
2701,11.72981072,5.204415497,53.11133535,0,11.43625967,0.489251751,4.250374583,13.07831086,0,0,0.700241568,0,0,0,0,0,0,74
2702,0,3.126601743,61.34994874,0,9.334956433,0,0.185802153,25.41965659,0,0,0,0,0.583034341,0,0,0,0,72.5
2703,0,3.161222339,61.33090654,0,9.272918862,0,0.440655235,25.20037041,0,0,0,0,0.593926621,0,0,0,0,72.9
2704,0,3.101265823,61.20253165,0,9.240506329,0,1.392405063,24.49367089,0,0,0,0,0.569620253,0,0,0,0,73.4
2705,0,3.111387679,61.01431238,0,9.085252022,0,2.924704418,23.24206596,0,0,0,0,0.622277536,0,0,0,0,73.7
2706,0,2.996941896,60.79510703,0,8.990825688,0,4.648318043,21.95718654,0,0,0,0,0.611620795,0,0,0,0,73.8
2707,0,3.006614552,60.58328322,0,8.899579074,0,6.193625977,20.71557426,0,0,0,0,0.60132291,0,0,0,0,70.8
2708,0,2.965599051,60.58718861,0,8.481613286,0,7.473309609,19.89916963,0,0,0,0,0.59311981,0,0,0,0,67.6
2709,0,2.913752914,60.4020979,0,8.333333333,0,9.090909091,18.67715618,0,0,0,0,0.582750583,0,0,0,0,66.9
2710,0,2.914379329,60.42019947,0,7.903888713,0,10.31241916,17.90877475,0,0,0,0,0.540338574,0,0,0,0,69.4
2711,0,2.841816937,60.37719699,0,7.777904588,0,11.05911892,17.44179411,0,0,0,0,0.502168455,0,0,0,0,70.8
2712,0,3.119561714,61.35352884,0,9.519819529,0,0.103126007,25.80728327,0,0,0,0,0.096680632,0,0,0,0,72.4
2713,0,3.099782247,61.34238504,0,9.337773793,0,0.742923018,25.38747278,0,0,0,0,0.089663123,0,0,0,0,72.7
2714,0,2.997831356,61.35348897,0,9.184845006,0,1.275672917,25.13713484,0,0,0,0,0.051026917,0,0,0,0,72.6
2715,0,2.653693056,61.49933658,0,8.592910849,0,2.52732672,24.68250458,0,0,0,0,0.044228218,0,0,0,0,73.1
2716,0,2.686492565,61.55504186,0,8.128201924,0,3.561164563,24.03161315,0,0,0,0,0.037485943,0,0,0,0,73.2
2717,0,2.656616829,61.64895589,0,7.592981589,0,4.627455826,23.43074262,0,0,0,0,0.043247251,0,0,0,0,73.1
2718,0,2.668769333,61.19063505,0,7.945654152,0,6.308000243,21.84448353,0,0,0,0,0.042457694,0,0,0,0,70.7
2719,0,2.748565966,60.90762428,0,8.060468451,0,7.582456979,20.65905832,0,0,0,0,0.041826004,0,0,0,0,67.1
2720,0,2.896111434,60.23505514,0,8.549042368,0,9.970980847,18.27336042,0,0,0,0,0.075449797,0,0,0,0,68.5
2721,0,2.861230329,60.09155937,0,8.429184549,0,11.22174535,17.31616595,0,0,0,0,0.080114449,0,0,0,0,70.4
2722,0,0,50,0,0,0,7.5,28.5,0,0,14,0,0,0,0,0,0,92
2723,0,0,49.5,0.5,0,0,7.5,28.5,0,0,14,0,0,0,0,0,0,92
2724,0,0,47.5,2.5,0,0,7.5,28.5,0,0,14,0,0,0,0,0,0,92
2725,0,0,48.5,1.5,0,0,7.5,28.5,0,0,14,0,0,0,0,0,0,92
2726,0,6.950560424,64.12919778,0,2.17358515,0.006140071,0.951711012,25.5212053,0,0.257882984,0.006140071,0,0.003577205,0,0,0,0,62.2
2727,0,0,60.34996809,0,9.86356477,0.041298945,0.591951549,25.33690294,0,0.004403156,3.809827704,0,0.002082843,0,0,0,0,72.1
2728,7.925696594,0,58.76160991,0,3.405572755,0,7.120743034,20.12383901,0,2.105263158,0,0,0,0,0.557275542,0,0,83
2729,7.616099071,0,58.91640867,0,3.405572755,0,7.120743034,20.27863777,0,2.105263158,0,0,0,0,0.557275542,0,0,82.6
2730,7.283950617,0,59.04320988,0,3.395061728,0,7.407407407,20.21604938,0,2.098765432,0,0,0,0,0.555555556,0,0,82.8
2731,7.901234568,0,59.19753086,0,2.469135802,0,7.407407407,20.37037037,0,2.098765432,0,0,0,0,0.555555556,0,0,83
2732,7.950310559,0,58.78881988,0,3.416149068,0,6.832298137,20.34161491,0,2.111801242,0,0,0,0,0.559006211,0,0,82.8
2733,7.975077882,0,58.81619938,0,3.426791277,0,6.542056075,20.56074766,0,2.118380062,0,0,0,0,0.560747664,0,0,82.5
2734,7.901234568,0,58.7345679,0,3.395061728,0,7.407407407,20.21604938,0,2.098765432,0,0,0,0,0.24691358,0,0,81.7
2735,7.901234568,0,58.7345679,0,3.395061728,0,7.407407407,20.37037037,0,2.098765432,0,0,0,0,0.092592593,0,0,81.2
2736,6.975308642,0,59.19753086,0,3.395061728,0,7.407407407,20.37037037,0,2.098765432,0,0,0,0,0.555555556,0,0,82.4
2737,7.901234568,0,59.04320988,0,2.777777778,0,7.407407407,20.21604938,0,2.098765432,0,0,0,0,0.555555556,0,0,83.1
2738,1.023890785,0,60.75085324,0,5.802047782,1.365187713,3.412969283,21.84300341,0,0,4.436860068,0,0,0,1.365187713,0,0,87.5
2739,1.016949153,0,60.6779661,0,5.762711864,1.355932203,4.06779661,21.3559322,0,0,4.406779661,0,0,0,1.355932203,0,0,87.8
2740,1.023890785,0,60.75085324,0,5.802047782,3.412969283,3.412969283,21.84300341,0,0,2.389078498,0,0,0,1.365187713,0,0,87.9
2741,1.023890785,0,60.75085324,0,5.802047782,4.436860068,3.412969283,21.84300341,0,0,1.365187713,0,0,0,1.365187713,0,0,88.3
2742,0.996677741,0,60.46511628,0,5.647840532,0.664451827,5.980066445,19.93355482,0,0,4.983388704,0,0,0,1.328903654,0,0,88.8
2743,1.015228426,0,60.91370558,0,5.414551607,1.015228426,4.060913706,21.65820643,0,0,4.568527919,0,0,0,1.353637902,0,0,87.6
2744,1.011804384,0,61.0455312,0,5.396290051,0.674536256,4.047217538,21.92242833,0,0,4.55311973,0,0,0,1.349072513,0,0,86.7
2745,1.011804384,0,61.0455312,0,5.396290051,0.337268128,4.047217538,21.92242833,0,0,4.890387858,0,0,0,1.349072513,0,0,86.8
2746,1.011804384,0,61.0455312,0,5.396290051,0,4.047217538,21.92242833,0,0,5.227655987,0,0,0,1.349072513,0,0,86.4
2747,1.011804384,0,61.0455312,0,5.396290051,0.337268128,4.047217538,21.92242833,0,0,4.55311973,0,0,0.337268128,1.349072513,0,0,87
2748,1.045653362,0,61.79948059,0,0.205030071,4.18261345,6.642974303,20.83105522,0,0.088846364,5.050574084,0.078594861,0.075177693,0,0,0,0,87.5
2749,0,0,62.2502665,0,0.020632028,5.154568275,6.691654345,21.05498435,0,0,4.710979677,0.103160139,0.013754685,0,0,0,0,87.7
2750,0,0,62.34808139,0,0,4.885292913,7.025809095,20.92038782,0,0,4.557558378,0.262870408,0,0,0,0,0,87.5
2751,0,0,62.12017753,0,0,4.892454763,7.033117105,20.94571526,0,0.443837487,4.564697849,0,0,0,0,0,0,86.3
2752,0,0,62.18421412,0,0.334562338,4.881879011,7.018981292,20.89649051,0,0,4.554144476,0.129728253,0,0,0,0,0,87.4
2753,0,0,62.23542264,0,0,4.888706814,7.032636897,20.93404342,0,0.21848969,4.560972279,0.129728253,0,0,0,0,0,87
2754,0,0,62.20676487,0,0,4.892935079,7.037643208,20.94244408,0,0.225040917,4.565602837,0,0.129569013,0,0,0,0,86.9
2755,0,0,62.17268467,0,0.165380375,5.274944873,6.408489526,21.18246968,0,0.110253583,4.558296582,0.065463065,0.062017641,0,0,0,0,87
2756,0,0,62.32073911,0,0,5.27440706,6.412024269,21.17346939,0,0,4.557363486,0.261996691,0,0,0,0,0,87.1
2757,0,5.310489894,63.38139804,0,0,0.426790233,6.956680791,20.62921074,0,0,1.588269366,0,0,0.396305216,0,1.310855714,0,70
2758,0,6.200748471,63.37359662,0,0,0.608513098,6.200748471,20.54644476,0,0,1.6399428,0,0,0.608513098,0,0.821492683,0,68
2759,0,5.957343232,63.43444793,0,0,0,6.322451091,20.72899869,0,0,2.065901969,0,0,1.186600542,0,0.304256549,0,74
2760,0,4.707339734,63.17745432,0,0,1.641375039,6.99907092,20.50170331,0,0,1.455558997,0,0,1.517497677,0,0,0,77
2761,0,6.044105636,63.37235684,0,0,0.665517137,6.709622773,20.36784947,0,0,2.65904347,0,0,0.181504674,0,0,0,73
2762,0,6.408706167,63.36154776,0,0,0.876662636,6.408706167,20.31438936,0,0,2.025392987,0,0,0.513905683,0,0.090689238,0,72
2763,0,5.149136578,63.26530612,0,0,0.941915228,5.525902669,21.19309262,0,0,1.569858713,0,0,1.883830455,0,0.470957614,0,73
2764,0,5.189873418,63.29113924,0,0,1.265822785,4.936708861,21.51898734,0,0,1.582278481,0,0,1.424050633,0,0.791139241,0,73
2765,0,5.917159763,63.01775148,0,0,0.295857988,8.875739645,18.63905325,0,0,0.591715976,0,0,0.887573964,0,1.775147929,0,74
2766,0,7.384615385,63.07692308,0,0,1.846153846,4.923076923,20,0,0,0.615384615,0,0,2.153846154,0,0,0,71
2767,0,0,63.30865787,0,0,2.349533312,9.011908593,22.11136144,0,0,2.156420985,0,0,1.062117799,0,0,0,90.8
2768,0,0,63.27319588,0,0,2.641752577,9.020618557,22.03608247,0,0,1.675257732,0,0,1.353092784,0,0,0,91.2
2769,0,0.320307495,63.3247918,0,0,2.274183216,8.968609865,22.00512492,0,0,2.081998719,0,0,1.024983985,0,0,0,90.8
2770,0,0,62.2102976,0,0.994205952,4.641822491,8.70424019,20.53924151,0,0,2.864103239,0.006584145,0.039504872,0,0,0,0,92.4
2771,0,0,62.070001,0,1.000967602,5.084915418,8.081145107,20.56988422,0,0,3.139701712,0.006673117,0.046711821,0,0,0,0,93.2
2772,0,0,61.94833699,0,0.9994935,5.480330913,7.523214587,20.60442343,0,0,3.390173898,0.006753334,0.047273341,0,0,0,0,94.5
2773,0,0,61.8469513,0,1.002591734,5.810939844,7.052243896,20.63838494,0,0,3.594325467,0.006820352,0.047742464,0,0,0,0,94.9
2774,0,0,62.0655247,0,0.711791119,5.198736072,8.588059205,20.16298021,0,0,3.21969067,0.006652253,0.046565774,0,0,0,0,94.9
2775,0,0,61.98380029,0,1.002522905,5.082326384,8.591156553,20.14340725,0,0,3.143672819,0.006639225,0.046474572,0,0,0,0,94.6
2776,0,0,62.08718187,0,0.717655658,4.847498173,8.611867898,20.19735531,0,0,3.485281414,0.00664496,0.046514719,0,0,0,0,94.3
2777,0,0,61.92932251,0,0.998269666,5.197657394,8.54518834,20.05523759,0,0,3.221083455,0.006655131,0.046585918,0,0,0,0,94.2
2778,0,0,62.08100559,0,0.718276137,5.164272413,8.532854483,19.99866986,0,0,3.20896515,0.216147912,0.07980846,0,0,0,0,95.1
2779,0,0,62.11462516,0,0.716822089,4.493412538,8.628414031,20.24026814,0,0,3.746722862,0.006637242,0.053097932,0,0,0,0,93.8
2780,20,0,53.33333333,0,6.666666667,0,0,20,0,0,0,0,0,0,0,0,0,85
2781,13.33333333,0,53.33333333,0,13.33333333,0,0,20,0,0,0,0,0,0,0,0,0,84
2782,6.666666667,0,53.33333333,0,20,0,0,20,0,0,0,0,0,0,0,0,0,70
2783,18.4,0,60,0,0,0,3.2,0,18.4,0,0,0,0,0,0,0,0,70
2784,13.8,0,60,0,4.6,0,3.2,0,18.4,0,0,0,0,0,0,0,0,75
2785,9.2,0,60,0,9.2,0,3.2,0,18.4,0,0,0,0,0,0,0,0,70
2786,4.6,0,60,0,13.8,0,3.2,0,18.4,0,0,0,0,0,0,0,0,61
2787,0,0,60,0,18.4,0,3.2,0,18.4,0,0,0,0,0,0,0,0,50
2788,10.22727273,31.81818182,54.54545455,0,3.409090909,0,0,0,0,0,0,0,0,0,0,0,0,82
2789,3.409090909,31.81818182,54.54545455,0,10.22727273,0,0,0,0,0,0,0,0,0,0,0,0,73
2790,0,30.31674208,54.75113122,0,13.12217195,0,1.809954751,0,0,0,0,0,0,0,0,0,0,56.77
2791,0,0,60,0,19,0,2,0,19,0,0,0,0,0,0,0,0,45
2792,0,0,61.53846154,0,0,0,0,15.38461538,0,0,0,7.692307692,0,0,0,15.38461538,0,79.9
2793,0,0,60.59602649,0,9.271523179,2.649006623,3.311258278,24.17218543,0,0,0,0,0,0,0,0,0,70.6
2794,0,0,61,0,8,3.333333333,3.333333333,24.33333333,0,0,0,0,0,0,0,0,0,72.9
2795,0,0,60.77795786,0,9.076175041,1.782820097,4.53808752,23.72771475,0,0,0,0,0,0,0.097244733,0,0,74.6
2796,0,0,60.98360656,0,7.868852459,2.950819672,4.590163934,23.60655738,0,0,0,0,0,0,0,0,0,72.3
2797,0,0.071250445,58.60349127,3.206270039,6.056287852,0,0,23.5838974,0,5.415033844,0,2.529390809,0,0,0,0.53437834,0,93
2798,0,8.931419458,61.33971292,0,0,0,4.593301435,15.18341308,0,0,0.127591707,0.031897927,0,0,0.701754386,9.090909091,0,84
2799,1.242814976,2.665838123,62.64098182,0,0.018642225,4.495883175,8.637564083,20.248563,0,0,0.031070374,0.006214075,0.01242815,0,0,0,0,90.2
2800,1.289482497,2.814543528,62.53887201,0,0.030997175,4.562784221,8.772200642,19.93428351,0,0.004141223,0.034096893,0.006199435,0.01239887,0,0,0,0,89.2
2801,1.291957486,3.059899309,62.50746422,0,0.030908074,4.534214431,8.765529739,19.75334999,0,0.004133028,0.033998881,0.006181615,0.01236323,0,0,0,0,89.2
2802,1.008694245,2.908504879,62.63703568,0,0.024753233,4.597913031,8.880222342,19.88612857,0,0.004147404,0.034035695,0.006188308,0.012376617,0,0,0,0,89.5
2803,1.030768314,3.012065492,62.66290958,0,0.030861327,4.440944921,8.85720078,19.91172803,0,0.004143442,0.030861327,0.006172265,0.012344531,0,0,0,0,89.6
2804,0.654725139,3.082149475,62.81037678,0,0,4.579987647,8.863495985,19.96294009,0,0,0.027794935,0.006176652,0.012353305,0,0,0,0,90.8
2805,0,0,70.76923077,0,0,0,0,0,27.69230769,0,0,0,0,0,0,0,1.538461538,25.5
2806,0,0,70,0,0,0,0,0,26.66666667,0,0,0,0,0,0,0,3.333333333,29.4
2807,0,0,69.09090909,0,0,0,0,0,25.45454545,0,0,0,0,0,0,0,5.454545455,32.1
2808,0,0,68,0,0,0,0,0,24,0,0,0,0,0,0,0,8,34.9
2809,0,0,58.06233062,0,16.12466125,0,0,24.18699187,0,0,1.62601626,0,0,0,0,0,0,65.2
2810,0,0,57.82055689,0,15.60673771,0,0,23.44448264,0,0,3.128222757,0,0,0,0,0,0,68.8
2811,0,0,57.58737238,0,15.1364159,0,0,22.74295272,0,0,4.533258999,0,0,0,0,0,0,72.3
2812,0,0,60.34482759,0,0,0,0,25.86206897,0,10.34482759,0,0,0,0,0,3.448275862,0,52
2813,0,0,60.34482759,0,10.34482759,0,0,25.86206897,0,0,0,0,0,0,0,3.448275862,0,58.5
2814,0,0,60.34482759,0,0,0,0,25.86206897,0,10.34482759,3.448275862,0,0,0,0,0,0,62.7
2815,0,36.95652174,58.69565217,0,2.173913043,0,0,0,0,0,2.173913043,0,0,0,0,0,0,48
2816,0,34.09090909,56.81818182,0,6.818181818,0,0,0,0,0,2.272727273,0,0,0,0,0,0,62
2817,0,30.95238095,54.76190476,0,11.9047619,0,0,0,0,0,2.380952381,0,0,0,0,0,0,73.5
2818,0,0,61.33333333,0,6.666666667,4,4,24,0,0,0,0,0,0,0,0,0,74.3
2819,0,0,61.74496644,0,5.369127517,4.697986577,4.026845638,24.16107383,0,0,0,0,0,0,0,0,0,73.3
2820,0,2.496099844,62.24648986,0,3.120124805,2.028081123,7.488299532,20.90483619,0,0,1.560062402,0,0,0,0.15600624,0,0,78.3
2821,0,1.230428497,62.41656157,0,3.192961949,2.42702021,9.222061583,21.04955551,0,0,0.307607124,0,0,0,0.153803562,0,0,83.4
2822,2.041569303,1.236010331,62.60300086,0,0.744065921,2.444348789,9.279301439,21.18743082,0,0,0.310539909,0,0,0,0.153732628,0,0,88.4
2823,2.031394275,3.755001539,62.51154201,0,0.738688827,1.569713758,6.894429055,20.31394275,0,0,1.415820252,0,0,0,0.769467528,0,0,82.8
2824,2.494004796,3.627098321,62.38908873,0,0.713429257,1.513788969,8.435251799,19.60731415,0,0,0.476618705,0,0,0,0.743405276,0,0,85
2825,3.880701979,0,61.71083336,0,0.626538375,2.410254771,8.138605632,21.44934949,0,0,1.627081802,0,0,0,0.156634594,0,0,89.6
2826,0,0,63.70712647,0,0.657445885,2.542951064,9.905104509,22.62606215,0,0,0.396948459,0,0,0,0.164361471,0,0,90.9
2827,0,0,62.69592476,0,3.761755486,1.567398119,8.150470219,23.19749216,0,0,0.626959248,0,0,0,0,0,0,81.3
2828,0,2.958579882,62.13017751,0,3.550295858,1.775147929,10.0591716,19.52662722,0,0,0,0,0,0,0,0,0,79.9
2829,5.405405405,0,64.86486486,0,0,8.108108108,0,0,21.62162162,0,0,0,0,0,0,0,0,66.4
2830,10.52631579,0,63.15789474,0,0,5.263157895,0,0,21.05263158,0,0,0,0,0,0,0,0,68.7
2831,13.78026071,0,62.07324643,0,0,3.455410718,0,0,20.69108214,0,0,0,0,0,0,0,0,66.1
2832,16.32653061,0,61.2244898,0,0,2.040816327,0,0,20.40816327,0,0,0,0,0,0,0,0,61.7
2833,17.21340388,0,55.20282187,0,0,0,0,16.26102293,1.834215168,0,9.488536155,0,0,0,0,0,0,88
2834,12.91005291,0,55.20282187,0,4.30335097,0,0,16.26102293,1.834215168,0,9.488536155,0,0,0,0,0,0,88
2835,8.60670194,0,55.20282187,0,8.60670194,0,0,16.26102293,1.834215168,0,9.488536155,0,0,0,0,0,0,88
2836,4.30335097,0,55.20282187,0,12.91005291,0,0,16.26102293,1.834215168,0,9.488536155,0,0,0,0,0,0,87
2837,0,0,55.20282187,0,12.91005291,0,0,16.26102293,1.834215168,4.30335097,9.488536155,0,0,0,0,0,0,78
2838,0,0,55.20282187,0,8.60670194,0,0,16.26102293,1.834215168,8.60670194,9.488536155,0,0,0,0,0,0,75
2839,0,0,55.20282187,0,4.30335097,0,0,16.26102293,1.834215168,12.91005291,9.488536155,0,0,0,0,0,0,66
2840,0,0,55.20282187,0,0,0,0,16.26102293,1.834215168,17.21340388,9.488536155,0,0,0,0,0,0,57
2841,0,0,50,0,0,0,15,25,0,0,10,0,0,0,0,0,0,90
2842,0,0,49.5,0.5,0,0,15,25,0,0,10,0,0,0,0,0,0,91
2843,0,0,48.5,1.5,0,0,15,25,0,0,10,0,0,0,0,0,0,92
2844,0,0,47.5,2.5,0,0,15,25,0,0,10,0,0,0,0,0,0,91
2845,0,0,46.5,3.5,0,0,15,25,0,0,10,0,0,0,0,0,0,89
2846,0,4.394788153,61.78700752,0,6.96976262,0.058803503,2.834947851,23.60805917,0,0.328061651,0.018569527,0,0,0,0,0,0,75
2847,0.624729387,4.515370817,61.24203625,0,7.416341931,0.105152471,2.83293128,22.96653677,0,0.272159337,0.024741758,0,0,0,0,0,0,77
2848,0.934030248,4.515510469,61.55011907,0,6.50728358,0.132991062,2.833018897,23.27343581,0,0.253610862,0,0,0,0,0,0,0,77
2849,0.917148837,4.493413763,61.31355411,0,7.072510156,0.135417949,2.819155484,22.73174935,0.246214453,0.270835898,0,0,0,0,0,0,0,77
2850,0.922588135,4.460194293,61.41015458,0,7.020223621,0.128306959,2.79831368,22.38039958,0.61098552,0.268833629,0,0,0,0,0,0,0,76
2851,0.697724677,4.705010651,61.76098299,0,6.248649316,0.058658269,2.753851378,23.42934766,0,0.327251397,0.018523664,0,0,0,0,0,0,76
2852,0.388996944,4.705010651,61.76098299,0,6.557377049,0.058658269,2.753851378,23.42934766,0,0.327251397,0.018523664,0,0,0,0,0,0,77
2853,0.710073786,4.705010651,61.75480843,0,6.575900713,0.058658269,2.753851378,23.4231731,0,0,0.018523664,0,0,0,0,0,0,77
2854,0.620927087,5.102668142,61.48100332,0,6.76872003,0.135251445,2.815689168,22.8236813,0,0.252059511,0,0,0,0,0,0,0,77
2855,0.624555545,4.514114337,61.56200723,0,6.814457533,0.102031351,2.832142968,23.26623999,0,0.253532449,0,0.030918591,0,0,0,0,0,76
2856,0,0,58.49069216,0,10.95551619,3.56271515,4.164299322,20.90504996,0,1.056114435,0.260686474,0,0,0.604926306,0,0,0,74.1
2857,0,0,58.431923,0,11.04872669,3.652830693,4.19089633,20.82080075,0,1.056079139,0.25733574,0,0,0.54140766,0,0,0,74.4
2858,0,0,58.45732054,0,10.97328563,3.754722659,4.186030961,20.8365375,0,1.056538166,0.257447591,0,0,0.478116955,0,0,0,74.3
2859,0,0,58.4081168,0,10.98982052,4.045004018,4.172247522,20.75073667,0,1.051433164,0.184168229,0,0,0.398473078,0,0,0,74.1
2860,2.10253541,0,62.31043317,0,2.726817633,0,11.64934185,17.95989281,0,0,0,0,0,0,3.250979122,0,0,86
2861,0,0,62.39532944,0,0,6.155129274,8.48707256,20.5471226,0,0,2.415346122,0,0,0,0,0,0,98
2862,0,0,62.27284964,0,0.067303809,6.66307713,8.083187508,20.53775744,0,0,2.375824472,0,0,0,0,0,0,97
2863,0,0,62.30929498,0,0.067208818,6.169769474,8.105383426,20.59950265,0,0,2.748840648,0,0,0,0,0,0,96
2864,0,0,62.37394888,0,0.06700392,5.182753191,8.154377031,20.69081041,0,0,3.504305002,0,0.026801568,0,0,0,0,95
2865,0,0,62.02998612,0,0.067688767,6.210444377,8.156496429,20.00203066,0,0,3.506278133,0,0.027075507,0,0,0,0,98
2866,0,0,61.9954587,0,0.067780527,6.703494086,8.133663199,19.94441997,0,0,3.128071305,0,0.027112211,0,0,0,0,98
2867,0,0,62.11547563,0,0,6.446487729,8.133324319,20.15076736,0,0,3.126901494,0,0.027043472,0,0,0,0,98
2868,0,0,62.16744782,0,0.067437704,6.190781266,8.132987153,20.28863337,0,0,3.1257376,0,0.026975082,0,0,0,0,97
2869,0,0,62.16643672,0,0,6.1917421,8.338661372,20.15008244,0,0,3.126156745,0,0.026920618,0,0,0,0,97
2870,0,0,62.13266163,0,0,6.193115029,8.53736356,19.98320739,0,0,3.126784215,0,0.026868178,0,0,0,0,98
2871,4.400665217,0,61.54854804,0,0.140718946,3.975310221,8.398362543,21.16860688,0,0,0.367788154,0,0,0,0,0,0,87.4
2872,4.298438105,0,62.3434878,0,0.058087001,3.072156964,6.415386601,23.65754486,0,0,0.15489867,0,0,0,0,0,0,82.6
2873,4.336432271,0,61.6178948,0,0.081113122,3.328757721,9.951956074,20.46858426,0,0,0.215261746,0,0,0,0,0,0,88.5
2874,4.357442313,0,61.06691315,0,0.092430595,6.166441092,7.394447562,20.66153897,0,0,0.26078632,0,0,0,0,0,0,89.5
2875,4.408856615,0,61.37063572,0,0.116705028,3.747528123,7.897040231,21.05553214,0,0,1.403702143,0,0,0,0,0,0,87.1
2876,5.191396748,0,61.21495327,0,0.13442581,3.895147868,8.23198054,20.97682755,0,0,0.355268211,0,0,0,0,0,0,86.5
2877,4.402636463,0,61.41613873,0,0.473539387,3.929097076,8.299737634,21.12049658,0,0,0.358354131,0,0,0,0,0,0,87.5
2878,4.747334858,0,60.75880061,0,0.276981545,4.879384199,9.043769526,19.50787465,0,0,0.785854617,0,0,0,0,0,0,90.1
2879,4.84697317,0,61.22084401,0,0.323580963,5.167183497,4.975057301,22.53943643,0,0,0.926924633,0,0,0,0,0,0,85.7
2880,4.569596782,0,61.82783871,0,0.207423238,2.419937773,8.711775983,21.68829944,0,0,0.575128068,0,0,0,0,0,0,85.5
2881,0.641436818,6.061577935,61.94676074,0.323925593,0.314304041,5.888389994,4.528543938,19.46440026,0,0.320718409,0.365618987,0.048107761,0.096215523,0,0,0,0,90.5
2882,0.630894723,6.028549579,62.19092531,0.315447362,0.318633699,4.581952587,4.499107826,19.97196023,0,0.318633699,1.000509814,0.047795055,0.09559011,0,0,0,0,87.4
2883,1.288734903,5.472266295,61.90136969,0.323802739,0.323802739,5.300650844,3.930965256,20.2959557,0,0.323802739,0.692937862,0.048570411,0.097140822,0,0,0,0,86.8
2884,0.653893938,4.87804878,61.85182763,0.326946969,0.326946969,6.002746355,4.623030145,19.83587262,0,0.326946969,1.026613483,0.049042045,0.098084091,0,0,0,0,86.5
2885,1.942441369,4.852855194,61.45325797,0.324822971,0.324822971,5.960501527,4.586500357,19.71025791,0,0.324822971,0.373546417,0.048723446,0.097446891,0,0,0,0,89.6
2886,1.942441369,4.846358734,62.09965569,0.324822971,0.324822971,4.6677061,3.30020139,21.64945105,0,0.324822971,0.373546417,0.048723446,0.097446891,0,0,0,0,87.2
2887,1.923635542,4.815544008,61.70157828,0.325985218,0.322757641,4.638027305,4.563793048,20.22722138,0,0.322757641,1.013458994,0.048413646,0.096827292,0,0,0,0,91.5
2888,0.651784259,4.862310575,62.30079844,0.32589213,0.32589213,5.334854163,3.956330455,21.07218511,0,0.32589213,0.697409158,0.048883819,0.097767639,0,0,0,0,85.3
2889,1.546424692,6.000383411,61.94645025,0.30033868,0.153364432,4.760687584,4.338935395,19.8926449,0,0.102242955,0.894625855,0,0.063901847,0,0,0,0,86.1
2890,1.955831876,5.841590571,61.88718347,0.301146299,0.349718282,4.569004598,3.147464542,20.75318956,0,0.103620232,1.026487922,0,0.064762645,0,0,0,0,85.7
2891,0.266225123,0,63.66027077,0,0,4.879711698,7.480276614,23.71351579,0,0,0,0,0,0,0,0,0,87.3
2892,1.538997435,0,63.58972735,0,0.025333291,2.343329428,7.922986795,24.00012667,0,0,0.579499034,0,0,0,0,0,0,85.3
2893,1.910504602,0,63.24976198,0,0.031735957,2.557918121,8.086321803,23.42748334,0,0,0.736274199,0,0,0,0,0,0,85.6
2894,1.907627309,0,63.38699869,0,0.03200717,2.557372852,7.272028934,24.10780015,0,0,0.736164901,0,0,0,0,0,0,84.2
2895,1.908708482,0,63.59326929,0,0.031393232,1.531989703,8.086896465,24.11314121,0,0,0.73460162,0,0,0,0,0,0,84.4
2896,1.896361632,0,63.51551425,0,0.031501024,2.542132619,8.039061269,23.9754292,0,0,0,0,0,0,0,0,0,85.1
2897,0.133088282,0,64.17073325,0,0.031687686,2.500158438,8.118385196,24.36466189,0,0,0.681285253,0,0,0,0,0,0,85.6
2898,1.538997435,0,63.59922733,0,0,2.346496089,7.929320118,24.00329333,0,0,0.582665696,0,0,0,0,0,0,87.1
2899,1.004343105,0,62.94788274,0,0.481813246,6.076954397,4.757057546,24.26031488,0,0,0.471634093,0,0,0,0,0,0,85.4
2900,1.312612643,0,62.51572755,0,0.632502465,6.42364063,5.012412011,23.49780664,0,0,0.605298058,0,0,0,0,0,0,86.4
2901,1.298701299,0,62.719027,0,0.625300625,6.397306397,3.923589638,24.43826015,0,0,0.597814884,0,0,0,0,0,0,84.8
2902,1.313893079,0,63.00318418,0,0.630132395,4.960616725,5.014245014,24.47125859,0,0,0.606670018,0,0,0,0,0,0,83.8
2903,1.149114506,0,62.92077869,0,0.554278762,6.215357577,4.86007841,24.26321482,0,0,0.037177234,0,0,0,0,0,0,85.3
2904,0,0,63.34714111,0,0.529675404,6.220290642,4.868939291,24.52465028,0,0,0.509303273,0,0,0,0,0,0,84.2
2905,1.086366105,0,63.09410646,0,0,6.168522542,4.827539381,24.31762629,0,0,0.505839218,0,0,0,0,0,0,84.9
2906,3.07205174,0,62.85579547,0,0,4.867450399,3.84680163,25.32421599,0,0,0.033684778,0,0,0,0,0,0,83.6
2907,0.104428418,0,63.63933035,0,0.052214209,5.113729074,7.296935679,23.70851418,0,0,0.084848089,0,0,0,0,0,0,86.8
2908,3.91250345,0,61.49944797,0,0,7.555892906,4.085012421,22.91264146,0,0,0.034501794,0,0,0,0,0,0,84.8
2909,0,31.99807992,60,0,0,0,0,0,0,0,0,4.000960038,0,0,0,4.000960038,0,94
2910,0,28.57289792,60,0,0,0,0,0,0,0,0,5.713551041,0,0,0,5.713551041,0,107
2911,0,18.18181818,54.54545455,0,0,0,0,0,0,0,0,0,0,0,0,0,27.27272727,35
2912,0,0,60.41666667,0,8.653846154,2.564102564,6.41025641,21.79487179,0,0,0,0,0,0,0.16025641,0,0,75
2913,0,0,60.73319629,0,3.886077873,1.79172263,3.308324703,22.05779069,0,2.558621184,1.719503484,0,0,1.396236829,0.976677979,1.571626184,0,80
2914,0,5.106728756,63.90911648,0,0,0.70944151,4.56917836,22.9802794,0,0,1.897052849,0,0,0.256274026,0,0.571928618,0,70
2915,0,5.894118382,63.78836177,0,0,1.000062504,4.025251578,22.61703856,0,0,1.934495906,0,0,0.38752422,0,0.353147072,0,68
2916,0,5.686671863,63.91893998,0,0,0,4.121590023,22.93374903,0,0,2.447388932,0,0,0.760717069,0,0.130943102,0,74
2917,0,4.427878282,63.40413226,0,0,2.667009415,4.498570097,22.34504033,0,0,1.699816844,0,0,0.957552778,0,0,0,77
2918,0,5.677638404,63.57320255,0,0,1.07831117,4.300669622,22.15725109,0,0,3.099751643,0,0,0.113175516,0,0,0,73
2919,0,6.023190223,63.59448449,0,0,1.422751489,4.111563773,22.12159198,0,0,2.362895644,0,0,0.325916641,0,0.037605766,0,72
2920,0,4.855959148,63.67665478,0,0,1.531939493,3.558467418,23.14609628,0,0,1.837042747,0,0,1.191508495,0,0.202331631,0,73
2921,0,4.842677716,63.63459795,0,0,2.039362942,3.146445682,23.27463421,0,0,1.832189564,0,0,0.893435194,0,0.33665674,0,73
2922,0,5.917910899,63.78830925,0,0,0.510790062,6.056942513,21.5891918,0,0,0.734449616,0,0,0.595418002,0,0.80698785,0,74
2923,0,6.891309856,63.31707626,0,0,2.973777553,3.135292627,21.62085128,0,0,0.712566506,0,0,1.349125918,0,0,0,71
2924,0,0,59.47712418,0,7.843137255,5.882352941,7.843137255,18.62745098,0,0,0,0,0,0,0.326797386,0,0,82
2925,0,0,59.80707395,0,7.717041801,4.823151125,8.360128617,18.97106109,0,0,0,0,0,0,0.321543408,0,0,83
2926,0,0,59.87055016,0,7.766990291,4.854368932,7.766990291,19.41747573,0,0,0,0,0,0,0.323624595,0,0,81
2927,0,0,59.54692557,0,8.414239482,4.854368932,7.766990291,19.09385113,0,0,0,0,0,0,0.323624595,0,0,81
2928,0,0,59.87055016,0,6.472491909,4.854368932,7.766990291,19.41747573,0,1.294498382,0,0,0,0,0.323624595,0,0,81
2929,1.009998305,0,60.73546856,0,5.707507202,3.355363498,4.026436197,21.47432639,0,0,2.348754448,0,0,0,1.342145399,0,0,87.9
2930,0.652911987,4.857665187,62.24862888,0.408069992,0.326455994,5.331026378,3.950117524,21.0564116,0,0.326455994,0.695351267,0.048968399,0.097936798,0,0,0,0,85.3
2931,1.544845196,6.000638366,61.97893393,0.252154485,0.153207788,4.759016917,4.340887328,19.90743696,0,0.102138525,0.896903926,0,0.063836578,0,0,0,0,86.1
2932,0.76593535,4.985070752,62.29715695,0.305075944,0.220693236,5.585486174,4.394391795,20.70297287,0,0.064909775,0.613397378,0,0.064909775,0,0,0,0,91.8
2933,1.803607214,4.796690155,62.00788674,0.303833473,0.090503588,5.039110479,4.544573017,20.58310169,0,0.038787252,0.727260974,0,0.06464542,0,0,0,0,89.5
2934,0,1.861343404,61.37712436,0,7.040733747,1.453331535,0.755327758,25.02023199,0,0.128135959,2.34353925,0,0.020231994,0,0,0,0,76
2935,0,3.639690267,62.3517496,0,5.430130362,0.934426765,0.777599895,25.24259156,0,0.084947888,1.5192603,0,0.019603359,0,0,0,0,76
2936,0,5.280841892,63.24014201,0,3.936858121,0.481805503,0.836820084,25.39305186,0,0.038037277,0.760745531,0,0.03169773,0,0,0,0,73.2
2937,0,6.312974251,63.78902849,0,3.022764025,0.189700211,0.858315711,25.48824481,0,0,0.307874114,0,0.031098395,0,0,0,0,68.3
2938,0,0,60.34524762,0,8.728639543,1.994222671,0.730866947,24.79031079,0,0.222740403,3.167090105,0,0.020881913,0,0,0,0,74.2
2939,0,0,59.56302188,0,9.874913363,3.128816133,4.990263705,21.56836859,0,0,0.293739067,0,0,0.419155748,0,0.161721509,0,74.8
2940,0,0,59.59402906,0,9.905427225,2.880021089,5.002141892,21.63970079,0,0,0.296569677,0,0,0.520644545,0,0.161465713,0,74.7
2941,0,0,59.78583196,0,8.560131796,2.902800659,5.041186161,21.79571664,0,0.929159802,0.296540362,0,0,0.523887974,0,0.164744646,0,75.1
2942,0,0,59.71398445,0,9.206537498,2.89640174,5.021747726,21.74113615,0,0.441544748,0.296559905,0,0,0.520627389,0,0.161460393,0,74.8
2943,0,0,59.69150654,0,9.24821199,3.042088263,5.009722817,21.72308098,0,0.441646617,0.220823308,0,0,0.461421838,0,0.161497643,0,74.8
2944,0,0,59.77694186,0,8.024813568,2.874018346,5.041905893,21.73826965,0,1.385864185,0.300270573,0,0,0.692932093,0,0.164983832,0,75.2
2945,0,0,59.43979629,0,9.973874797,3.240847912,5.006779325,21.36314032,0,0,0.294321902,0,0,0.519197063,0,0.162042396,0,75.6
2946,0,0,59.45302424,0,9.940804921,2.910149145,5.0133933,21.36975429,0,0,0.29762889,0,0,0.84989583,0,0.165349383,0,75.1
2947,0,0,59.45177396,0,9.952716331,2.883311841,5.012730219,21.37354098,0,0,0.300896075,0,0,0.529048044,0,0.495982541,0,74.8
2948,0,0,59.58218004,0,9.924871491,2.547120074,5.008567286,21.62251219,0,0,0.299855015,0,0,0.850138395,0,0.164755503,0,74.6
2949,0.677966102,0,60.6779661,0,6.101694915,5.762711864,4.06779661,22.03389831,0,0,0,0,0,0,0.677966102,0,0,84
2950,0.689655172,0,61.37931034,0,4.827586207,5.862068966,2.75862069,23.10344828,0,0,0.344827586,0,0,0,1.034482759,0,0,86.2
2951,0.680272109,0,60.88435374,0,6.12244898,5.442176871,3.401360544,22.27891156,0,0,0,0,0,0,1.19047619,0,0,85.3
2952,0.661157025,0,60.82644628,0,4.297520661,6.446280992,7.272727273,20.16528926,0,0,0,0,0,0,0.330578512,0,0,89.2
2953,0.664451827,0,61.12956811,0,3.986710963,6.312292359,6.644518272,20.93023256,0,0,0,0,0,0,0.332225914,0,0,88.4
2954,1.326699834,0,61.02819237,0,3.316749585,6.467661692,6.965174129,20.8159204,0,0,0,0,0,0,0.07960199,0,0,85.2
2955,0,1.232019609,64.50041927,0,0,0.63858608,5.263497388,25.75308005,0,0,0.651486809,0,0,1.512610462,0,0.448300329,0,77.6
2956,0,1.717670286,64.24810793,0,0,1.112207963,3.974991774,25.64988483,0,0,1.747285291,0,0,1.049687397,0,0.500164528,0,78.1
2957,0,1.407385486,64.22018349,0,0,0.89770149,4.386570649,25.54338891,0,0,2.203150176,0,0,0.884548354,0,0.457071454,0,78.4
2958,0,1.589395238,64.45953967,0,0,1.477280222,3.541515531,26.35362395,0,0,0.946382642,0,0,1.147530172,0,0.484732573,0,78.3
2959,0,1.587301587,64.1243496,0,0,1.63669894,4.300862807,25.30461701,0,0,1.593887901,0,0,0.882566028,0,0.56971613,0,79.4
2960,0,1.162867965,64.3298558,0,0,0.847232374,3.727822447,26.2143664,0,0,2.358960728,0,0,0.926971892,0,0.431922387,0,79.2
2961,0,0.7406666,64.34791312,0,0,2.02849231,3.836786441,26.40709972,0,0,1.034264171,0,0,0.890801722,0,0.713975912,0,80.4
2962,0,1.532005595,64.42083528,0,0,1.695197496,3.017384933,26.56697529,0,0,1.178978219,0,0,0.94917738,0,0.639445814,0,80.6
2963,0,1.274948268,64.18129631,0,0,2.362993125,3.611240905,25.91949803,0,0,1.321674121,0,0,0.857753154,0,0.470596088,0,81.3
2964,0,1.390673917,64.03690888,0,0,2.613280606,4.626791893,25.06508486,0,0,0.975449003,0,0,0.853517878,0,0.438292964,0,81.5
2965,0,0,60.33399415,0,3.024091932,4.028762474,4.368132791,21.65921844,0,4.704143006,0.840025537,0,0.033601021,0.336010215,0.672020429,0,0,76.4
2966,0,0,60.6450734,0,3.405878546,3.91335445,3.405878546,22.46517489,0,3.746466401,1.192057491,0,0.034058785,0.340587855,0.681175709,0.170293927,0,77.6
2967,0,0,61.36101499,0,1.048547761,4.190695886,1.398063682,24.27737583,0,4.893222886,1.223305722,0,0.034951592,0.524273881,0.699031841,0.34951592,0,76.5
2968,0,0,60.88954425,0,2.400466376,4.111655979,2.400466376,23.47656116,0,4.800932753,1.200233188,0,0.034292377,0,0.685847536,0,0,74.9
2969,0,0,60.53740602,0,3.371430498,3.705202117,4.045716598,22.23795556,0,4.045716598,1.180000674,0,0.033714305,0.168571525,0.505714575,0.168571525,0,76.1
2970,0,0,60.70896533,0,3.385698808,3.72088299,4.06283857,22.1627844,0,3.385698808,1.692849404,0,0.033856988,0.209913326,0.592497291,0.044014085,0,79
2971,0,0,60.67000437,0,4.200127684,3.440744599,4.368132791,22.07923121,0,2.856086825,1.764053627,0,0.033601021,0,0.588017876,0,0,78.2
2972,0,0,60.68796069,0,4.038908148,3.362391034,4.207195988,22.20053179,0,3.029181111,1.851166235,0,0.033657568,0,0.589007438,0,0,77.9
2973,0,0,60.6908673,0,3.379977016,3.376597039,4.22497127,22.04083012,0,3.379977016,1.858987359,0,0.03379977,0.253498276,0.591495978,0.168998851,0,78
2974,0,11.94029851,59.70149254,0,8.955223881,0,0,17.91044776,0,0,0,0,0,0,0,1.492537313,0,83.4
2975,0,11.94029851,59.70149254,0,8.955223881,0,0,17.91044776,0,0,1.492537313,0,0,0,0,0,0,81.6
2976,0,9.996399856,60.0024001,0,9.996399856,0,0,20.00480019,0,0,0,0,0,0,0,0,0,78.2
2977,0,1.854724489,61.37789168,0,7.041208606,1.453429554,0.755378701,25.0252917,0,0.128144601,2.343697309,0,0.020233358,0,0,0,0,76
2978,0,0,60.44303797,0,8.227848101,2.53164557,7.594936709,21.20253165,0,0,0,0,0,0,0,0,0,78
2979,0,1.863354037,60.2484472,0,8.074534161,2.48447205,7.453416149,19.8757764,0,0,0,0,0,0,0,0,0,72
2980,0,0,60.18808777,0,8.150470219,2.821316614,8.777429467,20.06269592,0,0,0,0,0,0,0,0,0,75
2981,0,1.846153846,60,0,8,2.769230769,8.615384615,18.76923077,0,0,0,0,0,0,0,0,0,72
2982,0,0,60.6504065,0,8.780487805,2.43902439,4.87804878,23.25203252,0,0,0,0,0,0,0,0,0,70
2983,0,0,60.51364366,0,8.667736758,2.407704655,6.099518459,22.31139647,0,0,0,0,0,0,0,0,0,71
2984,0,0,60.39279869,0,8.83797054,3.109656301,4.909983633,22.74959083,0,0,0,0,0,0,0,0,0,73
2985,0,0,60.25848142,0,8.723747981,3.069466882,6.138933764,21.80936995,0,0,0,0,0,0,0,0,0,73
2986,0,0,60.33057851,0,8.925619835,3.47107438,4.297520661,22.97520661,0,0,0,0,0,0,0,0,0,69
2987,0,0,63.25806452,0,0,2.612903226,8.967741935,22.03225806,0,0,2.516129032,0,0,0.612903226,0,0,0,87.1
2988,0,0,63.25806452,0,0,2.322580645,8.967741935,22.03225806,0,0,2.64516129,0,0,0.774193548,0,0,0,87.2
2989,0,0,63.26860841,0,0,2.750809061,8.737864078,22.16828479,0,0,2.750809061,0,0,0.323624595,0,0,0,87
2990,0,0,63.25940212,0,0,2.25008036,9.193185471,21.92221151,0,0,2.732240437,0,0,0.642880103,0,0,0,79.9
2991,0,0.319897633,63.27575176,0,0,2.495201536,9.149072297,21.81701855,0,0,2.783109405,0,0,0.159948816,0,0,0,84.2
2992,0,0,63.24481865,0,0,2.946891192,8.743523316,22.11787565,0,0,2.784974093,0,0,0.161917098,0,0,0,87
2993,0,0,63.30658106,0,0,1.926163724,9.181380417,22.02247191,0,0,2.889245586,0,0,0.674157303,0,0,0,87.1
2994,0,0,63.24481865,0,0,2.428756477,8.743523316,22.11787565,0,0,2.784974093,0,0,0.485751295,0,0.194300518,0,87
2995,0,0,63.29648895,0,0,2.503250975,8.387516255,22.20416125,0,0,2.860858257,0,0,0.5526658,0.195058518,0,0,87
2996,0,0,62.40745084,0,0,5.182753191,8.154377031,20.72431237,0,0,3.504305002,0,0.026801568,0,0,0,0,86
2997,0,0,62.18322929,0,0,6.438333052,8.118778471,20.29357179,0,0,2.93909229,0,0.026995107,0,0,0,0,88
2998,0,0,62.10926974,0,0,6.150633252,8.387227162,20.01145244,0,0,3.314470493,0,0.026946915,0,0,0,0,87
2999,0,0,62.37510127,0,0.067512827,6.562246827,7.642452066,20.94923035,0,0,2.376451526,0,0.027005131,0,0,0,0,86
3000,0,0,62.23191688,0,0,5.14186759,8.905021979,19.99800186,0,0,3.696549887,0,0.026641801,0,0,0,0,86
3001,0,0,61.89666315,0,0,6.183883806,8.149937073,19.70475186,0,0,4.037552298,0,0.02721181,0,0,0,0,87
3002,0,0.260162602,63.08943089,0,0,3.219512195,8.520325203,21.78861789,0,0,1.723577236,0,0,1.398373984,0,0,0,89
3003,0,0.454250487,63.10837119,0,0,3.147306944,8.436080467,21.7715769,0,0,2.33614536,0,0,0.746268657,0,0,0,88
3004,0,0.71082391,63.10177706,0,0,2.972536349,8.465266559,21.61550889,0,0,1.712439418,0,0,1.421647819,0,0,0,88
3005,0,9.268223235,59.45686219,0,0,1.601651481,0.633542141,13.96284169,0,0,1.149629841,0,0,4.669703872,0,9.257545558,0,79.5
3006,0,9.135316419,58.97856518,0,0,3.944298629,0,13.38947215,0,0,1.133712453,0,0,4.480169146,0,8.938466025,0,79.88
3007,0,0,60.77056578,0,3.991669559,1.228740021,2.422769872,22.63450191,0,2.624088858,1.32245748,0,0,2.388059701,1.003123915,1.614022909,0,77
3008,0,0,60.58631922,0,9.120521173,2.280130293,4.560260586,23.45276873,0,0,0,0,0,0,0,0,0,69.7
3009,0,0,60.90909091,0,8.701298701,1.948051948,4.545454545,23.8961039,0,0,0,0,0,0,0,0,0,69.3
3010,0,0,60.96774194,0,8.387096774,1.935483871,5.161290323,23.5483871,0,0,0,0,0,0,0,0,0,70
3011,0,8.315499847,61.11280954,0,5.564047692,2.782023846,2.751452155,19.47416692,0,0,0,0,0,0,0,0,0,65.8
3012,0,6.413077649,60.01257466,0,8.550770198,2.860735618,2.13769255,20.02514932,0,0,0,0,0,0,0,0,0,72.1
3013,0,5.560647724,61.10601894,0,5.560647724,2.780323862,5.560647724,19.43171402,0,0,0,0,0,0,0,0,0,64.8
3014,0,2.751452155,61.11280954,0,5.564047692,2.782023846,8.315499847,19.47416692,0,0,0,0,0,0,0,0,0,72.3
3015,0,2.13769255,60.01257466,0,8.550770198,2.860735618,6.413077649,20.02514932,0,0,0,0,0,0,0,0,0,71.1
3016,0,0,59.42492013,0,9.584664537,2.875399361,7.028753994,20.44728435,0,0.638977636,0,0,0,0,0,0,0,74.5
3017,0,0.630914826,61.829653,0,0,7.886435331,12.61829653,17.03470032,0,0,0,0,0,0,0,0,0,104
3018,1.215805471,2.431610942,61.09422492,0,0.607902736,6.382978723,12.76595745,15.50151976,0,0,0,0,0,0,0,0,0,100
3019,1.074947746,2.20961481,60.8241266,0,1.672140938,5.464317707,13.6757241,15.0791281,0,0,0,0,0,0,0,0,0,100
3020,0.552440405,0,62.70695799,0,0,3.314642433,17.12565257,14.63967075,1.657321216,0,0,0,0.003314642,0,0,0,0,99
3021,0,7.334963325,63.93643032,0,2.444987775,0,0.97799511,25.06112469,0,0.244498778,0,0,0,0,0,0,0,64
3022,0,6.666666667,63.63636364,0,1.818181818,0,2.424242424,24.24242424,0,1.212121212,0,0,0,0,0,0,0,63
3023,0,6.218905473,63.99253731,0,2.985074627,0,0.497512438,26.18159204,0,0.124378109,0,0,0,0,0,0,0,69
3024,0.607902736,7.294832827,63.2218845,0,3.039513678,0,1.519756839,24.01215805,0,0.303951368,0,0,0,0,0,0,0,64
3025,2.994011976,7.185628743,61.67664671,0,3.413173653,0,2.994011976,21.55688623,0,0.179640719,0,0,0,0,0,0,0,64
3026,6.086427267,6.695069994,60.65124772,0.213024954,1.521606817,0,2.434570907,21.30249544,0,1.095556908,0,0,0,0,0,0,0,65
3027,0,11.69590643,63.4502924,0,1.169590643,0,0.584795322,21.92982456,0,1.169590643,0,0,0,0,0,0,0,57
3028,0,10.97922849,63.20474777,0,1.78041543,0,0.296735905,22.25519288,0,1.18694362,0.296735905,0,0,0,0,0,0,62
3029,6.620428752,0,59.36317781,0,3.530895334,1.57629256,7.061790668,20.30264817,0,1.008827238,0.063051702,0.031525851,0,0,0.441361917,0,0,85
3030,5.198180637,0,60.4288499,0,3.443794672,2.274204029,4.873294347,22.70955166,0,0.64977258,0.064977258,0.032488629,0,0,0.32488629,0,0,83
3031,6.36629829,0,60.41686345,0,2.51881238,1.703346872,6.051446743,21.27451906,0.629703095,0.629703095,0.062970309,0.031485155,0,0,0.314851547,0,0,85
3032,0,3.273307616,63.26450504,0,0,1.387258942,7.830998791,20.96163848,0,0,2.057507644,0,0.012469743,1.193977921,0.006234872,0.009352307,0,80.73071
3033,2.571212503,0,62.87496849,0,0.327703554,2.861104109,8.33123267,22.24602975,0,0,0,0,0,0,0.787748929,0,0,98
3034,13.73943121,0.102485268,58.94183961,0,0.947988727,0,2.728670254,22.44427364,0.544452985,0,0,0,0,0,0.550858314,0,0,105
3035,21.93821848,0,54.87444609,0,1.149572924,0,0.700019267,17.63534776,1.48352707,0.757819023,0,0,0,0,1.461049387,0,0,104
3036,21.92115064,0,54.23783228,0,3.204058045,0,0.693463465,16.99627584,1.496083216,0,0,0,0,0,1.45113651,0,0,106
3037,0,2.667698812,60.5234168,0,8.199601036,0.747312948,8.318694733,19.32295233,0.220323339,0,0,0,0,0,0,0,0,68.2341
3038,0,1.925673692,60.69688252,0,8.36611284,0.780837198,8.418951447,18.62560911,1.185933189,0,0,0,0,0,0,0,0,67.1025
3039,0,1.755463881,60.78001112,0,8.33260189,0.74607215,8.455484362,18.54940168,1.38096492,0,0,0,0,0,0,0,0,66.8334
3040,0,1.206566506,60.91420616,0,8.422762341,0.754104066,8.532977551,18.1681072,2.001276176,0,0,0,0,0,0,0,0,66.6402
3041,7.901234568,0,59.19753086,0,3.395061728,0,7.407407407,20.37037037,0,1.172839506,0,0,0,0,0.555555556,0,0,84.2
3042,7.950310559,0,58.78881988,0,3.416149068,0,6.832298137,20.49689441,0,2.111801242,0,0,0,0,0.403726708,0,0,81.7
3043,7.925696594,0,58.76160991,0,3.405572755,0,7.120743034,20.27863777,0,2.105263158,0,0,0,0,0.40247678,0,0,82.1
3044,7.639751553,0,58.94409938,0,3.416149068,0,6.832298137,20.65217391,0,2.111801242,0,0,0,0,0.403726708,0,0,81.6
3045,7.925696594,0,58.82352941,0,3.405572755,0,7.120743034,20.12383901,0,1.981424149,0,0,0,0,0.619195046,0,0,83.3
3046,7.925696594,0,58.91640867,0,3.405572755,0,7.120743034,20.27863777,0,1.795665635,0,0,0,0,0.557275542,0,0,83.2
3047,7.925696594,0,58.82352941,0,2.786377709,0,7.120743034,20.12383901,0,2.600619195,0,0,0,0,0.619195046,0,0,82.6
3048,7.960199005,0,58.95522388,0,2.611940299,0,6.71641791,20.30472637,0,2.611940299,0,0,0,0,0.839552239,0,0,83.4
3049,7.94044665,0,58.93300248,0,2.605459057,0,6.947890819,20.25434243,0,2.605459057,0,0,0,0,0.713399504,0,0,83
3050,7.935523869,0,58.92746435,0,3.409795412,0,7.005579665,20.30378177,0,1.797892126,0,0,0,0,0.619962802,0,0,83.7
3051,7.94044665,0,58.83995037,0,3.287841191,0,6.947890819,20.16129032,0,2.109181141,0,0,0,0,0.713399504,0,0,83.6
3052,7.925696594,0,58.76160991,0,3.405572755,0,7.120743034,20.0619195,0,2.105263158,0,0,0,0,0.619195046,0,0,83.3
3053,8.805031447,0,59.11949686,0,0,0,5.660377358,21.06918239,0,4.402515723,0,0,0,0,0.943396226,0,0,82
3054,4.854368932,0,60.01213592,0,1.213592233,0,8.980582524,20.69174757,0,4.247572816,0,0,0,0,0,0,0,77
3055,5.956112853,0,58.15047022,0,5.015673981,0,5.956112853,19.7492163,0,4.07523511,0,0,0,0,1.097178683,0,0,79
3056,7.5,0,58.75,0,3.125,0,6.25,20.3125,0,3.125,0,0,0,0,0.9375,0,0,82
3057,4.938271605,0,59.56790123,0,3.703703704,0,7.407407407,20.37037037,0,3.086419753,0,0,0,0,0.925925926,0,0,81
3058,0,8.797653959,63.3431085,0,0,0.293255132,5.865102639,19.35483871,0,0,0.879765396,0,0,1.173020528,0,0.293255132,0,64
3059,0,3.879173291,63.27503975,0,0,0.031796502,5.977742448,21.62162162,0,0,2.225755167,0,0,0.826709062,0,2.162162162,0,74
3060,0,3.947368421,63.15789474,0,0,1.644736842,3.947368421,22.36842105,0,0,1.644736842,0,0,1.644736842,0,1.644736842,0,76
3061,0,0.832799488,63.54900705,0,0,1.601537476,8.00768738,22.67777066,0,0,1.665598975,0,0,0.480461243,0,1.185137732,0,82
3062,0.468083742,0,63.17206887,0,0,5.248308807,9.066717964,22.04482062,0,0,0,0,0,0,0,0,0,89.908
3063,0.472560015,0,63.13716842,0,0,4.757104152,10.24510113,21.38806628,0,0,0,0,0,0,0,0,0,91.08
3064,0.40181134,0,63.30441992,0,0,4.8791377,9.209771031,22.20486,0,0,0,0,0,0,0,0,0,89.908
3065,6.017369727,0,58.96401985,0,4.404466501,1.11662531,8.064516129,19.5719603,0,1.550868486,0,0.310173697,0,0,0,0,0,82.2
3066,6.873065015,0,58.6996904,0,3.405572755,0.92879257,8.049535604,19.19504644,0,2.352941176,0,0.309597523,0,0,0.185758514,0,0,82.8
3067,5.603985056,0,58.99750934,0,3.300124533,1.494396015,8.094645081,19.27148194,0,2.739726027,0,0.311332503,0,0,0.186799502,0,0,82.2
3068,6.825938567,0,58.82717965,0,1.861619609,1.147998759,8.067018306,19.23673596,0,3.537077257,0,0.310269935,0,0,0.186161961,0,0,82
3069,8.03461063,0,58.5908529,0,1.854140915,0.741656366,8.03461063,19.15945612,0,3.090234858,0,0.309023486,0,0,0.185414091,0,0,82.8
3070,6.681257219,0,58.79080795,0,3.641558757,0.303969846,9.113015989,18.82485257,0,2.188582893,0,0.303969846,0,0,0.151984923,0,0,82.6
3071,6.695069994,0,58.88618381,0,2.434570907,0.426049909,9.129640901,18.86792453,0,3.104077906,0,0.304321363,0,0,0.152160682,0,0,81.8
3072,7.160493827,0,58.95061728,0,4.135802469,0,7.407407407,19.90740741,0,1.666666667,0,0.308641975,0,0,0.462962963,0,0,82.8
3073,6.296296296,0,59.07407407,0,4.75308642,0,7.407407407,19.90740741,0,1.666666667,0,0.277777778,0,0,0.617283951,0,0,82.6
3074,6.871165644,0,58.98773006,0,3.987730061,0,7.975460123,19.84662577,0,1.840490798,0,0,0,0,0.490797546,0,0,82.2
3075,7.668711656,0,58.89570552,0,3.374233129,0,7.975460123,19.78527607,0,1.840490798,0,0,0,0,0.460122699,0,0,82.7
3076,7.839506173,0,58.7962963,0,3.580246914,0,7.407407407,19.90740741,0,1.851851852,0,0,0,0,0.617283951,0,0,83.1
3077,6.620262954,0,58.70069606,0,4.207269915,0.850734725,8.043310131,19.30394432,0,1.856148492,0,0.232018561,0,0,0.185614849,0,0,82.8
3078,0,0,60.731787,0,8.559294348,2.646194054,4.639006861,23.42371774,0,0,0,0,0,0,0,0,0,73
3079,0,0,60.45016077,0,9.003215434,2.250803859,5.78778135,22.50803859,0,0,0,0,0,0,0,0,0,74
3080,0,0,60.57913787,0,9.147745969,2.599539322,3.882856203,23.79072063,0,0,0,0,0,0,0,0,0,73
3081,0,0,60.78175896,0,8.729641694,2.280130293,4.560260586,23.64820847,0,0,0,0,0,0,0,0,0,69.9
3082,0,0,60.59335698,0,9.093840697,1.967107385,5.224121251,23.12157369,0,0,0,0,0,0,0,0,0,72
3083,0,0,61.0912634,0,8.379343943,1.916206561,4.481974667,24.13121143,0,0,0,0,0,0,0,0,0,72
3084,0,0,60.8368748,0,8.4341288,2.582543315,4.511278195,23.63517489,0,0,0,0,0,0,0,0,0,73
3085,0,0,60.71428571,0,8.766233766,2.272727273,4.87012987,23.37662338,0,0,0,0,0,0,0,0,0,70
3086,0,0,60.96463023,0,8.617363344,1.607717042,5.144694534,23.66559486,0,0,0,0,0,0,0,0,0,71
3087,0,0,60.69911794,0,8.820646847,2.45017968,4.442992486,23.58706305,0,0,0,0,0,0,0,0,0,70
3088,0,0,60.73298429,0,8.638743455,2.617801047,4.45026178,23.56020942,0,0,0,0,0,0,0,0,0,70
3089,0,0,60.95551895,0,8.23723229,2.800658979,3.953871499,24.05271829,0,0,0,0,0,0,0,0,0,70
3090,0,0,60.93390332,0,8.220979941,2.79513318,4.14337389,23.90660967,0,0,0,0,0,0,0,0,0,71
3091,0,0,60.74382815,0,9.099070215,1.474831677,5.290157102,23.39211286,0,0,0,0,0,0,0,0,0,71
3092,0,0,62.04790823,0,0.067476383,6.447368421,8.333333333,19.94939271,0,0,3.127530364,0,0.026990553,0,0,0,0,98
3093,0,0,62.1553208,0,0.067501434,6.436261771,8.120422559,20.28418104,0,0,2.936312397,0,0,0,0,0,0,97
3094,0,0,62.23523507,0,0.066923206,6.173665719,8.512631755,20.23423122,0,0,2.750543751,0,0.026769282,0,0,0,0,97
3095,0,0,62.13067702,0,0.067533345,6.685801114,8.110754685,20.2262367,0,0,2.751983792,0,0.027013338,0,0,0,0,98
3096,0,0,62.09965613,0,0,6.199851662,8.347380487,20.01213674,0,0,3.31400445,0,0.026970535,0,0,0,0,98
3097,0,0,62.15025558,0,0.067258542,5.945655098,8.346785042,20.14729621,0,0,3.315846112,0,0.026903417,0,0,0,0,97
3098,0,0,62.11483415,0,0.067351406,6.43879441,8.324633777,20.08755683,0,0,2.93988887,0,0.026940562,0,0,0,0,98
3099,0,0,58.62416107,0,6.308724832,2.651006711,3.355704698,21.27516779,0,5.973154362,1.342281879,0,0,0.033557047,0.436241611,0,0,75
3100,0,0,58.81181547,0,6.372386326,1.792233654,3.584467308,21.20809824,0,6.040491205,1.327580485,0,0,0.033189512,0.829737803,0,0,76
3101,0,0,59.44679012,0,7.972339506,3.653711892,3.982845174,21.3870142,0,2.659662888,0.033245786,0,0,0.033245786,0.831144652,0,0,78
3102,0,0,59.96794981,0,7.371543523,3.549387978,1.36383784,24.33768625,0,3.136827031,0.102287838,0,0,0,0.17047973,0,0,73
3103,0,0,59.22078773,0,8.178779737,3.434038928,5.229700505,21.05970247,0,2.614850252,0.032767547,0,0,0.032767547,0.163837735,0.032767547,0,74
3104,0,0,60.80547513,0,9.357725717,1.934719663,3.224532772,24.67754672,0,0,0,0,0,0,0,0,0,73
3105,1.023890785,0,60.75085324,0,5.802047782,0.682593857,3.412969283,21.84300341,0,0,4.436860068,0,0,0.682593857,1.365187713,0,0,87.5
3106,1.349072513,0,61.0455312,0,4.384485666,0.505902192,4.047217538,21.92242833,0,0.674536256,4.721753794,0,0,0,1.349072513,0,0,87.5
3107,0.689655172,0,60.68965517,0,6.206896552,0.344827586,2.068965517,22.4137931,0,0.689655172,5.172413793,0,0,0,1.724137931,0,0,86.8
3108,2.04778157,0,60.75085324,0,4.778156997,0,3.412969283,21.84300341,0,0,5.802047782,0,0,0,1.365187713,0,0,89
3109,0.694444444,0,60.76388889,0,5.555555556,0.694444444,2.777777778,21.875,0,0,6.25,0,0,0,1.388888889,0,0,88.5
3110,0.337268128,0,60.20236088,0,7.41989882,0.505902192,3.372681282,21.5851602,0,1.011804384,4.047217538,0,0,0,1.517706577,0,0,84
3111,0.674536256,0,60.03372681,0,8.431703204,0.505902192,3.372681282,21.5851602,0,0,4.047217538,0,0,0,1.349072513,0,0,84.4
3112,0.99009901,0,60.72607261,0,5.610561056,0,5.940594059,20.79207921,0,0,4.290429043,0,0,0,0.99009901,0.660066007,0,86
3113,0.706713781,0,60.9540636,0,4.240282686,1.413427562,1.413427562,22.61484099,0,1.060070671,6.007067138,0,0,0,1.590106007,0,0,89
3114,0,0,62.6626925,0,0,6.120218579,8.438483193,21.1061434,0,0,1.672462328,0,0,0,0,0,0,96
3115,0,0,62.52949975,0,0,6.139272062,8.462689048,20.82765498,0,0,2.040884162,0,0,0,0,0,0,97
3116,4.276945416,0,62.08501089,0,0.05940202,4.31324665,5.491386707,23.59250215,0,0,0.181506171,0,0,0,0,0,0,83.6
3117,4.257159012,0,62.7797918,0,0.026607244,3.329231383,3.638540593,25.88219643,0,0,0.086473542,0,0,0,0,0,0,79.7
3118,4.264611432,0,62.20937701,0,0.02569043,3.317276814,7.064868337,23.03147078,0,0,0.086705202,0,0,0,0,0,0,83.8
3119,4.255758703,0,61.46059291,0,0.034431705,7.120476535,3.925214337,23.10367386,0,0,0.099851944,0,0,0,0,0,0,86.2
3120,4.305022526,0,61.95227766,0,0.053395628,4.061404972,4.99249124,23.58751877,0,0,1.047889204,0,0,0,0,0,0,83.5
3121,5.178335535,0,61.70739762,0,0.052840159,4.207397622,5.303830911,23.37846764,0,0,0.171730515,0,0,0,0,0,0,83.4
3122,4.277261759,0,61.63025155,0,1.256073778,4.102072522,5.097015172,23.47866327,0,0,0.158661951,0,0,0,0,0,0,82.9
3123,4.482164169,0,61.52698581,0,0.318260178,4.929717544,5.841400345,22.53348362,0,0,0.36798833,0,0,0,0,0,0,85.5
3124,4.750130594,0,61.50792269,0,0.675605084,5.76005572,1.908410239,24.7745081,0,0,0.623367578,0,0,0,0,0,0,82.7
3125,4.510500808,0,62.32633279,0,0.342487884,2.416801292,5.873990307,24.14216478,0,0,0.387722132,0,0,0,0,0,0,81.5
3126,4.296965104,0,62.09180479,0,0.085675685,4.385936007,5.529376874,23.61024154,0,0,0,0,0,0,0,0,0,83.6
3127,4.237483911,0,62.10026072,0,0.05940398,4.319989439,5.498168377,23.59988119,0,0,0.184812382,0,0,0,0,0,0,83.7
3128,4.290570646,0,62.10105944,0,0,4.326875474,5.498531305,23.59813855,0,0,0.184824582,0,0,0,0,0,0,83.6
3129,3.662216057,0,62.26807699,0,0.124848275,6.166117565,2.316629097,25.2713716,0,0,0.19074042,0,0,0,0,0,0,84.4
3130,3.303220468,0,62.73705262,0,0.082752914,5.499620716,2.179160058,26.0775119,0,0,0.120681332,0,0,0,0,0,0,81.6
3131,3.253302544,0,62.5496655,0,0.074710497,5.41651102,3.654022481,24.93632628,0,0,0.115461677,0,0,0,0,0,0,83
3132,3.307522511,0,62.17721874,0,0.084089555,7.168634596,2.179320977,24.96058302,0,0,0.122630602,0,0,0,0,0,0,83.3
3133,3.421602787,0,62.28222997,0,0.097560976,5.703832753,2.229965157,25.20905923,0,0,1.055749129,0,0,0,0,0,0,83.1
3134,4.23364745,0,62.03575388,0,0.117793792,6.042128603,2.286585366,25.1039357,0,0,0.180155211,0,0,0,0,0,0,82.5
3135,3.471045808,0,61.93604149,0,1.2653414,5.811581677,2.247191011,25.11668107,0,0,0.152117545,0,0,0,0,0,0,82.1
3136,3.848558527,0,61.73324071,0,0.479333102,6.481417159,2.73706148,24.26189649,0,0,0.458492532,0,0,0,0,0,0,84.4
3137,3.732514738,0,62.16206788,0,0.258136533,6.278996756,1.918582342,25.36017023,0,0,0.289531517,0,0,0,0,0,0,83
3138,3.887454125,0,62.38616284,0,0.557292375,4.247655294,2.820443115,25.58447737,0,0,0.516514884,0,0,0,0,0,0,80.6
3139,3.682425417,0,62.26552225,0,0.186890012,6.208901502,2.381117187,25.27514363,0,0,0,0,0,0,0,0,0,82.9
3140,2.637515183,0,62.6652785,0,0.201284053,6.284921048,2.422349471,25.53878188,0,0,0.249869859,0,0,0,0,0,0,83.3
3141,3.676343079,0,62.30707869,0,0,6.187354767,2.344535775,25.28006104,0,0,0.204626643,0,0,0,0,0,0,83.3
3142,0,0,63.13738227,0,0,3.475154271,8.76908087,21.8902241,0,0,1.688860019,0,0,1.039298474,0,0,0,90.2
3143,0,0,63.25671738,0,0,3.463904176,8.740692781,22.14308838,0,0,1.683392684,0,0,0.712204597,0,0,0,89.5
3144,0,0,63.25671738,0,0,3.237293623,8.740692781,22.14308838,0,0,2.298478472,0,0,0.323729362,0,0,0,88.1
3145,0,0,63.19714656,0,0,3.404669261,8.754863813,22.01686122,0,0,2.302204929,0,0,0.324254215,0,0,0,89.5
3146,0,0,63.13738227,0,0,3.799935044,8.76908087,21.8902241,0,0,1.364079247,0,0,1.039298474,0,0,0,89.6
3147,0,0,63.25671738,0,0,3.561022985,8.740692781,22.14308838,0,0,1.97474911,0,0,0.323729362,0,0,0,89.1
3148,0,0,63.17123087,0,0,3.118604425,8.686612741,21.99915538,0,0,1.673001332,0,0,1.351395251,0,0,0,90.1
3149,0,0,63.19714656,0,0,2.918287938,8.754863813,22.01686122,0,0,2.788586252,0,0,0.324254215,0,0,0,87.9
3150,0,0,63.19714656,0,0,2.918287938,8.754863813,22.01686122,0,0,2.302204929,0,0,0.810635538,0,0,0,89.3
3151,0,0,63.08943089,0,0,3.154471545,8.780487805,21.78861789,0,0,1.756097561,0,0,1.430894309,0,0,0,90.5
3152,0,0.642260758,63.03789338,0,0,2.825947335,9.055876686,21.22671805,0,0,1.766217084,0,0,1.445086705,0,0,0,89.2
3153,0,0,63.16300129,0,0,2.425614489,8.990944373,21.8305304,0,0,2.781371281,0,0,0.808538163,0,0,0,89
3154,0,0,63.01862137,0,0,3.985625613,8.624632473,21.72492649,0,0,1.796798432,0,0,0.849395622,0,0,0,91.4
3155,0,0,62.9859523,0,0,3.430251552,8.689970598,21.62691931,0,0,2.776870304,0,0,0.490035936,0,0,0,91.4
3156,0,0,63.00032541,0,0,3.677188415,8.91636837,21.54246664,0,0,1.59453303,0,0,1.269118126,0,0,0,90.7
3157,0,0.323101777,63.16639742,0,0,3.457189015,8.723747981,21.80936995,0,0,1.453957997,0,0,1.066235864,0,0,0,89.8
3158,0,0.641231164,63.1933312,0,0,3.142032703,8.848990061,21.64155178,0,0,1.442770119,0,0,1.090092979,0,0,0,89.1
3159,0,0,63.14248536,0,0,3.610930384,8.65322056,21.95836044,0,0,1.691607027,0,0,0.7482108,0,0.195185426,0,88.8
3160,0,0,63.19399086,0,0,3.690398432,8.295231875,22.04441541,0,0,1.763553233,0,0,0.81645983,0.195950359,0,0,88.8
3161,0,0,60.65065369,0,9.103070842,0,8.786865309,19.96351475,0,0,0,1.495895409,0,0,0,0,0,70.91
3162,0,0.128870131,63.27523438,0,0,4.120622443,8.885595541,22.04323593,0,0,1.320918844,0,0,0.225522729,0,0,0,88
3163,0,0.195128297,63.25408956,0,0,3.704185502,8.253926957,22.2836515,0,0,1.333376695,0,0,0.878077336,0,0.097564148,0,86
3164,0,0.607227972,62.91665306,0,0,3.13734452,8.266135614,21.39662433,0,0,3.196108518,0,0,0,0,0.479905978,0,89
3165,0,1.206421275,62.9544349,0,0,2.863628993,8.023350089,21.29398411,0,0,3.178206583,0,0,0,0,0.479974055,0,87
3166,0,0.602232187,62.85471148,0,0,3.122442968,8.228324551,21.2941446,0,0,3.554479102,0,0,0,0,0.343665107,0,89
3167,0,1.196553406,62.8938384,0,0,2.848317347,7.985693383,21.19655341,0,0,3.537636157,0,0,0,0,0.341407901,0,88
3168,0,2.396120567,62.81258914,0,0,1.809768312,8.589268169,20.13248391,0,0,3.717790244,0,0,0.202846186,0,0.339133466,0,85
3169,0,1.812397571,62.83620939,0,0,1.825251454,8.245766252,20.64333687,0,0,4.122883126,0,0,0.102831068,0,0.411324271,0,86
3170,0,0,62.97364753,0,0,2.651453762,9.224984603,21.33480276,0,0,3.050144242,0,0,0.207448705,0,0.557518395,0,90
3171,0,2.11852276,63.30756752,0,0,1.829054935,7.647040112,21.7323536,0,0,2.4429812,0,0,0.30537265,0,0.61710723,0,83
3172,0,0,63.14248536,0,0,3.025374105,8.65322056,21.95836044,0,0,2.114508783,0,0,1.106050748,0,0,0,89.9
3173,0,0,63.14416177,0,0,2.674494455,8.480104371,22.04827136,0,0,2.870189172,0,0,0.782778865,0,0,0,86.7
3174,0,0.324149109,63.04700162,0,0,2.917341977,8.752025932,21.55591572,0,0,1.458670989,0,0,1.944894652,0,0,0,84.7
3175,0,0,63.14248536,0,0,2.667534157,8.65322056,21.95836044,0,0,2.569941444,0,0,0.813272609,0,0.195185426,0,89
3176,0,0,63.19399086,0,0,2.743305029,8.295231875,22.04441541,0,0,2.64532985,0,0,0.881776617,0.195950359,0,0,89
3177,1.278772379,4.795396419,62.6758312,0,0,3.24488491,4.219948849,21.59526854,0,0.319693095,1.774296675,0,0.095907928,0,0,0,0,72
3178,1.396436244,3.759636042,62.32781499,0.502337925,0.012637432,3.927082017,6.88740048,20.35890307,0,0.018956148,0.578162517,0.148489827,0.082143308,0,0,0,0,81.57
3179,0,0,61.06489185,0,8.319467554,2.828618968,2.995008319,24.79201331,0,0,0,0,0,0,0,0,0,69
3180,0,0,60.97560976,0,8.780487805,1.788617886,4.227642276,24.22764228,0,0,0,0,0,0,0,0,0,69
3181,0,0,61.50081566,0,8.156606852,1.468189233,3.588907015,25.28548124,0,0,0,0,0,0,0,0,0,68
3182,0,1.034594245,60.03879728,0,8.08276754,3.233107016,5.496281927,21.17685095,0,0.646621403,0.09699321,0,0,0.09699321,0,0.09699321,0,74
3183,0,1.253918495,60.5015674,0,8.150470219,2.037617555,6.896551724,20.84639498,0,0,0.156739812,0,0,0,0.156739812,0,0,73
3184,0.314465409,0,60.6918239,0,7.232704403,2.51572327,8.176100629,21.06918239,0,0,0,0,0,0,0,0,0,77
3185,0,0.645369474,63.37528235,0,0,2.161987738,8.067118425,22.07163601,0,0,1.677960632,0,0,1.677960632,0.322684737,0,0,90
3186,0,0.645369474,63.37528235,0,0,2.484672475,8.067118425,22.39432075,0,0,1.677960632,0,0,1.355275895,0,0,0,88
3187,0,0.641231164,63.28951587,0,0,2.468739981,8.656620712,21.9301058,0,0,1.667201026,0,0,1.346585444,0,0,0,89.4
3188,0,0.646412411,63.31609567,0,0,2.003878474,8.080155139,22.10730446,0,0,1.680672269,0,0,2.003878474,0.161603103,0,0,90
3189,0,0,63.29977265,0,0,2.500811952,8.444300097,22.21500487,0,0,1.688860019,0,0,1.688860019,0.162390386,0,0,89.4
3190,0,0,63.30865787,0,0,2.574831027,9.011908593,22.11136144,0,0,1.834567107,0,0,1.158673962,0,0,0,91
3191,0,0.320512821,63.14102564,0,0,2.564102564,9.294871795,21.47435897,0,0,2.403846154,0,0,0.801282051,0,0,0,91
3192,0,0.992412659,60.9872198,0,8.435507602,0.770273779,8.568213946,17.91535643,2.331015781,0,0,0,0,0,0,0,0,66.7575
3193,0,0,60.48853313,0,9.599136014,1.187980433,5.895432311,22.82891811,0,0,0,0,0,0,0,0,0,70.242
3194,0,0,60.52093491,0,9.663720155,0.953159898,6.178237755,22.48261977,0.201327503,0,0,0,0,0,0,0,0,69.9246
3195,0,0,60.54951559,0,9.607177347,0.962586835,6.473318588,21.89028379,0.517117847,0,0,0,0,0,0,0,0,69.3243
3196,0,0,61.25,0,9.375,0.625,4.375,23.125,1.25,0,0,0,0,0,0,0,0,68.8689
3205,0,0,60.57894087,0,9.542031848,0.950499938,6.789285273,21.34921615,0.790025923,0,0,0,0,0,0,0,0,69.4968
3206,0,0.602409639,62.04819277,0,0,6.024096386,15.06024096,16.26506024,0,0,0,0,0,0,0,0,0,105
3207,1.176470588,3.529411765,61.47058824,0,0,5.294117647,13.52941176,15,0,0,0,0,0,0,0,0,0,101
3208,1.26984127,0,60,0,3.174603175,7.301587302,12.06349206,16.19047619,0,0,0,0,0,0,0,0,0,100
3209,0.488997555,0,63.81418093,0,0,3.178484108,16.13691932,9.535452323,6.84596577,0,0,0,0,0,0,0,0,96
3210,0.552486188,0,62.70718232,0,0,3.314917127,17.12707182,14.64088398,1.657458564,0,0,0,0,0,0,0,0,99
3211,0,0,59.74223122,0,0,0,20.98464103,8.992141922,0,0,10.28098583,0,0,0,0,0,0,114.8
3212,0,0,61.4040466,0,0,0,15.87982833,14.86817903,0,0,7.847946045,0,0,0,0,0,0,106.68
3213,0,0,62.04571464,0,0,0,14.04843649,17.06721104,0,0,6.83863784,0,0,0,0,0,0,102
3214,0,0,64.35085232,0,0,0,6.850771759,25.27631876,0,0,3.522057165,0,0,0,0,0,0,82.38
3215,0,0,65.14061478,0,0,0,4.316546763,28.12295618,0,0,2.419882276,0,0,0,0,0,0,77.8
3216,0,0,65.55811656,0,0,0,3.029305235,29.60158051,0,0,1.810997695,0,0,0,0,0,0,74.36
3217,0,0,62.25799946,0,0.040333423,5.700457112,8.12046249,20.32804517,0,0.033611186,3.320785157,0.131083625,0.067222372,0,0,0,0,89.22
3218,0,0,62.3240611,0,0.040024014,5.686745381,8.505103062,20.26882796,0,0.033353345,2.945100394,0.130078047,0.066706691,0,0,0,0,89.71
3219,0,0,62.23834682,0,0.040125727,5.941951448,8.506654183,20.09630175,0,0.033438106,2.945897144,0.130408614,0.066876212,0,0,0,0,90.09
3220,0,0,62.13592233,0,0.040735963,6.656935298,7.692307692,20.30008826,0,0.033946636,2.943173332,0.128997216,0.067893272,0,0,0,0,90.42
3221,0,0,62.22327214,0,0.04049676,5.905777538,7.917116631,20.36312095,0,0.0337473,3.320734341,0.128239741,0.0674946,0,0,0,0,89.3
3222,0,0,62.24355735,0,0.040424457,5.804278255,7.997305036,20.36382011,0,0.033687047,3.321542867,0.12801078,0.067374095,0,0,0,0,89.5
3223,0,0,62.21721739,0,0.094120811,5.727923628,8.128004303,20.2292514,0,0.033614575,3.324481495,0.164711419,0.080674981,0,0,0,0,89.5
3224,0,13.57276253,57.46300819,0,0,0,14.0382129,1.12052866,0,0,6.815112771,0,0,0,0,6.990374946,0,76.07
3225,0,0,60.34068346,0,8.701710384,2.055247849,0.731528895,24.77444526,0,0.215975198,3.180408959,0,0,0,0,0,0,73
3226,0,0,59.49367089,0,7.594936709,1.265822785,6.329113924,21.51898734,0,3.797468354,0,0,0,0,0,0,0,70.9
3227,0,0,61.4379085,0,5.22875817,4.575163399,6.535947712,22.22222222,0,0,0,0,0,0,0,0,0,80.9
3228,5.882352941,0,58.82352941,0,5.882352941,0,11.76470588,17.64705882,0,0,0,0,0,0,0,0,0,83.3
3229,0,0,61.4379085,0,5.22875817,3.921568627,6.535947712,22.22222222,0,0,0,0,0,0.653594771,0,0,0,79.6
3230,10.38961039,0,58.44155844,0,0,2.597402597,7.792207792,17.53246753,0,0,2.597402597,0,0,0,0.649350649,0,0,96.9
3231,9.756097561,2.43902439,59.75609756,0,0,1.219512195,7.317073171,18.90243902,0,0,0,0,0,0,0.609756098,0,0,86.4
3232,7.594936709,0,60.44303797,0,1.898734177,1.265822785,6.329113924,22.15189873,0,0,0,0,0,0,0.316455696,0,0,87.3
3233,5.263157895,0,61.51315789,0,0.657894737,3.947368421,5.263157895,23.02631579,0,0,0,0,0,0,0.328947368,0,0,88.3
3234,6.853582555,1.246105919,61.37071651,0,0,1.557632399,6.853582555,21.80685358,0,0,0,0,0,0,0.31152648,0,0,83.9
3235,5.063291139,0,60.44303797,0,3.164556962,1.265822785,6.329113924,22.15189873,0,1.265822785,0,0,0,0,0.316455696,0,0,81.7
3236,6.369426752,0,60.82802548,0,1.27388535,1.910828025,6.369426752,22.29299363,0,0.636942675,0,0,0,0,0.318471338,0,0,85
3237,3.773584906,0,61.00628931,0,2.51572327,1.886792453,7.547169811,22.01257862,0,1.257861635,0,0,0,0,0,0,0,81.9
3238,6.349206349,0,60.63492063,0,1.904761905,1.587301587,6.349206349,22.22222222,0,0.634920635,0,0,0,0,0.317460317,0,0,84.2
3239,5.263157895,0,59.21052632,0,2.631578947,2.631578947,6.578947368,19.73684211,0,1.315789474,2.631578947,0,0,0,0,0,0,88.5
3240,5.198180637,0,60.4288499,0,3.443794672,2.274204029,4.873294347,22.72904483,0,0.64977258,0.064977258,0.012995452,0,0,0.32488629,0,0,82.6
3241,0,0,60.61073209,0,6.605877722,2.709262661,4.546050905,22.71057465,0,2.027027027,0.124639202,0,0,0.06559958,0.554316452,0.045919706,0,86.5
3242,0,0,60.05853915,0,6.866839872,3.30187128,4.702864472,22.14621633,0,2.538889072,0,0,0,0,0.322294209,0.062485612,0,89.8
3243,0,0,59.18163028,0,8.836067692,2.777418938,6.097403436,20.70791887,0,2.112130216,0.087198036,0,0,0.071050252,0.080738923,0.048443354,0,79.8
3244,0,0,59.01334955,0,9.687229888,2.173704261,6.133751641,20.81505906,0,2.125684285,0,0,0,0,0.051221308,0,0,75.4
3245,0,0,60.98699235,0,5.898123324,3.137722173,4.137291894,23.38728362,0,1.793929765,0.125773674,0,0,0.095985172,0.364081687,0.072816337,0,74.8
3246,0,0,60.39368798,0,6.045225313,2.654953636,5.251342118,22.28078738,0,2.843663576,0.022775338,0,0,0.104115829,0.325361965,0.078086872,0,68.4
3247,0,0,59.15827104,0,9.359766006,2.817679558,5.446863828,21.00747481,0,1.878453039,0.045498863,0,0,0.058498538,0.204744881,0.022749431,0,67.4
3248,0,0,59.51983777,0,7.967814738,3.22179701,5.095999738,21.620384,0,2.479311811,0,0,0,0,0.094854937,0,0,76.4
3249,0,0,59.45307114,0,7.905190243,3.204097042,5.062210696,21.4667936,0,2.468730508,0.137881225,0,0,0.147729884,0.095203703,0.059091954,0,75.6
3250,0,0,59.58491916,0,7.481864611,2.875638398,5.55609772,21.42740965,0,2.732507075,0.071565661,0,0,0.123613415,0.071565661,0.074818646,0,74.8
3251,0,0,59.63671748,0,7.518650665,2.893285761,5.585468699,21.5407071,0,2.750567629,0,0,0,0,0.07460266,0,0,75
3252,0,0,57.94247214,0,9.315884944,3.148484063,6.3358383,19.20510495,0,3.679709769,0.310961389,0,0,0.022674268,0.009717543,0.02915263,0,79.1
3253,0,0,59.46393117,0,7.061548643,3.514228987,4.546657842,21.42951688,0,3.282594308,0.274652548,0,0,0.013236267,0.397088021,0.016545334,0,76.8
3254,0,0,58.03948759,0,8.465398838,4.523243529,6.035393555,18.96790808,0,3.38748019,0.141970417,0,0,0.330163761,0.019809826,0.089144216,0,79.8
3255,0,0,59.24734748,0,6.75729443,4.582228117,5.557029178,20.49403183,0,2.877984085,0.175729443,0,0,0.179045093,0.039787798,0.089522546,0,75.4
3256,5.988094886,2.315870524,60.96188586,0,1.101667308,0.583409838,9.435247431,19.59605532,0,0.005922943,0.011845885,0,0,0,0,0,0,81.03
3257,6.93143716,3.393455891,59.59070413,0,1.069487802,1.702508961,11.60827841,15.68389409,0,0.005781015,0.014452538,0,0,0,0,0,0,85.92
3258,5.820074871,3.404305101,60.30357978,0,1.082124474,1.719700515,10.58727188,17.06539541,0,0.005849321,0.011698643,0,0,0,0,0,0,84.47
3259,5.837825101,3.369562016,60.6815705,0,1.089805897,1.145768902,9.425348296,18.43244676,0,0.005890843,0.011781685,0,0,0,0,0,0,81.03
3260,0,10.59038662,63.79832811,0,0.047021944,0,7.863113898,15.96133751,1.541274817,0.010449321,0.010449321,0.073145246,0.104493208,0,0,0,0,59.6
3261,0,10.90369005,63.84727664,0,0.04609357,0,7.887121969,14.99065325,2.151033264,0.010243016,0.007682262,0.064018847,0.09218714,0,0,0,0,58.4
3262,0,13.0187743,63.28398678,0,0.010662387,0.018659177,6.050904516,15.50844162,1.018257941,0.003880576,1.079566665,0.002288148,0.004577896,0,0,0,0,55
3263,0,12.71656687,63.3274465,0,0.010690683,0.018708694,6.120415748,15.69926729,1.026305523,0.003890874,1.069068253,0.00229422,0.005345341,0,0,0,0,55.5
3264,0,12.19434942,63.38120501,0,0.010739189,0.018793581,6.271686534,15.96112005,1.047070954,0.003909065,1.103451698,0.002304898,0.005369595,0,0,0,0,56.9
3265,0,12.79594288,63.28039504,0,0.069398105,0.096089684,6.053650073,15.53182971,1.01961831,0.010676632,0.974242626,0.061390631,0.106766315,0,0,0,0,56.6
3266,4.469273743,1.675977654,59.21787709,0,5.027932961,0.558659218,13.96648045,12.5698324,0.558659218,0,0,0.558659218,0,0,1.396648045,0,0,87
3267,5.070422535,0.563380282,60,0,3.38028169,0.845070423,12.3943662,14.64788732,1.690140845,0.563380282,0,0.563380282,0,0,0.281690141,0,0,84
3268,0.595238095,0.595238095,61.01190476,0,5.952380952,1.19047619,8.928571429,19.3452381,1.19047619,1.19047619,0,0,0,0,0,0,0,80
3269,5.434782609,0,59.72222222,0,6.400966184,0,7.246376812,19.62560386,1.086956522,0,0,0,0,0,0.483091787,0,0,76
3270,6.545521973,0.370851103,59.18474566,0,5.927436801,0,6.916373076,20.40608196,0,0.061808517,0,0,0,0,0.587180914,0,0,83
3271,2.479851209,0,60.13639182,0,5.57966522,2.107873528,6.633601984,19.77681339,1.239925604,1.797892126,0,0,0,0,0.247985121,0,0,73
3272,0,0,60.27042875,0,10.47221552,0,0,25.77696527,0,0,3.480390466,0,0,0,0,0,0,75
3273,0,3.266557781,59.67467751,0,10.71964268,0,0,23.07589747,0,0,3.263224559,0,0,0,0,0,0,83
3274,0,6.945337621,59.61414791,0,9.517684887,0,0,20.51446945,0,0,3.408360129,0,0,0,0,0,0,86
3275,0,13.16105769,58.71394231,0,9.314903846,0,0,15.50480769,0,0,3.305288462,0,0,0,0,0,0,86
3276,0,20.97214637,58.35608957,0,7.700709995,0,0,10.07646095,0,0,2.894593119,0,0,0,0,0,0,89
3277,0,25.42547705,57.63280041,0,7.735946364,0,0,6.420835482,0,0,2.784940691,0,0,0,0,0,0,78
3278,0,29.98065764,57.22920696,0,7.205029014,0,0,3.070599613,0,0,2.51450677,0,0,0,0,0,0,82
3279,0,5.482041588,59.7668557,0,11.97227473,0,0,22.77882798,0,0,0,0,0,0,0,0,0,80
3280,0,6.275468623,60.8425804,0,6.400852611,0,0,23.22111466,0,2.946523729,0.062691994,0,0,0,0,0.250767977,0,80.6
3281,0,0,57.63848397,0,13.87755102,0,12.53644315,15.94752187,0,0,0,0,0,0,0,0,0,71.9
3282,0,0,57.70577933,0,9.281961471,0,12.43432574,16.0828955,0,4.495037945,0,0,0,0,0,0,0,73.8
3283,0,0,61.71411174,0,0,0,0.456690516,23.19987822,0,0,7.428832395,0,0,0,0,7.200487137,0,84.6
3284,0,0,60.44413602,0,9.229701596,2.151283831,0.346981263,25.39902845,0,0.138792505,2.290076336,0,0,0,0,0,0,71.4
3285,0,0,62.0596917,0,3.857002296,0,3.21416858,26.04788455,0,3.21416858,0,0,0,0,0,0,1.60708429,65
3286,0,0,60.41435442,0,5.179430263,0,0,23.41842397,0,0,0,0,0,0,0,0,10.98779134,58.5
3287,0,1.732435034,63.07667629,0,0,1.857555342,7.949951877,21.31215913,0,0,2.563362207,0,0,1.507860122,0,0,0,86
3288,0,2.374839538,63.35044929,0,0,1.957637997,6.739409499,22.14377407,0,0,1.957637997,0,0,1.379974326,0,0.096277279,0,82
3289,0,2.2845953,63.28655352,0,0,2.248694517,5.868146214,22.49673629,0,0,2.248694517,0,0,1.468668407,0,0.097911227,0,81
3290,0,1.730769231,62.91666667,0,0,2.403846154,8.333333333,20.80128205,0,0,2.403846154,0,0,1.41025641,0,0,0,85
3291,0,2.283950617,63.36419753,0,0,2.314814815,9.259259259,20.95679012,0,0,1.080246914,0,0,0.740740741,0,0,0,84
3292,0,2.27482324,63.35690132,0,0,2.305564095,9.529664925,20.81155856,0,0,0.922225638,0,0,0.799262219,0,0,0,84
3293,0,2.195734003,63.36260979,0,0,2.289836888,8.34378921,21.45545797,0,0,1.34880803,0,0,1.003764115,0,0,0,83
3294,0,2.063144733,62.86339481,0,0,2.344482651,9.69052829,19.84995311,0,0,1.844326352,0,0,1.344170053,0,0,0,85
3295,0,1.707779886,63.21948134,0,0,2.118912081,8.602150538,21.28399747,0,0,1.771030993,0,0,1.201771031,0,0.09487666,0,84
3296,0,1.569707842,63.10866222,0,0.019220912,2.710148642,8.124038954,21.38006151,0,0,1.646591492,0,0,1.441568426,0,0,0,84
3297,0,1.569707842,63.10545874,0,0.025627883,2.710148642,8.124038954,21.37685802,0,0,1.646591492,0,0,1.441568426,0,0,0,84
3298,0,0.607627666,63.09631545,0,0.038784745,2.986425339,8.519715579,21.64835165,0,0,1.690368455,0,0,1.412411118,0,0,0,87
3299,0,2.396120567,62.8062502,0,0.012677887,1.809768312,8.589268169,20.12614497,0,0,3.717790244,0,0,0.202846186,0,0.339133466,0,85
3300,0,1.327704554,63.38822468,0,0.019335503,2.088234346,7.424833231,22.40984822,0,0,2.062453675,0,0,1.279365795,0,0,0,85
3301,0,1.806017862,62.93708598,0,0.03295653,2.860626833,6.373792967,21.80074482,0,0,3.177009524,0,0,1.011765481,0,0,0,86
3302,0,0.302761049,62.92822589,0,0.03290881,4.146510021,7.990258992,21.72639616,0,0,2.234508178,0,0,0.503504788,0,0.13492612,0,91
3303,0,1.866358728,62.97244156,0,0.018726007,1.610436628,9.750007803,20.14606286,0,0,1.541774601,0,0,1.669735651,0,0.424456166,0,86
3304,0,0.743287495,63.29751444,0,0.003473415,1.709561239,8.021041577,22.21460105,0,0,2.688761721,0,0,0.788531082,0,0.533227986,0,84
3305,0,2.075111394,63.2495226,0,0.012730745,1.056651814,7.759388924,21.58816041,0,0,3.224061108,0,0,0.410566518,0,0.623806493,0,82
3306,0,2.134984051,63.5884155,0,0.012633042,1.054858984,7.510343303,22.36048385,0,0,1.515965006,0,0,1.642295424,0,0.180020845,0,79
3307,0,1.842849426,63.31140978,0,0.012709306,1.858736059,7.975089759,21.72020462,0,0,1.718933689,0,0,0.930956693,0,0.629110666,0,82
3308,0,1.853745845,63.51956021,0,0.012784454,1.706724623,7.172078752,22.53260036,0,0,1.840961391,0,0,0.310023012,0,1.05152135,0,80
3309,0,2.280394852,63.83231288,0,0.012495314,0.796576284,7.565912783,22.74771961,0,0,1.336998626,0,0,0.309259028,0,1.118330626,0,77
3310,0,1.206724099,63.11425161,0,0.01290614,1.561642952,8.02116607,21.6210112,0,0,3.923466589,0,0,0.403316878,0,0.135514471,0,85
3311,0,1.529648747,63.37026312,0,0.012589702,1.583154979,8.768727181,21.59763314,0,0,1.89789752,0,0,0.61689538,0,0.62319023,0,83
3312,0,1.205608701,62.92425632,0,0.013104442,2.237583541,7.410562181,21.54697943,0,0,4.118071026,0,0,0.406237715,0,0.137596645,0,86
3313,0,1.595157782,63.27669367,0,0.012609943,1.216859494,8.789130229,21.36754831,0,0,2.395889159,0,0,0.885848492,0,0.460262917,0,83
3314,0,1.602050625,63.12079462,0,0,2.69144505,8.074335149,21.40339635,0,0,1.66613265,0,0,1.441845562,0,0,0,84
3315,0,0.065919578,62.95649308,0,0,3.589321028,8.10151615,21.82926829,0,0,3.457481872,0,0,0,0,0,0,91
3316,0,0.514304082,63.48119576,0,0,1.610414658,8.235294118,22.58759241,0,0,1.867566699,0,0,0.546448087,0,1.157184185,0,83
3317,0,1.282051282,63.46153846,0,0,0.961538462,7.692307692,22.43589744,0,0,2.564102564,0,0,1.282051282,0,0.320512821,0,81
3318,0,1.886792453,63.20754717,0,0,2.201257862,8.805031447,21.06918239,0,0,0.943396226,0,0,1.257861635,0,0.628930818,0,82
3319,0,2.53164557,63.29113924,0,0,1.265822785,7.594936709,21.51898734,0,0,1.265822785,0,0,2.215189873,0,0.316455696,0,78
3320,0,0.651465798,63.19218241,0,0,2.931596091,7.817589577,22.14983713,0,0,1.954397394,0,0,1.302931596,0,0,0,86
3321,0,3.154574132,63.09148265,0,0,2.523659306,7.570977918,20.82018927,0,0,0.94637224,0,0,1.261829653,0,0.630914826,0,79
3322,0,0.651465798,63.19218241,0,0,3.25732899,7.817589577,22.14983713,0,0,2.280130293,0,0,0.651465798,0,0,0,87
3323,0,0,60,0,0,0,10.00174978,14.99912511,0,0,0,0,0,0,0,14.99912511,0,68.5
3324,0,0,60,0,0,0,10.00174978,14.99912511,0,0,0,0,0,14.99912511,0,0,0,73.91
3325,0,0,60,0,0,0,10.00174978,14.99912511,0,0,14.99912511,0,0,0,0,0,0,78.73
3326,0,0,60,0,0,14.99912511,10.00174978,14.99912511,0,0,0,0,0,0,0,0,0,85.16
3327,0,2.072571902,63.2038773,0,0.012754289,1.052228812,7.735476054,21.51010777,0,0,3.214080735,0,0,0.921497353,0,0.277405778,0,82
3328,0,2.941176471,58.82352941,0,11.76470588,0,8.823529412,17.64705882,0,0,0,0,0,0,0,0,0,70
3329,0,5.882352941,58.82352941,0,11.76470588,0,5.882352941,17.64705882,0,0,0,0,0,0,0,0,0,73
3330,0,6.891555092,63.40346606,0,1.449023358,0.724511679,6.891555092,20.63988872,0,0,0,0,0,0,0,0,0,68
3331,0,6.638052681,62.49412041,0,2.939793039,1.469896519,6.638052681,19.82008467,0,0,0,0,0,0,0,0,0,67
3332,0,3.03030303,60.60606061,0,6.060606061,3.03030303,9.090909091,18.18181818,0,0,0,0,0,0,0,0,0,76
3333,0,6.060606061,60.60606061,0,6.060606061,3.03030303,6.060606061,18.18181818,0,0,0,0,0,0,0,0,0,69
3334,0,9.090909091,60.60606061,0,6.060606061,3.03030303,3.03030303,18.18181818,0,0,0,0,0,0,0,0,0,70
3335,0,10.90909091,60.60606061,0,6.060606061,3.03030303,1.212121212,18.18181818,0,0,0,0,0,0,0,0,0,72
3336,0,12.12121212,60.60606061,0,6.060606061,3.03030303,0,18.18181818,0,0,0,0,0,0,0,0,0,73
3337,0,0,60.60606061,0,6.060606061,0,12.12121212,18.18181818,0,0,3.03030303,0,0,0,0,0,0,82
3338,0,6.097560976,63.1097561,0,0,0.304878049,6.707317073,19.81707317,0,0,3.048780488,0,0,0.914634146,0,0,0,73
3339,0,3.715170279,63.15789474,0,0,1.238390093,8.049535604,20.43343653,0,0,2.476780186,0,0,0,0,0.92879257,0,78
3340,0,3.715170279,63.46749226,0,0,0.309597523,7.430340557,21.3622291,0,0,2.786377709,0,0,0.619195046,0,0.309597523,0,77
3341,0,1.904761905,63.17460317,0,0,1.904761905,8.253968254,21.26984127,0,0,2.222222222,0,0,0.634920635,0,0.634920635,0,83
3342,0,10.69424965,62.65778401,0,0,2.451496026,5.551659654,17.19261337,0,0,1.452197288,0,0,0,0,0,0,63
3343,0,12.8003162,62.68315406,0,0,0.143982383,5.341464103,16.25307021,0.02823184,0,2.749781203,0,0,0,0,0,0,61
3344,0,12.81305844,63.30515029,0,0,0.045341797,6.177153069,15.5308991,1.056197157,0,1.072200144,0,0,0,0,0,0,56
3345,0,12.40468608,64.41905986,0,0,0.04382249,0.327207923,22.47217272,0,0,0.333050922,0,0,0,0,0,0,52
3346,0,12.78014866,62.66568691,0,0,0.144137015,5.335895769,16.23095837,0.02826216,0,2.814911116,0,0,0,0,0,0,61
3348,0,0,60.60606061,0,0,0,18.18181818,12.12121212,0,0,9.090909091,0,0,0,0,0,0,104
3349,0,0,60.60606061,0,0,1.515151515,18.18181818,12.12121212,0,0,7.575757576,0,0,0,0,0,0,107
3350,0,0,60.60606061,0,0,3.03030303,18.18181818,12.12121212,0,0,6.060606061,0,0,0,0,0,0,111
3351,0,0,61.7,0,0,0,16.6,12.6,0,0,9.1,0,0,0,0,0,0,104
3352,0,0,60.65634218,0,1.179941003,0.995575221,0,20.09587021,1.843657817,1.91740413,13.31120944,0,0,0,0,0,0,84.8
3353,0,0,60.65634218,0,1.179941003,0.995575221,0,19.72713864,1.843657817,1.91740413,13.31120944,0,0,0,0.368731563,0,0,86.3
3354,0,0,60.65634218,0,1.179941003,0.995575221,0,19.35840708,1.843657817,1.91740413,13.31120944,0,0,0,0.737463127,0,0,87.7
3355,0,0,60.65634218,0,1.179941003,0.995575221,0,18.62094395,1.843657817,1.91740413,13.31120944,0,0,0,1.474926254,0,0,89.4
3356,0,0,60.65634218,0,1.179941003,0.995575221,0,17.1460177,1.843657817,1.91740413,13.31120944,0,0,0,2.949852507,0,0,94.7
3357,0,0,61.16642959,0,1.137980085,0.960170697,0,18.49217639,3.556187767,1.849217639,12.83783784,0,0,0,0,0,0,82.1
3358,0,0,61.16642959,0,1.137980085,0.960170697,0,18.13655761,3.556187767,1.849217639,12.83783784,0,0,0,0.355618777,0,0,83.8
3359,0,0,61.16642959,0,1.137980085,0.960170697,0,17.78093883,3.556187767,1.849217639,12.83783784,0,0,0,0.711237553,0,0,84.6
3360,0,0,62.54416961,0,0,0,4.240282686,22.96819788,0,0,1.943462898,0,0,3.180212014,0,5.123674912,0,74.5
3361,0,3.430531732,62.26415094,0,0,0,3.430531732,21.09777015,0,0,1.886792453,0,0,3.087478559,0,4.802744425,0,79.2
3362,0,3.424657534,62.32876712,0,0,0,3.424657534,21.23287671,0,0,1.883561644,0,0,3.082191781,0,4.623287671,0,79
3363,0,0,63.29639889,0,0,0,4.155124654,24.51523546,0,0,1.177285319,0,0,3.11634349,0,3.739612188,0,76
3364,0,0,63.21998612,0,0,0,4.163775156,24.35808466,0,0,1.283830673,0,0,3.122831367,0,3.851492019,0,76
3365,0,0,61.81818182,0,0,2.072727273,3.636363636,21.81818182,0,0,1.818181818,0,0,3.527272727,0,5.309090909,0,80
3366,0,0,63.14325452,0,0,0,4.172461752,24.20027816,0,0,1.35605007,0,0,3.129346314,0,3.998609179,0,76
3367,0,0,62.09386282,0,0,0.613718412,3.610108303,22.38267148,0,0,1.805054152,0,0,4.223826715,0,5.270758123,0,78
3368,0,0,63.37249482,0,0,0,4.146510021,24.67173462,0,0,1.105736006,0,0,3.109882516,0,3.593642018,0,76
3369,0,0,63.38860104,0,0,0,4.138169257,24.70811744,0,0,1.105354059,0,0,3.105354059,0,3.554404145,0,75
3370,0,0,62.36207066,0.009822861,0.039291444,7.003699944,9.600209554,19.82580793,0,0.058937166,0.897154645,0.111325759,0.091680037,0,0,0,0,94.9
3371,0,0,62.26576369,0.009862581,0.039450325,6.953119863,9.5272536,19.66927477,0,0.059175488,1.272272996,0.111775922,0.092050759,0,0,0,0,94.58
3372,1.552726701,1.181832469,61.03724658,0.009429514,0.069149772,6.380638064,12.07606475,16.12761276,0,0.081722458,1.254125413,0.125726858,0.100581487,0,0.003143171,0,0,103.69
3373,0,0.563676908,63.32073835,0.009291378,0.699950446,2.409563925,9.997522299,21.58696729,0,0.061942517,1.139742319,0.117690783,0.092913776,0,0,0,0,87.57
3374,2.005420054,0.909364649,61.33995784,0.021077989,0.620295092,3.751881963,13.36344475,16.72990063,0,0.090334237,0.921409214,0.135501355,0.108401084,0,0.003011141,0,0,95.01
3375,2.024133904,0.928227086,61.65224421,0.020959966,0.083839866,3.802736773,13.56409258,16.9835614,0,0.09581699,0.589873342,0.137736922,0.113782675,0,0.002994281,0,0,96.01
3376,1.858352261,1.380490251,61.75924014,0.020648358,0.271378425,3.173947671,13.76950532,16.87560839,0,0.094392496,0.539807085,0.141588744,0.112091089,0,0.002949765,0,0,94.94
3377,1.249641948,1.338902087,62.33953348,0.020827366,0.24992839,3.147907573,12.78205192,18.23882176,0,0.083309463,0.303484473,0.136865547,0.107112167,0,0.001613823,0,0,92.89
3378,1.352136804,0.611826608,62.39407752,0.009177399,0.256967176,3.542476062,11.63694209,19.33983909,0,0.073419193,0.559821347,0.122365322,0.097892257,0,0.003059133,0,0,92.71
3379,2.032233308,0,62.24405219,0.009209517,0.257866462,3.297006907,11.65310821,19.69301612,0,0.07981581,0.524942441,0.113584037,0.092095165,0,0.003069839,0,0,92.95
3380,5.293539671,0.552689757,60.43662491,0.009211496,0.128960943,3.951731761,11.56349791,17.46192582,0,0.104396954,0.334684353,0.076762466,0.073691968,0,0.012281995,0,0,93.17
3381,5.177772253,0.540775733,60.24055196,0.00932372,0.124316261,3.887991049,11.33764296,17.13078071,0,0.105668821,1.28356539,0.074589756,0.074589756,0,0.012431626,0,0,93.66
3382,3.847064394,0.325520833,61.39322917,0.011837121,0.112452652,1.75485322,13.53574811,17.72608902,0,0.106534091,0.961766098,0.115411932,0.10061553,0,0.008877841,0,0,89.5
3383,0.011589164,12.44676228,62.08315225,1.080689555,0.023178328,0.915543966,5.354193829,16.22193249,0,0,1.694915254,0.115891641,0.052151239,0,0,0,0,62
3384,0.506064043,12.10481924,61.89105081,1.07902161,0.023267312,0.919058837,5.363115493,16.24930925,0,0,1.695605386,0.116336562,0.052351453,0,0,0,0,60.6
3385,0.751173709,11.74295775,61.76643192,1.053403756,0.023474178,1.889671362,5.211267606,16.35856808,0,0,1.038732394,0.111502347,0.052816901,0,0,0,0,64
3386,0,11.84354244,61.88339483,1.080442804,0.023616236,3.512915129,5.272324723,16.15940959,0,0,0.056088561,0.115129151,0.053136531,0,0,0,0,63.8
3387,0,10.15161896,61.9165351,1.027672694,0.029787614,3.80983587,6.344761848,16.45467814,0,0,0.059575229,0.140001787,0.065532751,0,0,0,0,69.3
3388,0,9.422857486,61.96324545,1.053990751,0.030028227,3.903669449,6.498108222,16.85784638,0,0,0.060056453,0.144135487,0.066062098,0,0,0,0,69.3
3389,0,0,61.2416928,0,9.102678443,0.005753905,8.049713743,18.78074743,2.819413677,0,0,0,0,0,0,0,0,63.85
3390,0,0,61.62390443,0,7.960429262,0.575626971,8.081918371,18.9002343,2.857886668,0,0,0,0,0,0,0,0,65.64
3391,0,0,61.9687973,0,6.863429969,1.161369193,8.132495052,19.01560135,2.858307137,0,0,0,0,0,0,0,0,68.05
3392,0,0,61.90941965,0,6.918015294,1.775446085,7.095856304,19.39059814,2.892880432,0,0.017784101,0,0,0,0,0,0,67.91
3393,5.180667585,0,60.44658666,0,0,6.715194439,8.348088399,19.30946292,0,0,0,0,0,0,0,0,0,92.4
3394,2.639124202,0,62.03570963,0,0,5.871236804,8.125895999,21.32803336,0,0,0,0,0,0,0,0,0,90.5
3395,2.657916325,0,61.77194422,0,0,5.903199344,8.170631665,20.78753076,0,0,0.708777687,0,0,0,0,0,0,91.6
3396,2.656496581,0,61.80628617,0,0,5.901499211,7.976065229,20.95278801,0,0,0.706864808,0,0,0,0,0,0,92
3397,2.660783087,0,61.64257253,0,0,5.920900978,8.193104357,20.51898442,0,0,1.063654625,0,0,0,0,0,0,91.9
3398,2.664286659,0,61.64881661,0,0,5.923575301,7.926748645,20.66640222,0,0,1.170170567,0,0,0,0,0,0,91.6
3399,2.659363864,0,61.67678501,0,0,5.919229246,7.997888346,20.68430777,0,0,1.062425762,0,0,0,0,0,0,91.6
3400,2.637936663,0,62.06986614,0,0,5.870062031,7.926869083,21.49526608,0,0,0,0,0,0,0,0,0,89.7
3401,2.746221476,0,61.66814844,0,0,6.114788106,8.060851526,20.51104745,0,0,0.731008594,0,0,0,0.167934407,0,0,92.3
3402,2.742332295,0,61.70247663,0,0,6.107921929,8.246678694,20.65278006,0,0,0.547810399,0,0,0,0,0,0,91.7
3403,2.546174142,0,61.82717678,0,0,4.904353562,7.836411609,20.50461741,0,0,1.876649077,0.504617414,0,0,0,0,0,90.4
3405,2.507009731,0,61.90004948,0,0,4.829292429,7.718951014,20.18142834,0,0,1.850569025,1.012699984,0,0,0,0,0,90.6
3406,2.676287307,0,61.5513283,0,0,5.949491637,8.625778944,19.62610692,0,0,1.069203017,0.50180387,0,0,0,0,0,92.8
3407,2.647357557,0,61.93768225,0,0,5.887749418,7.948625537,21.22473051,0,0,0.353854723,0,0,0,0,0,0,91.4
3408,2.648443631,0,61.9049176,0,0,5.88543029,8.148051269,21.06003139,0,0,0.353125817,0,0,0,0,0,0,91.4
3409,0,1.206890503,59.99368488,0,7.458863979,1.041995579,1.031470372,22.37659194,0.14735291,0,6.743149844,0,0,0,0,0,0,79.39
3410,0,1.210287443,59.96903916,0,7.458748197,1.041410126,1.027337016,22.54864019,0,0,6.744537874,0,0,0,0,0,0,74.34
3411,7.453416149,0,59.00621118,0,4.968944099,0.621118012,7.453416149,19.8757764,0,0,0,0,0,0,0.621118012,0,0,86.1
3412,9.87654321,0,58.95061728,0,2.469135802,0.617283951,8.024691358,19.75308642,0,0,0,0,0,0,0.308641975,0,0,84.6
3413,8.050314465,0,59.74842767,0,2.012578616,1.886792453,7.547169811,20.12578616,0,0,0,0,0,0,0.628930818,0,0,86.1
3414,10.55900621,0,59.00621118,0,1.863354037,0.621118012,7.453416149,19.8757764,0,0,0,0,0,0,0.621118012,0,0,85.4
3415,10.1910828,0,59.23566879,0,2.547770701,0.636942675,5.095541401,21.65605096,0,0,0,0,0,0,0.636942675,0,0,86
3416,10.38961039,0,59.74025974,0,1.298701299,1.298701299,3.896103896,22.72727273,0,0,0,0,0,0,0.649350649,0,0,86.2
3417,10.38961039,0,59.74025974,0,1.298701299,0.649350649,3.896103896,22.72727273,0,0,0.649350649,0,0,0,0.649350649,0,0,86.4
3418,10.35598706,0,59.54692557,0,1.941747573,0.485436893,3.883495146,22.65372168,0,0,0.485436893,0,0,0,0.647249191,0,0,85.9
3419,8.196721311,0,59.18032787,0,2.62295082,3.606557377,5.245901639,20.98360656,0,0,0,0,0,0,0.163934426,0,0,88
3420,6.418485237,0,60.0449294,0,2.053915276,3.530166881,7.252888318,20.53915276,0,0,0,0,0,0,0.160462131,0,0,88
3421,8.024691358,0,58.95061728,0,3.086419753,0,7.407407407,20.0617284,0,1.851851852,0,0,0,0,0.617283951,0,0,83
3422,6.191950464,0,58.82352941,0,4.334365325,0.92879257,8.049535604,19.19504644,0,1.857585139,0,0.309597523,0,0,0.309597523,0,0,83
3423,5.111821086,0,59.10543131,0,6.389776358,0.958466454,6.389776358,20.76677316,0,0,1.277955272,0,0,0,0,0,0,81
3424,0,4.953560372,63.15789474,0,0,1.547987616,6.811145511,20.43343653,0,0,1.547987616,0,0,1.547987616,0,0,0,77
3425,0,6.363636364,63.33333333,0,0,0.909090909,6.363636364,20.3030303,0,0,1.96969697,0,0,0.606060606,0,0.151515152,0,72
3426,0,6.097560976,63.41463415,0,0,0.609756098,6.097560976,20.73170732,0,0,1.524390244,0,0,0.609756098,0,0.914634146,0,68
3427,9.81595092,0,58.89570552,0,2.45398773,0.613496933,8.588957055,19.01840491,0,0,0,0,0,0,0.613496933,0,0,85.4
3428,10.25641026,0,59.93589744,0,1.282051282,0.641025641,4.487179487,23.07692308,0,0,0,0,0,0,0.320512821,0,0,83.6
3429,11.61290323,0,59.35483871,0,1.290322581,0.64516129,3.870967742,22.58064516,0,0,0,0,0,0,0.64516129,0,0,85.3
3430,10.40650407,0,59.18699187,0,1.300813008,1.138211382,3.577235772,22.43902439,0,1.300813008,0,0,0,0,0.650406504,0,0,84.1
3431,0,0,60.68660022,0,2.362495386,4.282022887,0,22.03765227,0,2.436323367,6.45994832,0,0,0,1.734957549,0,0,88
3432,0,0,61.06452789,0,2.260298943,3.025884069,0.291651476,21.10827561,0,2.406124681,5.869485964,0.765585126,0,0,2.442581116,0.765585126,0,94
3433,0,0.564772326,60.92481468,0,2.329685845,2.294387575,0.282386163,23.04977056,0,4.376985528,4.447582068,0,0,0,1.729615249,0,0,83
3434,0.425833925,0,61.00070972,0,3.122782115,2.306600426,0.283889283,23.52732434,0,3.193754436,4.43577005,0,0,0,1.703335699,0,0,86
3441,1.023890785,0,60.75085324,0,5.802047782,1.365187713,3.412969283,21.84300341,0,0,4.436860068,0.682593857,0,0,0.682593857,0,0,86.3
3442,0.694444444,0,60.76388889,0,6.25,0.347222222,1.388888889,22.56944444,0,0.694444444,5.208333333,0,0,0,2.083333333,0,0,87.8
3443,0.337837838,0,59.45945946,0,8.445945946,0,3.378378378,20.94594595,0,1.351351351,4.72972973,0,0,0,1.351351351,0,0,83.1
3444,0,0,63.08307419,0,0,4.627003383,5.488159109,23.42206882,0,0,3.178074702,0,0,0.201619793,0,0,0,87.9
3445,0,0,63.09304389,0,0,5.095910984,5.549866885,23.41115435,0,0,1.979657314,0,0,0.870366578,0,0,0,89.3
3446,0,0,62.81471248,0,0,6.544638232,5.297876015,22.98048696,0,0,1.740632015,0,0,0.621654291,0,0,0,91.3
3447,0,0,62.90925297,0,0,5.855531557,5.615550756,23.01073057,0,0,1.823854092,0,0,0.785080051,0,0,0,90.7
3448,0,0.593551868,63.17617699,0,0,5.031701066,5.605018211,23.25306893,0,0,1.662619722,0,0,0.677863213,0,0,0,89.1
3449,0,0.600074166,63.09543876,0,0,4.564609109,5.784984661,22.99834811,0,0,2.049691535,0,0,0.906853656,0,0,0,89.2
3450,0,0,63.10330663,0,0,4.254809338,5.333059492,23.54008352,0,0,3.282672691,0,0,0.486068323,0,0,0,86.7
3451,0,0.720223471,63.1945613,0,0,3.214081379,5.580049137,23.2389863,0,0,3.466496146,0,0,0.585602262,0,0,0,85.4
3452,0,0,62.16063911,0,0.722643949,4.047469089,8.57891073,20.13789903,0,0,4.05741373,0.215467232,0.079557132,0,0,0,0,93
3453,1.242814976,2.665838123,62.65030294,0,0,4.495883175,8.637564083,20.25788411,0,0,0.031070374,0.006214075,0.01242815,0,0,0,0,90.2
3454,0,0,62.44808374,0,0.472733412,4.109404018,7.043727841,21.58365693,0,0,4.288367381,0,0.054026676,0,0,0,0,84.18
3455,0,0,63.30076695,0,0,0,9.750819463,21.72612418,0,0,5.222289406,0,0,0,0,0,0,79.281
3456,0,0,61.56562465,0,0.483217485,5.965877411,2.044381667,22.35066721,0,0,7.590231573,0,0,0,0,0,0,87.975
3457,0,0,61.60430965,0,0.479669397,5.767102059,2.516419452,22.19024426,0,0,7.442255184,0,0,0,0,0,0,84.249
3458,0,0,61.40434591,0,0.477169285,6.276611364,3.303479665,21.39553663,0,0,7.142857143,0,0,0,0,0,0,88.596
3459,0,0,61.65897277,0,0.66155356,5.081603722,3.307767802,21.9839337,0,0,7.287993893,0.00363491,0.014539639,0,0,0,0,87.078
3460,0,0,61.65249618,0,0.683089892,5.105006904,3.342780321,21.97514716,0,0,7.241479544,0,0,0,0,0,0,87.078
3461,0.281564399,0,62.0746489,0.010301137,0.446382584,3.797685678,6.324897847,21.15166707,0,0.041204546,5.600384576,0.18885417,0.082409092,0,0,0,0,86.53
3462,0.857838932,0,61.79528532,0.010294067,0.452938956,3.685276053,6.354870809,20.8729369,0,0.041176269,5.665168308,0.171567786,0.075489826,0,0.017156779,0,0,85.6
3463,0.856472714,0,61.80304362,0.010277673,0.452217593,3.655425542,6.447526589,20.85682352,0,0.04111069,5.628738675,0.171294543,0.075369599,0,0.001699242,0,0,86.39
3464,0.857118826,0,61.85308734,0.010285426,0.44570179,3.630755349,6.301537612,21.12283636,0,0.041141704,5.584986273,0.075426457,0.075426457,0,0.00169641,0,0,85.42
3465,0.418374321,0,62.04625955,0.010287893,0.445808703,3.655631364,6.337342177,21.27193372,0,0.041151573,5.620618954,0.07544455,0.07544455,0,0.001702646,0,0,83.17
3466,0,0,62.32199641,0,0.041476566,3.221346606,6.083229642,21.47794829,0,0.034563805,6.622424997,0.127886078,0.06912761,0,0,0,0,87.93
3467,0,0,62.31554268,0,0.041373604,3.63398152,6.268100952,21.37636188,0,0.034478003,6.13708454,0.124120811,0.068956006,0,0,0,0,88.1
3468,0.867320599,0,61.9549131,0,0.048184478,3.710204784,6.229564619,21.11856823,0,0.041300981,5.840647049,0.120461194,0.068834968,0,0,0,0,88.58
3469,0.9816709,0,61.97913091,0,0.054918652,3.487334386,6.246996636,21.22262648,0,0.041188989,5.800782591,0.116702135,0.068648315,0,0,0,0,89.11
3470,0,0,58.92857143,0,4.285714286,0,0,23.21428571,0,6.428571429,1.785714286,0,0,0,0,0,5.357142857,61.26
3471,0,0,58.92857143,0,5.357142857,0,0,23.21428571,0,5.357142857,1.785714286,0,0,0,0,0,5.357142857,60.5
3472,0,0,58.92857143,0,6.428571429,0,0,23.21428571,0,4.285714286,1.785714286,0,0,0,0,0,5.357142857,64.5
3473,0,0,58.92857143,0,8.571428571,0,0,23.21428571,0,2.142857143,1.785714286,0,0,0,0,0,5.357142857,67
3474,0,0,58.92857143,0,10.71428571,0,0,23.21428571,0,0,1.785714286,0,0,0,0,0,5.357142857,68.13
3475,0,0,59.01858125,0,9.827875304,4.664134415,2.005269822,22.7936899,0,1.690449304,0,0,0,0,0,0,0,77
3476,0,0,61.17647059,0,11.76470588,0,0,0,18.82352941,0,7.058823529,0,0,1.176470588,0,0,0,66.96
3477,0,0,61.9047619,0,9.523809524,1.19047619,0,0,19.04761905,0,7.142857143,0,0,1.19047619,0,0,0,74.56
3478,0,0,62.35294118,0,9.411764706,0,0,0,18.82352941,0,7.058823529,1.176470588,0,1.176470588,0,0,0,77.06
3479,17.65747684,0,56.79326715,0,0.019258155,0,6.208879072,19.3206811,0,0.000437685,0,0,0,0,0,0,0,85.6
3480,0.006257722,0,56.10727113,0,19.06728022,0,6.132567972,18.68555915,0,0.001063813,0,0,0,0,0,0,0,66.9
3481,0.000125015,0,56.5945307,0,0.00625077,0,6.238268087,19.10235198,0,18.05847345,0,0,0,0,0,0,0,52.4
3482,0,16.66666667,63.88888889,0,0,0,0,19.44444444,0,0,0,0,0,0,0,0,0,87.15
3483,0,16.52754591,63.91207568,0,0,0,0,19.28491931,0,0,0,0.275459098,0,0,0,0,0,80.22
3484,0,16.39262026,63.93456329,0,0,0,0,19.12658157,0,0,0,0.546234881,0,0,0,0,0,77.82
3485,0,16.26193267,63.95634455,0,0,0,0,18.96946352,0,0,0,0.812259253,0,0,0,0,0,71.47
3486,0,16.1308359,63.97819402,0,0,0,0,18.81464915,0,0,0,1.076320939,0,0,0,0,0,68.17
3487,0,15.99932799,64.000112,0,0,0,0,18.66774934,0,0,0,1.332810662,0,0,0,0,0,65.76
3488,0,16.57319829,63.81239363,0,0,0,0,19.33818811,0,0,0,0,0,0,0,0.276219972,0,65.76
3489,0,16.48265426,63.73647929,0,0,0,0,19.23163145,0,0,0,0,0,0,0,0.549234994,0,83.3
3490,0,16.39510342,63.66117912,0,0,0,0,19.12480653,0,0,0,0,0,0,0,0.818910933,0,81.64
3491,0,16.3063445,63.58626537,0,0,0,0,19.01935849,0,0,0,0,0,0,0,1.088031652,0,79.86
3492,0,16.21544923,63.51382031,0,0,0,0,18.919916,0,0,0,0,0,0,0,1.350814462,0,79.38
3493,0,0,62.1565721,0,0.337826192,5.267330828,6.404908821,21.14860905,0,0,4.553759178,0.13099383,0,0,0,0,0,87.1
3494,0,0,61.89868616,0,0.675885375,5.186385737,6.558846857,20.85589158,0,0,4.824304286,0,0,0,0,0,0,87.1
3495,0,0,62.18019257,0,0.034387895,5.773727648,6.643741403,20.98005502,0,0.103163686,4.116231087,0.085969739,0.082530949,0,0,0,0,88.1
3496,0,0.594770125,62.17056913,0,0.020509315,5.130746881,6.66552726,20.61186122,0,0,4.689796616,0.102546573,0.013672876,0,0,0,0,86.4
3497,0,0,61.51928075,1.099248437,0.021071855,5.152068554,6.686801995,20.69256164,0,0,4.709559598,0.105359275,0.014047903,0,0,0,0,87.1
3498,0,0,60.55684455,0,7.954922108,3.413987405,3.977461054,23.225058,0,0.662910176,0,0,0,0,0.208816705,0,0,74
3499,0,0,60,0,9.230769231,1.538461538,9.230769231,20,0,0,0,0,0,0,0,0,0,74
3500,0,0,62.29508197,0,7.868852459,0.327868852,1.967213115,27.54098361,0,0,0,0,0,0,0,0,0,66
3501,0,0,60.84142395,0,9.061488673,1.618122977,4.530744337,23.94822006,0,0,0,0,0,0,0,0,0,71
3502,0,0,60.33613445,0,3.025210084,4.033613445,4.369747899,21.68067227,0,4.705882353,0.840336134,0,0,0.336134454,0.672268908,0,0,76.4
3503,0,0,60.8040201,0,3.350083752,3.350083752,4.020100503,22.11055276,0,4.020100503,1.172529313,0.67001675,0,0,0.502512563,0,0,77.5
3504,0,0,60.89193825,0,2.401372213,4.116638079,2.401372213,23.49914237,0,4.802744425,1.200686106,0,0,0,0.686106346,0,0,74.9
3505,0,0,60.693153,0,3.38123415,3.38123415,4.226542688,22.06255283,0,3.38123415,1.859678783,0,0,0.253592561,0.591715976,0.169061708,0,78
3506,0,0,60.95481671,0,2.728047741,3.58056266,3.751065644,22.59164535,0,3.410059676,1.875532822,0,0,0.255754476,0.511508951,0.341005968,0,77.3
3507,0,0,60.72635135,0,3.040540541,3.716216216,4.391891892,21.875,0,3.547297297,1.689189189,0,0,0.337837838,0.675675676,0,0,78.9
3508,0,0,60.71126164,0,2.032176122,3.725656224,4.064352244,22.18458933,0,4.741744285,1.693480102,0,0,0.209991533,0.592718036,0.044030483,0,76.9
3509,0,0,61.0455312,0,3.372681282,3.541315346,3.70994941,22.09106239,0,3.372681282,1.349072513,1.011804384,0,0,0.505902192,0,0,79.6
3510,0,0,61.04995766,0,3.048264183,3.725656224,4.064352244,22.18458933,0,3.048264183,1.693480102,0.846740051,0,0.16934801,0.084674005,0.084674005,0,79.2
3511,0,0.676201102,60.97305339,0,2.691280387,3.533150759,3.698820029,22.28420732,0,3.367481489,1.849410015,0,0,0.253575413,0.503769821,0.169050276,0,78.9
3512,0,0,62.54295533,0,0,2.749140893,6.18556701,21.99312715,0,0,2.749140893,0,0,2.749140893,0,1.030927835,0,87
3513,0,0,62.5,0,0.347222222,2.777777778,4.861111111,22.56944444,0,0.347222222,2.777777778,0,0,2.777777778,0.347222222,0.694444444,0,88
3514,0,0,62.84626039,0,0.138504155,2.596952909,4.847645429,22.8531856,0,0.069252078,2.596952909,0,0,2.423822715,0.519390582,1.108033241,0,88
3515,0,0,61.53846154,0,0.20979021,3.496503497,6.643356643,19.93006993,0,0.13986014,4.545454545,0,0,1.748251748,0,1.748251748,0,90
3516,0,0,63.11188811,0,0,2.097902098,3.846153846,24.12587413,0,0,2.097902098,0,0,1.398601399,0.174825175,3.146853147,0,84
3517,0,0,62.47824574,0,0.139227289,3.480682214,5.221023321,22.27636617,0,0.069613644,2.43647755,0,0,2.262443439,0.174034111,1.46188653,0,87
3518,0,0,62.19512195,0,0.139372822,3.484320557,5.226480836,21.95121951,0,0.557491289,2.613240418,0,0,2.264808362,0.174216028,1.393728223,0,86
3519,0,0,62.39198064,0,0.691323885,3.802281369,5.184929139,22.46802627,0,0.207397166,2.765295541,0,0,1.62461113,0.172830971,0.691323885,0,87
3520,0,0,62.13793103,0,0.689655172,4.137931034,5.862068966,21.72413793,0,0.206896552,2.75862069,0,0,1.724137931,0.068965517,0.689655172,0,90
3521,0,0,62.09621993,0,1.030927835,4.12371134,5.841924399,21.82130584,0,0.206185567,2.749140893,0,0,1.374570447,0.068728522,0.687285223,0,88
3522,0.684931507,0,61.30136986,0,4.794520548,5.821917808,3.424657534,22.60273973,0,0,0.342465753,0,0,0,1.02739726,0,0,86.5
3523,0.682593857,0,61.09215017,0,5.460750853,5.460750853,3.412969283,22.35494881,0,0,0.341296928,0,0,0,1.194539249,0,0,86.3
3524,0.664451827,0,61.12956811,0,3.986710963,5.647840532,6.644518272,20.93023256,0,0,0.664451827,0,0,0,0.332225914,0,0,86.4
3525,0.408302144,0,60.87784961,0,5.709424974,5.777475332,4.0762164,22.095951,0,0,0.374276965,0,0,0,0.680503573,0,0,84.9
3526,0.136710072,0,60.77104481,0,5.926381626,5.721316518,4.039782631,21.88044704,0,0,0.851020199,0,0,0,0.673297105,0,0,85.8
3527,0.677966102,0,60.6779661,0,6.101694915,5.593220339,4.06779661,22.03389831,0,0,0.169491525,0,0,0,0.677966102,0,0,83.9
3528,0.406793451,0,60.72748229,0,6.26461914,5.773077053,4.074714397,22.07532459,0,0,0,0,0,0,0.677989084,0,0,84.1
3529,0,0,60.44721535,0,8.742293894,1.804186549,0.410992303,25.17850301,0,0.264706907,3.124238097,0,0.027863885,0,0,0,0,73.3
3530,0,6.899947681,64.06610655,0,2.585172191,0.024620688,0.81863786,25.55935124,0,0,0.033853445,0,0.012310344,0,0,0,0,73.1
3531,0,29.41176471,58.82352941,0,5.882352941,0,0,5.882352941,0,0,0,0,0,0,0,0,0,41.6
3533,0,22.07792208,59.09090909,0,7.792207792,0,0,11.03896104,0,0,0,0,0,0,0,0,0,57.1
3534,0,18.25613079,61.85286104,0,3.542234332,0,0,16.34877384,0,0,0,0,0,0,0,0,0,44.4
3535,3.310852238,7.234825261,63.6725935,0,0,0,0.79705702,24.98467198,0,0,0,0,0,0,0,0,0,56.7
3536,0,0,66.66666667,0,0,2.777777778,0,0,22.22222222,0,8.333333333,0,0,0,0,0,0,62.1
3537,0,0,66.66666667,0,0,8.333333333,0,0,22.22222222,0,2.777777778,0,0,0,0,0,0,63
3538,0,0,66.66666667,0,0,8.333333333,0,0,22.22222222,0,0,0,0,2.777777778,0,0,0,62.5
3539,0,0,66.66666667,0,0,5.555555556,0,0,22.22222222,0,0,0,0,5.555555556,0,0,0,64.2
3540,0,0,66.66666667,0,0,2.777777778,0,0,22.22222222,0,0,0,0,8.333333333,0,0,0,61
3541,0,0,66.66666667,0,0,0,0,0,22.22222222,0,2.777777778,0,0,8.333333333,0,0,0,56.8
3542,0,0,66.66666667,0,0,0,0,0,22.22222222,0,5.555555556,0,0,5.555555556,0,0,0,58.1
3543,0,0,66.66666667,0,0,0,0,0,22.22222222,0,8.333333333,0,0,2.777777778,0,0,0,59.5
3544,0,0,66.66073811,0,0,3.708314807,0,0,22.21431747,0,3.708314807,0,0,3.708314807,0,0,0,65
3545,0,0,66.66666667,0,0,2.777777778,0,0,22.22222222,0,5.555555556,0,0,2.777777778,0,0,0,63.3
3546,0,0,66.66666667,0,0,5.555555556,0,0,22.22222222,0,2.777777778,0,0,2.777777778,0,0,0,63.6
3547,0,0,66.66666667,0,0,2.777777778,0,0,22.22222222,0,2.777777778,0,0,5.555555556,0,0,0,66
3551,0,0,62.56499133,0,0,3.639514731,5.54592721,22.35701906,0,0,2.426343154,0,0,2.772963605,0,0.693240901,0,88
3552,0,0,62.93103448,0,0,3.103448276,5.172413793,22.75862069,0,0,2.068965517,0,0,1.724137931,0.517241379,1.724137931,0,88
3553,0,0,62.84722222,0,0,2.604166667,4.861111111,22.91666667,0,0,2.604166667,0.347222222,0,2.430555556,0,1.388888889,0,85
3554,0,0,62.39198064,0,0.691323885,3.802281369,5.184929139,22.46802627,0,0.207397166,1.38264777,0,0,3.007258901,0.172830971,0.691323885,0,87
3555,0,0,62.11438475,0,0.693240901,4.159445407,5.54592721,21.83708839,0,0.20797227,2.772963605,0,0,1.733102253,0.06932409,0.866551127,0,89
3556,0,3.645986475,62.35094253,0,5.429775556,0.934365709,0.777549087,25.23767519,0,0.084942337,1.519161031,0,0.019602078,0,0,0,0,76
3557,0,1.944273294,60.69350311,0,7.345793113,1.020058876,0.486068323,24.00561375,0,0.349147669,4.128157733,0,0.027384131,0,0,0,0,73.2
3558,1.625053456,4.473831376,60.33093194,0,3.322477713,0.651337215,0.276324879,22.65864009,0,3.822494161,2.812592519,0,0.026316655,0,0,0,0,73.2
3559,0,3.147585275,59.78723404,0,7.78790949,2.364066194,0.560621412,22.23573117,0,1.330631543,2.715298886,0,0.054035799,0,0.016886187,0,0,73.2
3560,0,4.255179217,61.52910227,0,5.228543242,0.993094377,0.31568563,24.02170339,0,1.321933574,2.282144032,0,0.052614272,0,0,0,0,73.2
3561,0,3.997225067,62.175019,0,3.964190149,1.19916752,0.27749331,24.83565128,0,1.3280037,2.193518549,0,0.013213967,0,0.016517459,0,0,73.2
3562,0,4.452897006,62.7602715,0,3.272453028,1.380463652,0.236088796,25.2516641,0,0.924681116,1.632947503,0,0.013116044,0.059022199,0.016395055,0,0,73.2
3563,17.84466019,0,57.09708738,0,0,0,1.229773463,21.36893204,0.841423948,1.165048544,0,0,0,0,0.453074434,0,0,106
3564,17.79497099,0,57.05996132,0,0,0,1.611863314,21.08317215,0.838168923,1.160541586,0,0,0,0,0.451321728,0,0,108
3565,17.54609027,0,57.53337572,0,0,0,2.98792117,20.66115702,0.826446281,0,0,0,0,0,0.445009536,0,0,106
3566,19.89730424,0,56.16174583,0,0,0,1.155327343,19.89730424,1.283697047,1.155327343,0,0,0,0,0.449293967,0,0,113
3567,17.6619171,0,56.81023316,0,0,0,1.165803109,21.12370466,0.841968912,1.943005181,0,0,0,0,0.453367876,0,0,107
3568,17.74193548,0,57.06451613,0,0,0,1.612903226,21.06451613,0.838709677,1.161290323,0,0,0,0,0.451612903,0.064516129,0,110
3569,17.95527157,0,57.25239617,0,0,0,2.49201278,20.86261981,0.830670927,0.319488818,0,0,0,0,0.287539936,0,0,108
3570,17.72639692,0,56.96852922,0,0,0,1.734104046,20.64868337,0.963391137,1.412973667,0,0,0,0,0.545921644,0,0,105
3571,0,0,60.10871838,0,10.09129556,0,0,25.26308454,0,0,4.536901526,0,0,0,0,0,0,64.5
3572,0,0,58.97295634,0,13.67568122,0,0,24.78375329,0,0,2.567609149,0,0,0,0,0,0,54.6
3573,0,0,59.58363245,0,9.510135713,0,0,25.39910437,0,2.953543226,2.553584248,0,0,0,0,0,0,56.2
3574,0,0,59.46114057,0,9.186145485,2.854710928,5.748706868,20.97492307,0,0.667845217,0.297911347,0,0,0.64492896,0,0.163687553,0,75.3
3575,0,0,59.51031437,0,9.932116259,2.88670665,5.140710473,21.41633164,0,0,0.148289725,0,0,0.965530877,0,0,0,74.2
3576,0,0,59.49646935,0,9.998020194,3.042301854,5.01550848,21.48419455,0,0,0,0,0,0.963505576,0,0,0,73.8
3577,0,0,59.54373872,0,8.849499426,2.530773018,5.422616117,21.29656983,0,0.991301494,0.114885935,0,0,1.027408502,0,0.223206959,0,74.7
3578,0,0,59.47107438,0,9.930578512,2.905785124,5.011570248,21.24297521,0,0,0.148760331,0.158677686,0,1.130578512,0,0,0,74.4
3579,0,0,59.53669483,0,8.606124604,3.019403379,4.982840549,21.23812038,0,1.339757128,0.148495248,0.316789863,0,0.811774023,0,0,0,75
3580,0,0,61.95201818,0,0.708366747,5.102245389,8.507083667,19.97126437,0,0,3.698877306,0.006682705,0.053461641,0,0,0,0,93.8
3581,0,7.099938688,64.16309013,0,2.084610668,0,0.931943593,25.47516861,0,0.245248314,0,0,0,0,0,0,0,60
3582,0,7.039744456,64.06106026,0,2.512439339,0,0.817003501,25.48989496,0,0.079857485,0,0,0,0,0,0,0,61
3583,0,9.813975674,63.04853327,0,0,0,4.465776294,18.95719056,0,0,0,0,0,0,0,3.714524207,0,69
3584,0,4.34582168,63.49079509,0,0,0.42720595,7.204106095,21.2066263,0,0,1.542858899,0,0,0.37495774,0,1.407628239,0,71
3585,0,0,60.54273828,0,7.753403933,1.197680282,6.801563288,22.22012103,0,1.323751891,0.157589511,0.00315179,0,0,0,0,0,75
3586,0,0.397125567,60.54273828,0,7.753403933,1.197680282,6.404437721,22.22012103,0,1.323751891,0.157589511,0.00315179,0,0,0,0,0,75
3587,0,0,61.11288775,0,7.035497282,1.215222258,5.436520627,23.60089543,0,1.34314039,0.159897665,0.095938599,0,0,0,0,0,74
3588,0,0,61.68313675,0,6.758049091,0.892572522,5.419190309,24.29072362,0,0.701306981,0.15938795,0.09563277,0,0,0,0,0,74
3589,0,0,60.40803315,0,9.308256296,0.892572522,5.419190309,23.01562002,0,0.701306981,0.15938795,0.09563277,0,0,0,0,0,73
3590,0,0,60.96642611,0,7.71885786,0.878569187,6.903043615,22.5917791,0,0.690304361,0.156887355,0.094132413,0,0,0,0,0,75
3591,0,0.315756236,60.5620461,0,7.76760341,1.041995579,6.315124724,22.26081465,0,1.326176192,0.315756236,0.094726871,0,0,0,0,0,75
3592,0,0.318979266,60.12759171,0,7.527910686,1.212121212,5.358851675,22.48803828,0,2.743221691,0.159489633,0.063795853,0,0,0,0,0,73
3593,0.641745548,6.000320873,61.9894112,0.324081502,0.308037863,5.83346703,4.48580138,19.5957003,0,0.314455318,0.362586235,0.048130916,0.096261832,0,0,0,0,90.5
3594,1.629779328,4.387365951,62.29668503,0.547605854,0.013038235,4.586199029,4.113563024,21.62391212,0,0.013038235,0.664949966,0.065191173,0.058672056,0,0,0,0,74.25
3595,1.492489715,4.030997863,62.24447492,0.519820136,0.012756322,4.219153618,6.103900246,20.54405715,0,0.019134484,0.618681634,0.124374143,0.070159773,0,0,0,0,80.34
3596,0.3844883,7.281247184,61.43702502,0,6.38611036,0.057072482,2.679402842,21.43822655,0,0.318404374,0.018022889,0,0,0,0,0,0,74
3597,0.375465665,9.457041448,61.17157021,0,6.230383386,0.055733185,2.616526356,19.76474729,0,0.310932504,0.017599953,0,0,0,0,0,0,71
3598,0,6.820994175,61.27124015,0,7.261642471,0.105634866,2.764615338,21.50424049,0,0.247487399,0.024145112,0,0,0,0,0,0,74
3599,0,8.382060491,61.60102104,0,6.173755602,0.056394883,2.647591345,20.88985189,0,0.231515835,0.01780891,0,0,0,0,0,0,72
3600,0,7.758183392,61.41497329,0,6.600423716,0.187986751,2.912302689,20.90532032,0,0.220809835,0,0,0,0,0,0,0,74
3601,0.3844883,7.281247184,61.44002884,0,6.38010273,0,2.679402842,21.44123036,0,0.318404374,0.075095371,0,0,0,0,0,0,75
3602,0,7.753093783,61.43730431,0,6.596093634,0.128224243,2.910392128,20.94826301,0,0.220664977,0,0,0.005963918,0,0,0,0,73
3603,0,7.707586043,61.51542999,0,6.563305962,0.103755966,2.893309222,20.67708179,0.296445617,0.219369757,0.023715649,0,0,0,0,0,0,73
3604,0,7.738130696,61.48805623,0,6.588431524,0,2.907011378,21.05796152,0,0.22040865,0,0,0,0,0,0,0,73
3605,0.606573153,9.985127293,61.39803447,0,5.400834038,0.055408125,2.601265638,19.64947071,0,0.285789274,0.017497302,0,0,0,0,0,0,69
3606,0,2.313035051,61.60878695,0,2.597318688,6.486835729,6.906800194,17.98740107,0.355354547,0,0.358585043,1.385882733,0,0,0,0,0,92
3607,0,2.30068192,62.15346377,0,2.587470525,4.971002486,7.074118922,19.6099675,0,0,0,1.303294882,0,0,0,0,0,89
3608,0,2.305309876,61.8634056,0,3.231265366,4.971423098,6.877614228,19.4450653,0,0,0,1.305916536,0,0,0,0,0,90
3609,0,3.14598241,61.68395171,0,3.215332724,4.939633704,7.225041768,18.49446774,0,0,0,1.295589951,0,0,0,0,0,89
3610,0,3.169801809,61.54330907,0,2.590036865,4.981567256,7.284872546,18.31616095,0,0.850742036,0,1.181586161,0,0,0.081923307,0,0,90
3611,0,3.461316582,61.54413179,0,2.589577591,4.980449971,5.909877572,18.81610153,0,0.852509455,0.538427024,1.307608487,0,0,0,0,0,87
3612,0,3.167705775,61.31683355,0,3.230682033,4.720070533,7.267460168,18.26626362,0,0.724226966,0.179482335,1.127275017,0,0,0,0,0,85
3613,0,1.73582515,61.4222363,0,4.871713652,4.244535952,6.91162496,19.26829268,0.285080773,0,0,1.260690529,0,0,0,0,0,88
3614,0,2.057106799,61.24309828,0,2.64395015,4.319293264,7.029499921,18.74428143,0.290266604,2.391544408,0,1.280959142,0,0,0,0,0,86
3615,0,2.305309876,61.31102526,0,4.336026054,4.971423098,6.877614228,18.94377215,0,0,0,1.254829337,0,0,0,0,0,90
3616,0,2.332605064,61.90720987,0,2.621770981,3.881249197,6.972111554,19.20061689,0,0,1.812106413,1.272330035,0,0,0,0,0,87
3617,0,7.721832435,64.00402589,0,2.19840813,0,0.925645529,24.90412756,0,0.243590929,0,0,0.002369531,0,0,0,0,64
3618,0.667464265,2.298343933,62.13084818,0,2.581701404,3.970153013,6.869844468,19.39424469,0.352622631,0,0.355771047,1.37900636,0,0,0,0,0,89
3620,0,2.303127506,61.81234964,0,3.233360064,5.218925421,6.684843625,19.44186047,0,0,0,1.30553328,0,0,0,0,0,89
3622,0,3.157894737,61.34572959,0,3.227229751,4.960605106,7.254963757,18.24141191,0,0.636621494,0,1.17554365,0,0,0,0,0,86
3623,0,2.029991487,61.15840482,0,4.557658307,5.009495121,4.754109096,20.49636566,0,0.857835112,0,1.136140397,0,0,0,0,0,89
3624,0,2.211811199,61.33792268,0,3.263536986,4.771010613,6.947764286,19.03942378,0,1.160085413,0,1.268445039,0,0,0,0,0,87
3625,0,2.206183618,61.49579249,0,3.908096694,4.257934382,6.933719941,18.88178008,0.283652179,0.64294494,0,1.389895679,0,0,0,0,0,88
3626,0,2.057106799,61.03801861,0,3.49581953,4.057422306,7.023189778,18.54551191,0.290266604,1.956144502,0.255560814,1.280959142,0,0,0,0,0,89
3627,0,2.326760921,61.10441894,0,4.247765168,4.01952704,6.95492297,18.8042858,0,0.86223293,0.361377037,1.318709187,0,0,0,0,0,89
3632,0,1.840940217,63.34363156,0,0,1.643469121,7.771443132,21.88107144,0,0,1.856865306,0,0,0.465012581,0,1.197566646,0,81.15
3633,6.201301824,0,58.43781063,0,6.727161959,0.009619393,4.463398211,20.93179851,0,1.590406259,0.663738096,0.003206464,0.006412928,0,0.965145734,0,0,83.61
3634,5.316731518,2.440466926,59.23424125,0,5.86459144,0.491828794,4.874708171,20.28949416,0,0.771984436,0.214785992,0.00311284,0.006225681,0,0.491828794,0,0,82.19
3635,8.24005565,0,58.53727945,0,6.304938974,0,5.141339404,20.88787706,0,0,0,0,0,0,0.888509454,0,0,83.39
3636,4.124168514,0,59.19227114,0,7.380424454,0.947101679,5.974025974,20.99461514,0,0.791891036,0.044345898,0.104529617,0,0,0.446626544,0,0,80.15
3637,4.826869152,0,59.37805224,0,6.843315794,0.340275371,6.377012508,21.16638836,0,0.170137685,0.573427014,0,0.006301396,0,0.318220486,0,0,80.4
3638,4.05418266,0,59.20439045,0,7.34067189,0.015861435,5.957554801,21.0703296,0,0.780382578,1.12616185,0.003172287,0.006344574,0,0.440947879,0,0,80.68
3639,9.937888199,0,59.00621118,0,2.48447205,0.621118012,7.453416149,20.34161491,0,0,0,0,0,0,0.155279503,0,0,83.4
3640,9.584664537,0,59.10543131,0,3.194888179,0.958466454,5.111821086,22.04472843,0,0,0,0,0,0,0,0,0,82.4
3641,10.32258065,0,60,0,1.290322581,0.64516129,3.870967742,23.22580645,0,0,0,0,0,0,0.64516129,0,0,84.4
3642,10.35598706,0,59.54692557,0,1.941747573,0.809061489,3.883495146,22.65372168,0,0,0.161812298,0,0,0,0.647249191,0,0,85.5
3643,10.35598706,0,59.54692557,0,1.941747573,0.970873786,3.883495146,22.65372168,0,0,0,0,0,0,0.647249191,0,0,82.9
3644,0,0,62.18365871,0,0,5.281823503,6.418069759,21.20304376,0,0.22036291,4.562200875,0,0.130840478,0,0,0,0,86.7
3645,0,0,62.0774029,0,0.165420271,5.19695351,6.575455767,20.90498673,0,0.110280181,4.835096667,0.065478857,0.068925113,0,0,0,0,87.1
3646,6.204620462,0,58.91089109,0,2.97029703,2.640264026,3.630363036,21.12211221,0,3.366336634,0,0.330033003,0,0,0.825082508,0,0,84.2
3647,3.85883582,0,59.27981457,0,7.384675655,2.843524534,4.903529105,20.58698704,0,0,0,0.652933303,0,0,0.489699977,0,0,84.8
3648,3.833803639,0,59.54396549,0,7.336771431,2.176380915,4.871720022,20.45343972,0,0,0,1.297395479,0,0,0.486523304,0,0,85.2
3649,0,0,60,0,9.032258065,3.225806452,6.451612903,21.29032258,0,0,0,0,0,0,0,0,0,76.9
3650,3.780964798,0,59.15906128,0,7.496740548,2.998696219,5.215123859,20.86049544,0,0,0,0,0,0,0.488917862,0,0,83.7
3651,0.065679288,0,60.8485764,0,6.180421004,2.137860826,4.932514532,22.38678533,0,1.444944337,1.313585761,0.098518932,0,0,0.591113592,0,0,78.8
3652,0.394866732,0,60.77657124,0,5.725567621,2.467917078,5.0674564,21.88219809,0,1.447844686,1.316222442,0.32905561,0,0,0.592300099,0,0,81
3653,0.394866732,0,60.77657124,0,5.725567621,2.303389273,5.0674564,21.98091477,0,1.447844686,1.480750247,0.32905561,0,0,0.493583416,0,0,79.8
3654,0.658978583,0,61.12026359,0,4.612850082,2.471169687,4.942339374,21.74629325,0,1.647446458,1.317957166,0.988467875,0,0,0.494233937,0,0,82.3
3655,3.796858437,0.963669654,59.45199319,0,7.266069191,2.155407793,4.824772735,20.25633613,0,0,0,0.803058045,0,0,0.481834827,0,0,83.8
3656,0,0,60.71126164,0,3.386960203,3.725656224,4.064352244,22.18458933,0,3.386960203,1.693480102,0,0,0.16934801,0.592718036,0.084674005,0,78.4
3657,0,9.715583174,60.31309751,0,7.684034417,0,2.222753346,18.0001195,0,0,1.565487572,0,0,0,0.498924474,0,0,79.5
3658,0,13.74353076,59.6319724,0,9.488211616,0,0,17.13628522,0,0,0,0,0,0,0,0,0,80.1
3659,0,12.07502931,56.79953107,0,15.70926143,0,0,15.41617819,0,0,0,0,0,0,0,0,0,80.3
3660,0,11.84767278,56.26175364,0,16.86060179,0,0,15.02997179,0,0,0,0,0,0,0,0,0,74.7
3661,0,11.03202847,54.59667853,0,20.46263345,0,0,13.90865955,0,0,0,0,0,0,0,0,0,76.7
3662,0,9.529553679,60.79613993,0,8.564535585,0,0,21.10977081,0,0,0,0,0,0,0,0,0,81.8
3663,0,7.918968692,56.41497851,0,17.86372007,0,0,17.80233272,0,0,0,0,0,0,0,0,0,72.8
3664,0,6.25,60.625,0,10,0,0,23.125,0,0,0,0,0,0,0,0,0,80.5
3665,0,0,60.67555864,0,8.730296206,0.259830244,0.408799584,25.62272649,0,0.221721808,4.081067036,0,0,0,0,0,0,72
3666,0,0,60.78029449,0,9.073827338,0,1.018072495,25.57821735,0,0,3.529090226,0,0.020498104,0,0,0,0,71.9
3667,0,0,60.62420862,0,9.24677458,0.342219637,1.040347695,25.34136409,0,0,3.384552206,0,0.020533178,0,0,0,0,72.5
3668,0,0,60.52251633,0,9.150910966,0.646270196,1.017531798,25.09797181,0,0,3.537298041,0,0.027500859,0,0,0,0,72.5
3669,0,0,60.50388266,0,8.890422778,1.028472821,1.049180328,24.91803279,0,0,3.589301122,0,0.020707506,0,0,0,0,73.3
3670,0,0,59.96945293,0,9.552901972,1.673146348,1.048319911,24.17731186,0,0,3.551096918,0,0.027770064,0,0,0,0,74
3671,0,0,59.84185851,0,9.299559163,2.365124904,1.014624589,23.81218949,0,0,3.635154993,0,0.027989644,0,0,0,0,75.6
3672,0,0,60.97052898,0,8.749103575,0.986920739,0.99033569,25.81019704,0,0,2.472424273,0,0.020489704,0,0,0,0,71.8
3673,0,0,60.57824061,0,9.303918882,0.969443683,1.020827624,25.29460126,0,0,2.826116744,0,0.006851192,0,0,0,0,72
3674,0,0,60.30277836,0,9.048707822,1.025427839,1.046213538,24.596411,0,0,3.959675743,0,0.020785699,0,0,0,0,74
3675,0,0,60.17019799,0,9.13511636,0.996873915,1.035081626,24.37999305,0,0,4.261896492,0,0.02084057,0,0,0,0,73.8
3676,0,0,59.98745032,0,9.230983755,1.000488043,1.059750401,24.05005926,0,0,4.650352088,0,0.020916126,0,0,0,0,74.9
3677,0,0,59.85306979,0,9.256603114,1.004023089,1.035508134,23.79919538,0,0,5.016617107,0,0.034983383,0,0,0,0,75.6
3678,0,0,60.34202798,0,9.32803593,0.345482812,0.870616687,24.90240111,0,0,4.190706512,0,0.020728969,0,0,0,0,73.7
3679,0,0,60.59057158,0,8.917285443,2.300120877,0.808150578,25.22534968,0,0,2.137800035,0,0.02072181,0,0,0,0,72.8
3680,0,0,60.48841145,0,9.070498428,3.070705675,0.842803357,25.07685399,0,0,1.423094194,0,0.027632897,0,0,0,0,71.4
3681,0,0,60.34196891,0,9.347150259,3.803108808,0.870466321,24.9119171,0,0,0.701208981,0,0.020725389,0,0,0,0,70.7
3682,0,0,59.45478723,0,7.965425532,3.650265957,3.982712766,21.3962766,0,2.652925532,0.033244681,0,0,0.033244681,0.831117021,0,0,78
3683,1.242236025,1.242236025,62.42236025,0,0,3.105590062,8.695652174,21.42857143,0,1.863354037,0,0,0,0,0,0,0,83.2
3684,0,0,62.65822785,0,3.797468354,2.215189873,7.594936709,22.46835443,0,0,0.316455696,0.949367089,0,0,0,0,0,83.7
3685,0,0,62.6984127,0,3.80952381,2.222222222,7.301587302,22.53968254,0,0,0.317460317,0.634920635,0,0,0.476190476,0,0,84.7
3686,1.993355482,0,63.4551495,0,0,4.318936877,4.651162791,25.58139535,0,0,0,0,0,0,0,0,0,86.6
3687,3.205128205,0,63.14102564,0,0,2.564102564,6.41025641,23.07692308,0,0,0,0,0,0,1.602564103,0,0,92
3688,2.53968254,0,63.49206349,0,0,2.222222222,6.984126984,23.17460317,0,0,0,1.587301587,0,0,0,0,0,88.2
3689,0,0,63.68213802,0,0,1.788135046,8.082112194,23.32321993,0,0,3.12439481,0,0,0,0,0,0,87
3690,0,0.590176418,63.86279985,0,0,1.269196599,8.224393959,23.31831451,0,0,2.73511867,0,0,0,0,0,0,87
3691,0,0,63.86543873,0,0,1.282297263,8.314146841,23.57380404,0,0,2.766052699,0,0,0.198260425,0,0,0,86.3
3692,0,0,63.93489708,0,0,1.279719164,8.303813627,23.54874741,0,0,2.763682783,0,0,0,0.169139939,0,0,85.8
3693,0,0.593375065,63.24986959,0,0,2.305033907,7.700834637,22.35263432,0,0,3.759128847,0,0,0,0,0.039123631,0,87.6
3694,0,0,63.37412302,0,0,2.329907,7.98825257,22.58443465,0,0,3.351280796,0,0,0.202316854,0.169685104,0,0,89
3695,0,0,62.36992279,0,0,5.135951662,8.123531386,20.67807989,0,0,3.692514267,0,0,0,0,0,0,95.3
3696,0,0,60.87306307,0,0,6.820805205,8.296897408,17.59767743,0,0,6.411556893,0,0,0,0,0,0,101.9
3697,0,0,61.95722398,0,0,7.150872182,8.079159441,19.87486824,0,0,2.93787616,0,0,0,0,0,0,97.6
3698,0,0,59.81844928,0,0,4.897563776,8.603925227,15.33493595,0,0,11.34512576,0,0,0,0,0,0,104.7
3699,0,0,59.92746721,0,0,5.439958971,6.879624881,16.41512199,0,0,11.33782695,0,0,0,0,0,0,101.7
3700,0,0,61.61692482,0,0,8.173919016,8.077755263,19.19497201,0,0,2.93642889,0,0,0,0,0,0,100.1
3701,0,0,59.60007206,0,0,3.318321023,8.740767429,14.8297604,0,0,13.51107908,0,0,0,0,0,0,100.4
3702,0,0,60.14680484,0,0,4.350172712,7.743235463,16.42199194,0,0,11.33779505,0,0,0,0,0,0,99.7
3703,0,0.59430289,61.48644033,0,0,6.936949245,8.12213949,18.61465947,0,0,4.245508573,0,0,0,0,0,0,98.7
3704,0,0,61.59720558,0,0,6.56826821,8.31478374,19.03701928,0,0,3.965617616,0,0,0.308208623,0,0.208896956,0,97.6
3705,0,0,62.96125157,0,0,4.333619381,8.066539045,21.88923361,0,0,2.749356393,0,0,0,0,0,0,94.1
3706,0,0,62.69450725,0,0,4.358957308,8.112780955,21.33262402,0,0,3.501130469,0,0,0,0,0,0,92.7
3707,0,0,63.02899751,0,0,4.334714167,7.661971831,22.22700911,0,0,2.747307374,0,0,0,0,0,0,91.4
3708,0,0,62.76165993,0,0,4.360164257,7.705405135,21.6706173,0,0,3.502153374,0,0,0,0,0,0,92.1
3709,0,0,62.32473839,0,0,4.862868477,6.955748581,21.17160249,0,0,4.685042063,0,0,0,0,0,0,92.7
3710,0,0,63.62306861,0,0,3.277802505,9.168945126,22.66166465,0,0,1.268519107,0,0,0,0,0,0,91
3711,0,0,62.96503958,0,0,3.588390501,8.106860158,21.87664908,0,0,3.463060686,0,0,0,0,0,0,90.9
3712,0,0,63.22962285,0,0,3.621151709,8.177005033,21.86417413,0,0,2.601477221,0,0,0,0.506569057,0,0,91.6
3713,0,0.587544066,63.05000653,0,0,3.805979893,8.029768899,21.79135657,0,0,2.73534404,0,0,0,0,0,0,90.4
3714,0,0,63.0299047,0,0,3.378245153,8.215576733,21.95202103,0,0,2.612553401,0,0,0.604666448,0,0.207032534,0,89.7
3715,0,0,61.33378356,0,0,6.868141145,9.7990883,17.76802296,0,0,4.230964038,0,0,0,0,0,0,101.1
3716,0,0,62.96272596,0,0,3.317869141,10.08478643,20.88305871,0,0,2.75155975,0,0,0,0,0,0,93.3
3717,0,0,61.13043185,0,0,7.232332782,10.21035216,17.15568761,0,0,4.271195597,0,0,0,0,0,0,101.7
3718,0,0,61.47798742,0,0,7.179178375,10.13649137,17.88772916,0,0,3.318613676,0,0,0,0,0,0,101.3
3719,0,0,63.01863909,0,0,2.562875016,10.13021831,20.97216903,0,0,3.316098557,0,0,0,0,0,0,92.2
3720,0,0,63.36752786,0,0,4.024189463,9.941742655,21.7641844,0,0,0.902355623,0,0,0,0,0,0,93.3
3721,0,0,62.29378173,0,0,6.050126904,11.9606599,18.6072335,0,0,1.08819797,0,0,0,0,0,0,100.8
3722,0,0,61.45178624,0,0,8.574592113,11.9646986,16.92122317,0,0,1.087699873,0,0,0,0,0,0,105.7
3723,0,0,60.19924403,0,8.994810686,2.556217567,6.4578128,21.69261324,0,0.083285284,0,0,0,0,0.016016401,0,0,72
3724,0,2.439176934,61.94883983,0,5.810244543,2.373506786,2.126461943,18.96303709,3.183438614,0,0,0,0,0,0.781787479,2.373506786,0,74
3725,0,0,58.68558193,0,7.237984945,0,13.14418066,14.59177765,0,4.342790967,0,1.997683845,0,0,0,0,0,87
3726,2.761721259,0,60.53307643,0,5.523442518,0,3.66088632,24.75915222,0,2.761721259,0,0,0,0,0,0,0,71
3727,0.673331973,0,60.9433449,0,6.059987758,5.386655785,3.366659865,22.22335578,0,0,0,0,0,0,1.346663946,0,0,85.3
3728,0.647185723,0,59.87121658,0,7.11904295,5.177485782,7.11904295,19.74243316,0,0,0,0,0,0,0.323592861,0,0,83.4
3729,0.135584028,0,60.49759338,0,7.043590265,5.72164599,4.033624839,21.89682055,0,0,0,0,0,0,0.67114094,0,0,83
3730,0.067842605,0,60.95658073,0,6.105834464,5.834464043,4.070556309,22.28629579,0,0,0,0,0,0,0.678426052,0,0,83
3731,0,0,61.68061367,0,2.30125523,2.266387727,0.278940028,24.86052999,0,4.323570432,2.615062762,0,0,0,1.673640167,0,0,80
3732,0,0,59.25162051,0,8.223662673,3.342499836,5.205264192,21.14188437,0,2.592810843,0.075296274,0,0,0,0.166961304,0,0,73
3734,0,1.152980877,60.41549494,0,2.516872891,2.653965129,0.653824522,22.06482002,0,4.541619798,4.608408324,0,0,0,1.392013498,0,0,83
3735,0,0,60.9356144,0,2.477461489,2.292894158,0.354937176,23.45779797,0,4.308937318,4.543195854,0,0,0,1.629161638,0,0,83
3736,0,0,61.37571763,0,2.587001205,1.548656886,0,24.65447587,0,3.784818201,4.766461124,0,0,0,1.282869091,0,0,82
3737,0,0,61.99372652,0,0.675605805,5.260073765,6.397573334,21.12646927,0,0,4.546551308,0,0,0,0,0,0,86.7
3738,0,0,62.20781907,0,0,5.2782183,6.412466386,21.18871958,0,0.220644005,4.561125284,0.131007378,0,0,0,0,0,86.6
3739,0,0,61.99606856,0,0,5.203986619,6.586888299,20.92285409,0,0.44832224,4.841880195,0,0,0,0,0,0,85.6
3740,0,0,59.35483871,0,9.677419355,2.580645161,5.806451613,21.29032258,0,1.290322581,0,0,0,0,0,0,0,72
3741,0,0,61.71617162,0,8.580858086,0.99009901,1.98019802,25.41254125,0,0,0,0,0,0,1.320132013,0,0,73
3742,0,5.283240387,60.25829175,0,8.746697975,0,6.750807162,18.87290872,0,0,0.029351335,0,0,0.029351335,0,0.029351335,0,76
3743,0.059988002,2.519496101,59.9880024,0,9.958008398,0,7.4985003,19.9760048,0,0,0,0,0,0,0,0,0,70
3744,0.857795196,0,61.7921025,0.010293542,0.452915864,3.688519344,6.361409175,20.87873507,0,0.041174169,5.668310656,0.171559039,0.075485977,0,0.001699464,0,0,85.6
3745,0,0,60.67701365,0,4.187851218,0.29435376,5.552582285,20.81214878,0,2.006957453,2.525421461,0,0,2.619079476,0.862991705,0.461600214,0,80
3746,0,6.950007674,64.13451211,0,2.167272711,0,0.945495744,25.52531529,0,0.257862476,0.006139583,0,0.004770456,0,0.006139583,0.002484382,0,63.1
3747,0,0,60.44584277,0,0.782718797,0,0.283927407,21.79334689,0,1.304531328,0,0,0,0,0,0,15.38963281,55.3
3748,0,0,59.74642393,0,7.743823147,0.065019506,7.743823147,19.49284785,0,0,5.208062419,0,0,0,0,0,0,80.7
3749,0,0,59.77280104,0,7.737747485,1.041869523,7.802661474,19.51314508,0,0,4.131775398,0,0,0,0,0,0,81
3750,0,0,59.7725796,0,7.673814165,2.147498376,7.803768681,19.48018194,0,0,3.122157245,0,0,0,0,0,0,81.5
3751,0,0,59.79234263,0,7.728747567,2.56651525,7.793640493,19.55223881,0,0,2.56651525,0,0,0,0,0,0,80.8
3752,0,0,59.73447008,0,7.692558003,3.260551235,7.757638866,19.43639973,0,0,2.11838209,0,0,0,0,0,0,81.2
3753,0,0,59.79364719,0,7.728496804,4.091366276,7.793387625,19.55484897,0,0,1.038253139,0,0,0,0,0,0,80.8
3754,0,0,59.73447008,0,7.692558003,5.346392893,7.757638866,19.43639973,0,0,0.032540431,0,0,0,0,0,0,80.75
3755,0.983163328,0,59.01437876,0,9.739461718,0,9.800909426,18.48961534,0,0,1.972471427,0,0,0,0,0,0,78.5
3756,1.963362794,0,58.6806936,0,9.75565002,0,9.75565002,18.3430686,0,0,1.501574972,0,0,0,0,0,0,79
3757,2.921396184,0,58.42183744,0,9.689297343,0,9.689297343,18.30437296,0,0,0.973798728,0,0,0,0,0,0,80
3758,3.882025194,0,58.13650678,0,9.641472868,0,9.641472868,18.21402616,0,0,0.484496124,0,0,0,0,0,0,80.5
3759,4.833363467,0,57.84969565,0,9.600433918,0,9.600433918,18.11607304,0,0,0,0,0,0,0,0,0,80
3760,0,5.957730063,60.79064043,0.508889443,7.323043203,0,3.078160533,21.2337223,0,0,1.107765434,0,0.0000486,0,0,0,0,76
3761,0,11.41410499,61.89868495,0.388787511,3.696382753,0,2.321119468,19.52351613,0,0.74275823,0,0.0000461,0.0000928,0,0.014506997,0,0,56
3762,0,0,59.56162643,0,10.10165184,2.541296061,7.242693774,20.23506989,0,0,0,0,0,0,0.317662008,0,0,75
3763,0,0,60.12658228,0,8.860759494,2.53164557,7.594936709,20.25316456,0,0,0,0,0,0,0.632911392,0,0,75
3764,0,0,60.09463722,0,8.832807571,2.523659306,7.886435331,20.50473186,0,0,0,0,0,0,0.157728707,0,0,76
3765,0,0,61.21980372,0,0,9.014846502,14.65148465,15.11386512,0,0,0,0,0,0,0,0,0,104.9
3766,3.980582524,0,59.61488673,0,0,7.381877023,12.06472492,15.18770227,0,0,1.770226537,0,0,0,0,0,0,99.9
3767,0,0,61.65556613,0,0,9.498343121,11.06991699,17.77617376,0,0,0,0,0,0,0,0,0,98.3
3768,0,0,60.13022315,0,2.04184841,3.663316265,14.48258423,14.04007839,0,0,5.641949554,0,0,0,0,0,0,90.9
3769,0,0,61.64570982,0,0,3.654961235,11.55775621,17.51254153,0,0,5.629031207,0,0,0,0,0,0,91
3770,0,0,60.62086713,0,2.03915437,3.658099612,11.57040946,16.47610671,0,0,5.635362715,0,0,0,0,0,0,89.6
3771,0,0,59.55234004,0,3.507638642,0,12.79028455,14.46335713,0,0,9.686379639,0,0,0,0,0,0,87.1
3772,0,0,61.6743142,0,0,0,10.62951837,18.03386921,0,0,9.662298221,0,0,0,0,0,0,84.9
3773,0,0,61.177705,0,0,7.61502019,14.0536072,15.3286064,0,0,1.825061206,0,0,0,0,0,0,101.1
3774,6.390245459,0,59.09221488,0,6.390245459,0,5.190079479,21.08270293,0,0,0.95757924,0,0,0,0.896932555,0,0,84.51
3775,4.02833112,0,59.33725416,0,7.335736419,0.012647821,5.931828243,21.02384114,0,0.777841017,0.793650794,0.003161955,0.006323911,0,0.749383419,0,0,81.29
3776,3.294384429,0,59.3776574,0,8.383987906,0.551163743,6.393499417,21.16468773,0,0.170073384,0.343296274,0,0.006299014,0,0.31495071,0,0,78.57
3777,0,4.977973913,62.86844492,0.356947742,0.167218762,4.95867944,4.707851297,21.29466618,0,0.051451927,0.527382249,0.0353732,0.038588945,0.003215745,0.009647236,0,0,71.6
3778,0,3.029403029,60.43956044,0,8.137808138,0.683100683,8.553608554,19.15651916,0,0,0,0,0,0,0,0,0,68.5
3779,0,5.714285714,60,0,8.571428571,0,8.571428571,17.14285714,0,0,0,0,0,0,0,0,0,70
3780,0,2.976190476,60.71428571,0,8.333333333,0,7.738095238,19.94047619,0,0,0,0,0,0,0.297619048,0,0,67
3781,0,3.525807757,59.56303104,0,9.774001503,0,9.774001503,17.3631582,0,0,0,0,0,0,0,0,0,65.4
3782,0,3.515873475,59.5848031,0,9.743826982,0,9.743826982,17.41166946,0,0,0,0,0,0,0,0,0,65.4
3783,0,0,60.60506412,0,9.075961855,2.597829661,3.946070372,23.77507399,0,0,0,0,0,0,0,0,0,71.2
3784,0,0,60.59602649,0,7.947019868,1.324503311,3.311258278,24.17218543,0,1.324503311,0,0,0,0,0,1.324503311,0,69.8
3785,0,0,59.31546658,0,10.97836616,1.194704553,5.812076203,21.21407814,0,0,0,0,0,1.259283177,0,0.226025186,0,68.7
3786,0,0,59.14458985,0,10.85221832,1.500159591,5.745292052,21.48100862,0,1.276731567,0,0,0,0,0,0,0,69.8
3787,0,0,59.42450695,0,10.34594245,1.163918526,5.172971225,21.92046557,0,0.969932105,0,0,0,0,0,1.002263175,0,70.1
3788,0,0,60.06711409,0,10.06711409,2.013422819,1.342281879,25.16778523,0,1.342281879,0,0,0,0,0,0,0,67
3789,0,0,60.02583145,0,11.62415241,0.484339684,3.74556022,23.99095899,0,0,0,0,0,0,0,0.129157249,0,67.9
3790,0,0,59.96810207,0,11.16427432,0.159489633,4.465709729,23.60446571,0,0.637958533,0,0,0,0,0,0,0,68.3
3791,0,0,59.55798298,0,10.11050426,2.527626064,7.265337229,20.22100851,0,0,0,0,0,0,0.317540963,0,0,75.2
3792,0,1.25,60,0,8.75,2.5,7.5,20,0,0,0,0,0,0,0,0,0,71.5
3793,0,2.994011976,60.47904192,0,8.383233533,0.598802395,7.784431138,19.76047904,0,0,0,0,0,0,0,0,0,70
3794,0,3.423289781,59.26855708,0,9.573800422,0.416500257,11.41096594,15.36201289,0,0,0,0.165459006,0,0,0.379414617,0,0,72
3795,0,3.115151515,59.09090909,0,12.12121212,0,5.975757576,19.6969697,0,0,0,0,0,0,0,0,0,74
3796,0,1.178654566,58.97103456,0,10.63146418,0.718979285,11.19721838,16.6691222,0,0.117865457,0,0,0,0.055986092,0.459675281,0,0,74
3797,0,0,60.12262061,0,10.41954226,1.434853786,5.135941964,22.47616602,0,0,0,0,0,0,0.410875357,0,0,74
3798,0,0,62.07002772,0,6.003354212,3.94290995,1.369065955,26.38190095,0,0.034226649,0.037649314,0.092411952,0,0.020535989,0,0.047917308,0,69
3799,0,1.711568938,63.26465927,0,0,2.440570523,8.367670365,21.48969889,0,0,1.679873217,0,0,1.045958796,0,0,0,85.3
3800,0,1.587805653,63.16290886,0,0,1.937122896,8.574150524,21.24483963,0,0,2.064147348,0,0,1.429025087,0,0,0,84.4
3801,0,1.104972376,63.24341891,0,0,2.112447189,7.409814755,22.22944426,0,0,2.112447189,0,0,1.787455314,0,0,0,85
3802,0,1.660280971,62.99489144,0,0,2.234993614,8.492975734,20.91315453,0,0,2.426564496,0,0,1.277139208,0,0,0,87
3803,0,6.715337275,58.88138048,0,8.229757451,1.936768432,4.718233378,17.28007723,0,2.238445758,0,0,0,0,0,0,0,72.8
3804,0,6.838368535,58.64004991,0,8.204853994,1.844755369,5.887769955,16.20770579,0,2.37649645,0,0,0,0,0,0,0,72
3805,0,6.595475539,58.5120466,0,8.125202248,1.856264525,7.007325038,15.49142471,0,2.412261348,0,0,0,0,0,0,0,70.5
3806,0,6.460616986,58.32582211,0,8.08885529,1.834675661,8.147006658,14.64251447,0,2.500508824,0,0,0,0,0,0,0,69.8
3807,0,6.434208638,58.37566365,0,7.582149519,1.782178218,9.252403501,13.99052949,0,2.582866982,0,0,0,0,0,0,0,68.2
3808,0,6.582565556,58.06094968,0,8,1.73210489,10.10347271,13.02622254,0,2.494684621,0,0,0,0,0,0,0,68.2
3809,0,6.466279363,58.01408886,0,7.875164885,1.74286436,11.08023912,12.40212175,0,2.419241672,0,0,0,0,0,0,0,67.5
3810,0,2.519675614,58.70963881,0,7.918125505,1.828410689,9.534069486,16.73100518,0,2.759074722,0,0,0,0,0,0,0,72
3811,0,3.614636022,58.62395362,0,7.826781436,1.777738338,9.42408377,16.00556098,0,2.727245837,0,0,0,0,0,0,0,70.3
3812,0,4.679730915,58.46738813,0,7.780052647,1.784147412,9.359461831,15.17987716,0,2.749341913,0,0,0,0,0,0,0,68.8
3813,0,5.740906855,58.39289331,0,7.714343586,1.767990972,9.219016754,14.49694725,0,2.66790127,0,0,0,0,0,0,0,67.6
3814,0,6.565366972,58.37729358,0,7.540137615,1.783256881,9.208715596,13.93348624,0,2.591743119,0,0,0,0,0,0,0,66.5
3815,0,7.556475157,58.27782659,0,7.556475157,1.731810323,9.143731754,13.23375188,0,2.49992914,0,0,0,0,0,0,0,65.2
3816,0,8.448411362,58.27719771,0,7.37622095,1.717750084,9.065903222,12.69507129,0,2.41944538,0,0,0,0,0,0,0,64.1
3817,0,6.491605682,59.55230306,0,5.228870713,1.782178218,9.195006457,15.16716889,0,2.582866982,0,0,0,0,0,0,0,66.8
3818,0,6.434208638,59.03572966,0,6.262017506,1.782178218,9.252403501,14.65059549,0,2.582866982,0,0,0,0,0,0,0,66.5
3819,0,6.596933658,58.32067631,0,7.628600086,1.750967187,9.181831208,13.88451067,0,2.636480871,0,0,0,0,0,0,0,67.3
3820,0,6.705798139,57.60916249,0,8.887616321,1.892627058,9.288475304,12.98210451,0,2.634216178,0,0,0,0,0,0,0,69.1
3821,0,6.763063708,57.29420186,0,9.861130995,1.77809592,9.116678597,12.78167502,0,2.405153901,0,0,0,0,0,0,0,69.2
3822,0,6.386641418,56.83422276,0,10.87966948,1.784587135,9.324611235,12.43185861,0,2.358409365,0,0,0,0,0,0,0,69.3
3823,0,5.888962517,56.40900055,0,12.0084128,1.846783255,9.524907085,12.18415973,0,2.137774064,0,0,0,0,0,0,0,69.7
3824,0,6.239557527,59.49184767,0,7.570432678,1.734170652,9.074148758,15.37131993,0,0.518522786,0,0,0,0,0,0,0,66.7
3825,0,6.444757173,58.9907809,0,7.426979523,1.754789052,9.150176628,14.67589534,0,1.556621385,0,0,0,0,0,0,0,66.3
3826,0,6.536697248,58.37155963,0,7.568807339,1.777522936,9.231651376,13.93348624,0,2.580275229,0,0,0,0,0,0,0,66.8
3827,0,6.989354152,57.17530163,0,8.295244855,2.046841732,9.890702626,11.90631654,0,3.696238467,0,0,0,0,0,0,0,67
3828,0,6.756409157,57.35802681,0,7.619537569,1.832004344,9.334362228,12.68684444,0,4.412815456,0,0,0,0,0,0,0,66.7
3829,0,6.649689548,56.88002518,0,7.628258319,1.834101119,9.345045638,12.27216802,0,5.390712181,0,0,0,0,0,0,0,66.4
3830,0,6.364026923,56.48002291,0,7.624230274,1.807246169,9.520263497,11.95474724,0,6.249462982,0,0,0,0,0,0,0,65.9
3831,0,6.469920545,58.79682179,0,7.434733258,0.737797957,9.137343927,14.81271283,0,2.610669694,0,0,0,0,0,0,0,65.4
3832,0,6.687779965,58.34688579,0,7.720619704,1.315301435,9.033067991,14.09455334,0,2.801791777,0,0,0,0,0,0,0,66.6
3833,0,6.376811594,58.40436218,0,7.524752475,1.782178218,9.309800545,14.01922801,0,2.582866982,0,0,0,0,0,0,0,67.9
3834,0,6.406227476,58.2701456,0,7.501801932,2.251693816,9.352746144,13.68026524,0,2.537119792,0,0,0,0,0,0,0,68.8
3835,0,6.329224075,58.01595359,0,7.663524293,2.81653372,9.467730239,13.21247281,0,2.494561276,0,0,0,0,0,0,0,70.1
3836,0,6.316772725,57.85218051,0,7.606982311,3.421098721,9.533539611,12.81160605,0,2.457820071,0,0,0,0,0,0,0,71.1
3837,0,6.247061589,57.6780677,0,7.663375646,4.007992478,9.608603667,12.43829337,0,2.356605548,0,0,0,0,0,0,0,72
3838,0,34.14634146,58.53658537,0,0,0,0,0,0,0,0,0,0,4.87804878,0,0,2.43902439,69
3839,0,32.91139241,58.2278481,0,0,0,0,0,0,0,0,0,0,6.329113924,0,0,2.53164557,77
3840,0,31.57894737,57.89473684,0,0,0,0,0,0,0,0,0,0,7.894736842,0,0,2.631578947,81
3841,0,30.1369863,57.53424658,0,0,0,0,0,0,0,0,0,0,9.589041096,0,0,2.739726027,80
3842,0,28.57142857,57.14285714,0,0,0,0,0,0,0,0,0,0,11.42857143,0,0,2.857142857,79
3843,0,26.86567164,56.71641791,0,0,0,0,0,0,0,0,0,0,13.43283582,0,0,2.985074627,77
3844,0,0,62.96296296,0,0,0,0,24.07407407,0,0,0,1.851851852,0,0,0,11.11111111,0,67.2
3845,0,0,62.96296296,0,0,0,0,22.22222222,0,0,0,3.703703704,0,0,0,11.11111111,0,74.9
3846,0,0,62.96296296,0,0,0,0,20.37037037,0,0,0,5.555555556,0,0,0,11.11111111,0,78.59
3847,0,0,62.96296296,0,0,0,0,18.51851852,0,0,0,7.407407407,0,0,0,11.11111111,0,81.39
3848,0,0,62.96296296,0,0,0,0,16.66666667,0,0,0,9.259259259,0,0,0,11.11111111,0,88.31
3849,0,0,62.96296296,0,0,0,0,14.81481481,0,0,0,11.11111111,0,0,0,11.11111111,0,91.3
3850,0,0,66.66666667,0,0,0,0,32.8,0,0,0,0.533333333,0,0,0,0,0,64.5
3851,0,0,66.66666667,0,0,0,0,30.07666667,0,0,0,3.256666667,0,0,0,0,0,64.5
3852,0,0,57.14285714,0,0,0,14.28571429,14.28571429,0,14.28571429,0,0,0,0,0,0,0,71.2
3853,0,0,61.53846154,0,0,7.692307692,15.38461538,15.38461538,0,0,0,0,0,0,0,0,0,105.2
3854,0,0,61.53846154,0,0,0,15.38461538,15.38461538,0,0,0,0,0,0,0,7.692307692,0,77.2
3855,0,0,63.24666667,0,6.84,0,0,28.61333333,0,0,0,1.3,0,0,0,0,0,69
3856,0,11.81657848,56.20223398,0,16.99000588,0,0,14.99118166,0,0,0,0,0,0,0,0,0,74.7
3857,0,7.913315735,56.42458101,0,17.84639941,0,0,17.81570385,0,0,0,0,0,0,0,0,0,72.78
3858,0,0,58.16993464,0,16.33986928,0,1.960784314,23.52941176,0,0,0,0,0,0,0,0,0,62.5
3859,0,0,57.96178344,0,15.92356688,0,4.458598726,21.65605096,0,0,0,0,0,0,0,0,0,66
3860,0,0,62.53577205,0,0,6.034590021,12.71618763,16.23118079,0,0,0,1.732611671,0,0,0.749657833,0,0,137
3861,0,0,62.15493658,0,0,6.776921164,13.51653817,16.01280776,0,0,0,1.035190251,0,0,0.503606068,0,0,137
3862,0,0,62.39719438,0,0,6.241271221,13.1342913,16.67856367,0,0,0,0.806927159,0,0,0.741752273,0,0,92
3863,0,0,55.69453588,0,0,1.25082291,22.77814352,0,0,0,20.2764977,0,0,0,0,0,0,109.7
3864,0,0,56.71981777,0,0,0,21.47738366,2.700943703,0,0,19.10185486,0,0,0,0,0,0,105.68
3865,0,0,56.55799848,0,0,1.206447572,20.95790619,2.637043874,0,0,18.64060388,0,0,0,0,0,0,107.39
3866,0,0,56.40409702,0,0,1.177726621,20.46508524,2.57565142,0,0,18.19971308,0,0,1.177726621,0,0,0,107.06
3867,0,0,57.29884868,0,0,1.118332069,19.4240095,4.885692607,0,0,17.27311714,0,0,0,0,0,0,105.61
3868,0,0,56.99208443,0,0,1.154353562,20.05277045,2.638522427,0,0,17.84300792,1.319261214,0,0,0,0,0,108.33
3869,2.638522427,0,55.67282322,0,0,1.154353562,20.05277045,2.638522427,0,0,17.84300792,0,0,0,0,0,0,111.52
3870,0,0,58.97184021,0,9.430255403,1.833660773,5.893909627,20.33398821,0,1.24426981,2.292075966,0,0,0,0,0,0,75.1
3871,0,0,58.78846777,0,9.335924846,1.946873988,7.13313897,19.26141885,0,1.166180758,2.367994817,0,0,0,0,0,0,77
3872,0,0,59.64450296,0,8.953258723,2.106649111,4.674127716,22.05398288,0,1.25082291,1.316655695,0,0,0,0,0,0,73.6
3873,0,0,59.34869512,0,9.158568689,2.109265819,5.908544314,20.93990705,0,1.235009263,1.30000975,0,0,0,0,0,0,74.4
3874,0,0.72892154,61.05435344,0,8.49451874,0.769098318,8.597830454,17.68065201,2.674625495,0,0,0,0,0,0,0,0,66.7437
3875,0,0.045302679,61.20958152,0,8.635823093,0.798459709,8.732091285,17.03946996,3.539271759,0,0,0,0,0,0,0,0,66.1986
3876,0,2.940111084,59.89193432,0,9.744023183,0.054334702,6.562424535,20.20345327,0,0.597681719,0.006037189,0,0,0,0,0,0,67.6683
3877,0.698845535,0,61.94032407,0,0.143879963,4.734335925,6.37867836,21.10239457,0,0.274057072,4.261587476,0.092494262,0.109622829,0.263779932,0,0,0,89.3
3878,0.763931519,0,61.98758611,0,0.163699611,4.627924425,6.541163631,21.15476434,0,0.2387286,4.23572744,0.078439397,0.109133074,0.098901848,0,0,0,90
3879,0.773628179,0,61.91763941,0,0.16431041,4.693116078,6.414952247,21.05569438,0,0.239619348,4.121452778,0.10611714,0.109540273,0.403929757,0,0,0,89.5
3880,0.704755388,0,61.90215532,0,0.150530277,4.409852891,6.55490934,20.94765652,0,0.253164557,4.338008895,0.078686281,0.109476565,0.550803969,0,0,0,88.7
3881,0.698845535,0,62.01226405,0,0.157582817,4.751464492,6.255352677,21.31136309,0,0.239799938,4.343804597,0.078791408,0.109622829,0.041108561,0,0,0,88.9
3882,0.678175092,0,61.92286615,0,0.274010138,4.760926154,6.411837238,20.99260173,0,0.17810659,3.986847513,0.15755583,0.109604055,0.527469516,0,0,0,89
3883,0.644652471,0,61.97922024,0,0.171450125,4.937763605,6.329938621,21.11922642,0,0.20574015,4.107944999,0.130302095,0.10972808,0.264033193,0,0,0,88.7
3884,0.768393853,0,61.84550524,0,0.271997824,4.691962464,6.96994424,20.66163471,0,0.190398477,4.175166599,0.105399157,0.10879913,0.210798314,0,0,0,89.3
3885,0,29.86425339,54.75113122,0,13.12217195,0,2.262443439,0,0,0,0,0,0,0,0,0,0,63.6
3886,0,17.24137931,60.34482759,0,0,0,2.298850575,12.06896552,0,2.298850575,0,0,0,0,0,5.747126437,0,76
3887,0,0,62.5,0,0,3.125,12.5,18.75,0,0,3.125,0,0,0,0,0,0,95
3888,0,0,62.5,0,0,3.125,12.5,18.75,0,0,0,0,0,3.125,0,0,0,93
3889,0,0,62.5,0,0,3.125,12.5,18.75,0,0,0,0,0,0,0,3.125,0,88
3890,0,0,62.5,0,0,0,12.5,18.75,0,0,0,0,0,0,0,0,6.25,77
3891,0,0,58.88998606,0,8.474674721,0,12.87174721,14.7508132,0,2.788104089,0,1.957481413,0,0,0.267193309,0,0,88
3892,0,0,58.88708178,0,5.63429368,0,12.87174721,14.74790892,0,5.63429368,0,1.957481413,0,0,0.267193309,0,0,89
3893,0,0,58.88998606,0,2.788104089,0,12.87174721,14.7508132,0,8.474674721,0,1.957481413,0,0,0.267193309,0,0,88
3894,0,0,58.66943138,0,3.691480973,0.791448848,13.17718525,14.23147688,0,7.382961946,0,1.793171928,0,0,0.262842791,0,0,92
3895,0,0,58.74663703,0,3.655398292,0.783717394,13.05415838,14.10106445,0,7.310796584,0,2.087963505,0,0,0.260264358,0,0,93
3896,0,0,58.80975381,0,3.62401569,0.775738415,12.95629519,13.99256462,0,7.25388601,0,2.33014256,0,0,0.2576037,0,0,93
3897,0,0,58.86938429,0,3.598745714,0.770741142,12.85350057,13.88213229,0,7.197491428,0,2.570113999,0,0,0.257890572,0,0,93
3898,0,0,58.68434889,0,3.686393644,0.788689607,13.15651107,14.21101829,0,7.366945142,0,2.106093357,0,0,0,0,0,92
3899,0,0,58.76949182,0,3.64530002,0.781135719,13.01307744,14.05166613,0,7.290600041,0,2.083028583,0,0,0.365700243,0,0,93
3900,0,0,58.73582037,0,3.660390598,0.78353409,13.07449421,14.12115542,0,7.320781195,0,2.093322418,0,0,0.210501696,0,0,93
3901,0,0,60.18489664,0,10.38052699,0,0,25.56005678,0,0,3.87451958,0,0,0,0,0,0,73.8
3902,0,0,60.43626589,0,10.20710569,0,0,25.4936421,0,0,3.380543782,0.482442538,0,0,0,0,0,72.6
3903,0,0,60.75515263,0,10.5802859,0,0,25.64598825,0,0,1.864113273,1.15445995,0,0,0,0,0,71.9
3904,0,0,61.38944556,0,10.42084168,0,0,26.15230461,0,0,0.200400802,1.837007348,0,0,0,0,0,68.8
3905,0,0,59.93496731,0,10.20244047,0,0,24.37677004,0,0,4.891437362,0.594384812,0,0,0,0,0,74.6
3906,0,0,59.92517221,0,10.21714046,0,0,23.90992692,0,0,4.898772684,1.048987727,0,0,0,0,0,75.7
3907,0,0,59.88838507,0,10.46389955,0,0,23.36937565,0,0,4.638995466,1.639344262,0,0,0,0,0,76.8
3908,0,0,59.90237099,0,10.46025105,0,0,22.94281729,0,0,4.60251046,2.092050209,0,0,0,0,0,78
3909,0,0,59.76931143,0,10.55574974,0,0,21.950367,0,0,4.858441105,2.866130724,0,0,0,0,0,80.1
3910,0,0,59.81830887,0,10.48218029,0,0,21.4185884,0,0,4.821802935,3.459119497,0,0,0,0,0,81.3
3911,0,0,60.22924627,0,10.07294199,0,0,24.86974644,0,0,4.202848211,0.625217089,0,0,0,0,0,73.8
3912,0,0,60.33114867,0,10.348396,0,0,24.66367713,0,0,3.483959986,1.172818213,0,0,0,0,0,73.4
3913,0,0,60.58214615,0,10.50869461,0,0,24.67971713,0,0,2.490519627,1.738922483,0,0,0,0,0,73.6
3914,0,0,60.76636148,0,10.64767718,0,0,24.38114615,0,0,1.729399797,2.475415395,0,0,0,0,0,73.5
3915,0,0,60.91428571,0,10.94453782,0,0,24.04369748,0,0,0.840336134,3.257142857,0,0,0,0,0,73.6
3916,0,0,61.18157543,0,10.8811749,0,0,23.79839786,0,0,0.133511348,4.005340454,0,0,0,0,0,73.5
3917,0,0,58.62143877,0,13.79181925,0,6.895909627,20.69083235,0,0,0,0,0,0,0,0,0,65
3918,0,0,64.12973667,0,0,0,7.514450867,24.50224791,0,0,3.853564547,0,0,0,0,0,0,83.1
3919,0,0,63.79916853,0,0,0,8.442596738,23.3770387,0,0,4.381196035,0,0,0,0,0,0,85
3920,0,0,63.43402226,0,0,0,9.538950715,22.09856916,0,0,4.92845787,0,0,0,0,0,0,86.8
3921,0,0,62.4452783,0,0,0,12.57035647,18.60537836,0,0,6.378986867,0,0,0,0,0,0,91.9
3922,0,0,62.14618974,0,0,0,13.4992224,17.54276827,0,0,6.811819596,0,0,0,0,0,0,93.2
3923,0,0,61.32307692,0,0,0,15.81538462,14.73846154,0,0,8.123076923,0,0,0,0,0,0,97.5
3924,0,0,61.08389467,0,0,0,16.59522352,13.87017759,0,0,8.450704225,0,0,0,0,0,0,98.9
3925,0,0,60.84172004,0,0,0,17.32235438,13.02226289,0,0,8.813662702,0,0,0,0,0,0,100.1
3926,0,0,60.64378986,0,0,0,17.97752809,12.29881567,0,0,9.079866383,0,0,0,0,0,0,101.3
3927,0,0,60.39274924,0,0,0,18.79154079,11.3897281,0,0,9.425981873,0,0,0,0,0,0,102.4
3928,0,0,60.16260163,0,0,0,19.4519723,10.5992171,0,0,9.786208973,0,0,0,0,0,0,103.4
3929,0,0,63.16173913,0,0,0,4.111304348,24.26782609,0,0,8.459130435,0,0,0,0,0,0,83.4
3930,0,0,63.23092505,0,0,0,6.016205267,23.45374747,0,0,7.299122215,0,0,0,0,0,0,83.6
3931,0,0,63.27345309,0,0,0,6.919494345,23.08715902,0,0,6.719893546,0,0,0,0,0,0,84.3
3932,0,0,63.35299902,0,0,0,7.741724025,22.83513602,0,0,6.070140937,0,0,0,0,0,0,84.8
3933,0,0,63.37209302,0,0,0,8.656330749,22.41602067,0,0,5.555555556,0,0,0,0,0,0,85.6
3934,0,0,63.43949045,0,0,0,9.426751592,22.1656051,0,0,4.968152866,0,0,0,0,0,0,87.2
3935,0,0,63.5490864,0,0,0,10.96314648,21.61659957,0,0,3.871167544,0,0,0,0,0,0,90.9
3936,0,0,59.31972789,0,0,0,13.33333333,11.97278912,0,0,15.37414966,0,0,0,0,0,0,98.9
3937,0,0,59.65665236,0,0,0,14.65830307,11.98415319,0,0,13.70089138,0,0,0,0,0,0,99.6
3938,0,0,59.97506234,0,0,0,17.70573566,11.09725686,0,0,11.22194514,0,0,0,0,0,0,101.9
3939,0,0,59.96992481,0,0,0,19.90977444,9.984962406,0,0,10.13533835,0,0,0,0,0,0,102.7
3940,0,0,61.57053509,0,0,11.60528145,7.366226546,17.12995136,0,0,0,2.328005559,0,0,0,0,0,149
3941,0,0,59.99880002,0,10.00179996,0,10.00179996,19.99760005,0,0,0,0,0,0,0,0,0,76
3942,0,0,61.53846154,0,7.692307692,0,7.692307692,23.07692308,0,0,0,0,0,0,0,0,0,73
3943,0,0,62.5,0,6.25,0,6.25,25,0,0,0,0,0,0,0,0,0,58
3944,0,0,59.96797438,0,0,3.410728583,0,19.93594876,0,0,16.68534828,0,0,0,0,0,0,96.7
3945,0,0,60.15142459,0,0,6.543136083,0,20.30284917,0,0,13.00259016,0,0,0,0,0,0,101.3
3946,0,0,60.08780682,0,0,9.726601477,0,20.17561365,0,0,10.00997805,0,0,0,0,0,0,101
3947,0,0,60.03197442,0,0,13.22941647,0,20.06394884,0,0,6.674660272,0,0,0,0,0,0,99.9
3948,0,0,60.0159936,0,0,14.27429028,0,20.03198721,0,0,5.677728908,0,0,0,0,0,0,98.5
3949,0,0,59.82967783,0,0,14.97951314,0,19.65935567,0,0,5.531453362,0,0,0,0,0,0,98.5
3950,0,0,60.48992493,0,0,15.49585144,0,20.97984986,0,0,3.034373765,0,0,0,0,0,0,96.5
3951,0,0,66.82766191,0,0,0,0,0,22.43688255,0,10.73545554,0,0,0,0,0,0,55.5
3952,0,0,67.00628658,0,0,2.341209625,0,0.065033601,22.63169304,0,7.955777152,0,0,0,0,0,0,58.6
3953,0,0,67.44186047,0,0,4.274041483,0,0.062853551,23.21391159,0,5.007332914,0,0,0,0,0,0,61.4
3954,0,0,67.48904195,0,0,6.685451889,0,0.062617408,23.27697767,0,2.485911083,0,0,0,0,0,0,59.5
3955,0,0,67.80487805,0,0,8.455284553,0,0,23.7398374,0,0,0,0,0,0,0,0,53.9
3956,0,1.097836616,63.22247336,0,0,3.551824346,7.878592186,21.95673232,0,0,0,0,0,0,0,2.292541169,0,83
3957,0,1.459390863,63.26142132,0,0,2.538071066,8.565989848,21.51015228,0,0,0,0,0,0,0,2.664974619,0,78.9
3958,0,1.853035144,63.13099042,0,0,3.194888179,7.987220447,21.34185304,0,0,0.415335463,0,0,0,0,2.076677316,0,79.2
3959,0,1.852443309,63.14276589,0,0,3.193867774,7.984669435,21.36697541,0,0,0.415202811,0,0,1.022037688,0,1.022037688,0,80.1
3960,0,0.519311912,63.06394028,0,0,3.894839338,8.438818565,21.64881532,0,0,0.811424862,0,0,0,0,1.622849724,0,87
3961,0,1.921844971,63.0044843,0,0,3.843689942,8.00768738,21.04420243,0,0,1.217168482,0,0,0,0,0.960922486,0,83
3962,0,2.09258085,63.12618897,0,0,2.853519341,8.243500317,21.08433735,0,0,0.570703868,0,0,0,0,2.029169309,0,78.6
3963,0,1.982731052,62.87176207,0,0,3.677646306,8.314678606,20.59481932,0,0,0.319795331,0,0,0.639590662,0,1.598976655,0,84
3964,0,2.225755167,62.95707472,0,0,2.543720191,8.26709062,20.66772655,0,0,1.907790143,0,0,0.476947536,0,0.953895072,0,84
3965,0,2.512562814,63.19095477,0,0,2.261306533,8.291457286,20.9798995,0,0,1.570351759,0,0,0,0,1.193467337,0,83
3966,0,2.275600506,63.08470291,0,0,3.160556258,8.343868521,20.8596713,0,0,1.580278129,0,0,0.695322377,0,0,0,86
3967,0,1.488191524,58.81591718,0,11.77612423,2.944031058,4.399870592,20.57586542,0,0,0,0,0,0,0,0,0,72.2
3968,0,6.21820918,63.51241535,0,0,0.48758465,6.561324304,20.63506396,0,0,2.455981941,0,0,0,0,0.129420617,0,82
3969,0,0,57.57870821,0,13.30736774,3.375527426,6.29665693,18.8250568,0,0.324569945,0.129827978,0,0,0.162284972,0,0,0,73.8
3970,0,0,58.18759936,0,11.76470588,2.607313196,7.313195548,19.07790143,0,0.953895072,0.095389507,0,0,0,0,0,0,74.2
3971,0,0,57.77562237,0,13.70837375,2.748140963,5.884254769,19.56029745,0,0.193986421,0.129324281,0,0,0,0,0,0,72.1
3972,0,0,57.84855379,0,13.64965876,2.892427689,5.524861878,19.82450439,0,0.12999675,0.12999675,0,0,0,0,0,0,71.9
3973,0,0,58.37320574,0,12.75917065,2.392344498,6.698564593,19.77671451,0,0,0,0,0,0,0,0,0,72.5
3974,0,0,57.37179487,0,14.1025641,3.076923077,7.051282051,18.26923077,0,0,0.128205128,0,0,0,0,0,0,73.3
3975,0,0,57.64744005,0,13.28580687,3.370058328,6.286454958,18.79455606,0,0.32404407,0.129617628,0.162022035,0,0,0,0,0,73.6
3976,0,0,57.74193548,0,13.22580645,3.096774194,6.451612903,19.03225806,0,0.322580645,0.129032258,0,0,0,0,0,0,73.2
3977,0,0,58.04878049,0,12.22764228,3.154471545,5.853658537,19.67479675,0,0.780487805,0.260162602,0,0,0,0,0,0,73.3
3978,0,0,57.68725361,0,13.14060447,3.547963206,5.124835742,19.7109067,0,0.657030223,0.131406045,0,0,0,0,0,0,72.3
3979,0,0,62.37077186,0,0.066914249,5.985479608,8.25052695,20.63635451,0,0,2.663187126,0,0.0267657,0,0,0,0,96
3980,0,2.311105633,62.11019352,0,2.600764206,3.993590534,8.880808579,18.00197214,0.357451005,0,0.357451005,1.38666338,0,0,0,0,0,89
3982,0,2.863401162,61.78851465,0,3.21894543,4.949049237,6.850576172,19.03114187,0,0,0,1.29837148,0,0,0,0,0,89
3983,0,3.169901689,61.5452483,0,2.590118477,4.978573229,7.278800101,18.29783211,0,0.850768843,0,1.25724729,0,0,0.031509957,0,0,88
3984,0,3.160611975,61.21324687,0,3.550966442,4.618145187,7.265629919,18.25536737,0,0.635900019,0.248693572,1.051438645,0,0,0,0,0,85
3985,0,1.746668807,61.46090865,0,3.525445497,5.018462032,6.94814577,19.39316102,0,0.64215765,0,1.26505057,0,0,0,0,0,88
3986,0,2.206791591,61.38431783,0,4.039443229,4.258219982,6.931101176,19.15089255,0,0.64047687,0,1.388756777,0,0,0,0,0,89
3987,0,2.335073564,62.06612878,0,3.277962348,2.420503085,6.97358013,19.84496124,0,0,1.809840215,1.271950641,0,0,0,0,0,85
3988,0,0,62.20519654,0,0.066622252,5.139906729,8.900732845,19.99333777,0,0,3.694203864,0,0,0,0,0,0,86
3989,0,0,61.86927971,0,0.068048042,6.182164608,8.145350618,19.69990814,0,0,4.035248886,0,0,0,0,0,0,87
3990,4.437219088,0,61.5919161,0,0.15938287,4.096139747,8.466418029,21.24892417,0,0,0,0,0,0,0,0,0,86.6
3991,4.247561171,0,61.61202623,0,0.140732448,3.994882456,8.418359188,21.20901967,0,0,0.377418839,0,0,0,0,0,0,87.3
3992,4.414587332,0,61.59628919,0,0,3.998720409,8.413307742,21.19321817,0,0,0.383877159,0,0,0,0,0,0,87.1
3993,0,6.572307692,63.84615385,0,3.076923077,0,1.12,25.38461538,0,0,0,0,0,0,0,0,0,64
3994,6.527932615,0.557413601,58.69255543,0,6.292580206,0,6.887154713,19.80676329,0,0.414963458,0.346835129,0,0,0,0.473801561,0,0,83
3995,0,4.701884461,62.86376274,0,3.299351251,0,3.614457831,23.15724436,0,0.871177016,0.729070127,0,0,0,0.497374112,0.265678097,0,70
3996,0,10.79863718,61.01518739,0,4.850724721,0,2.581278512,18.76191026,0,1.992261939,0,0,0,0,0,0,0,65
3997,0,0.238858937,63.06899611,0,0,5.13887941,5.377738347,23.32969358,0,0,1.979116904,0,0,0.866716713,0,0,0,89
3998,0,0.41645332,63.01075269,0,0,4.990612733,5.291005291,23.16777607,0,0,2.662570405,0,0,0.460829493,0,0,0,88
3999,0,0.542575198,63.11505985,0,0,4.818745973,5.405405405,23.2561294,0,0,1.973617281,0,0,0.888466886,0,0,0,88
4000,0,0.657003522,63.12313736,0,0,4.761582227,5.364399892,23.23557302,0,0,1.971010566,0,0,0.887293416,0,0,0,88
4001,0,0.777683855,63.13778529,0,0,4.659340659,5.322062553,23.22569738,0,0,1.97125951,0,0,0.906170752,0,0,0,88
4002,3.058103976,4.281345566,62.0795107,0,0,1.529051988,7.339449541,19.87767584,0,0,1.834862385,0,0,0,0,0,0,81.05
4003,0,0,59.22349167,0,8.256129898,3.352211346,5.218188365,21.10190853,0,2.605820539,0.07529381,0,0,0,0.166955839,0,0,73
4004,0,0.451176281,63.71253626,0,0,0.999033194,7.669996777,23.36448598,0,0,2.449242668,0,0,0.354495649,0,0.999033194,0,82.4
4005,0,0.388223876,63.40989971,0,0,1.617599482,8.087997412,22.58168877,0,0,2.78227111,0,0,0.161759948,0,0.970559689,0,84.6
4006,0,0.259824618,63.91685612,0,0,1.461513478,6.950308542,24.22864566,0,0,2.370899643,0,0,0.162390386,0,0.649561546,0,83.1
4007,0,0.646412411,63.63930187,0,0,1.034259858,7.433742728,23.23852618,0,0,2.456367162,0,0,0.258564964,0,1.292824822,0,82.1
4008,0,1.027947318,63.44362351,0,0,1.413427562,7.838098297,22.45422422,0,0,2.537744941,0,0,0.321233537,0,0.96370061,0,83.1
4009,0,0.194995125,63.76340591,0,0,1.072473188,7.279818005,23.78940526,0,0,2.047448814,0,0,0.682482938,0,1.169970751,0,82.2
4010,0,0.836012862,63.66559486,0,0,0.996784566,7.524115756,23.1511254,0,0,2.218649518,0,0,0.353697749,0,1.254019293,0,81.7
4011,0,5.938795896,63.38347913,0,0,0.684081484,6.756061386,20.41952962,0,0,2.666707025,0,0,0.151345461,0,0,0,73
4012,0,4.718614719,63.19418677,0,0,1.48113791,7.050092764,20.50401979,0,0,1.46567718,0,0,1.546072975,0,0.040197897,0,76
4013,0,1.456154981,63.14388351,0,0,2.681377895,8.108281481,21.50554878,0,0,1.66142793,0,0,1.430495862,0,0.012829559,0,85
4014,5.610561056,0,59.5709571,0,0,2.640264026,3.630363036,21.78217822,0,5.610561056,0,0.330033003,0,0,0.825082508,0,0,78.9
4015,2.244224422,0,59.5709571,0,6.732673267,2.640264026,3.630363036,21.78217822,0,2.244224422,0,0.330033003,0,0,0.825082508,0,0,80.4
4016,4.251144539,0,59.02550687,0,7.390451275,3.008502289,4.905166776,20.60170046,0,0,0,0,0,0,0.817527796,0,0,85.8
4017,3.877825531,0,59.07942653,0,7.421016371,3.349627637,4.927659854,20.68829763,0,0,0,0.164036613,0,0,0.492109839,0,0,84.5
4018,3.877825531,0,59.07942653,0,7.421016371,3.349627637,4.927659854,20.68829763,0,0,0,0.492109839,0,0,0.164036613,0,0,84.3
4019,3.846279002,0,59.41231981,0,7.360645602,2.508867268,4.887572809,20.5199961,0,0,0,0.976212945,0,0,0.488106472,0,0,85.2
4020,1.633986928,0,60.45751634,0,2.941176471,2.124183007,5.882352941,20.91503268,0,3.267973856,1.797385621,0.490196078,0,0,0.490196078,0,0,81.8
4021,1.961425302,0,60.61457993,0,1.634521085,2.219679634,5.877737823,20.90225564,0,3.91631252,1.729323308,0.653808434,0,0,0.490356326,0,0,82
4022,2.272727273,0,60.71428571,0,1.623376623,2.272727273,5.844155844,20.12987013,0,3.896103896,0.974025974,1.623376623,0,0,0.649350649,0,0,83.3
4023,0,0,61.17674158,0,6.114054428,2.464707624,5.061041824,21.36628385,0,0.658132877,1.316265754,1.28335911,0,0,0.559412945,0,0,81.3
4024,1.81512605,0,60.20168067,0,6.722689076,2.521008403,3.697478992,21.74789916,0,0.134453782,2.016806723,0.470588235,0,0,0.672268908,0,0,85.4
4025,0,0.774718358,63.08789825,0,0.038735918,2.934245779,8.450886084,21.55008231,0,0,1.710836373,0,0,1.420316989,0.032279932,0,0,87
4026,0,0,63.08927759,0,0.026009493,3.186162949,8.771701671,21.80570908,0,0,1.723128942,0,0,1.398010274,0,0,0,88
4027,0,0.710135571,63.10845707,0,0,2.966429955,8.515171078,21.60426081,0,0,1.675274371,0,0,1.420271143,0,0,0,87
4028,0,0,63.1046814,0,0,3.182704811,8.771131339,21.82379714,0,0,1.71976593,0,0,1.397919376,0,0,0,88
4029,0,0,63.33878887,0,0,2.291325696,7.855973813,22.74959083,0,0,1.963993453,0,0,0.818330606,0,0.981996727,0,84
4030,0,0,63.08943089,0,0,3.25203252,8.780487805,21.78861789,0,0,1.62601626,0,0,1.463414634,0,0,0,88
4031,0,0.647249191,63.10679612,0,0,2.912621359,8.414239482,21.6828479,0,0,1.779935275,0,0,1.45631068,0,0,0,87
4032,0,2.225118408,63.12978798,0,0,2.444451508,7.940493976,21.17676976,0,0,1.589370291,0,0,1.494008074,0,0,0,82
4033,0,3.026481715,63.14627995,0,0,2.175283733,7.62925599,20.96469105,0,0,1.544766709,0,0,1.513240858,0,0,0,81
4034,0,2.214489086,63.23948118,0,0,1.961404619,8.035431825,21.3540019,0,0,2.056311294,0,0,1.138880101,0,0,0,82
4035,0,1.972010178,63.07569975,0,0,2.859414758,8.263358779,21.03371501,0,0,1.682569975,0,0,1.113231552,0,0,0,81
4036,0,1.897533207,63.15623023,0,0,2.277039848,8.538899431,21.09424415,0,0,2.403542062,0,0,0.632511069,0,0,0,86
4037,0,1.830230357,62.95361313,0,0,2.114231619,9.151151783,20.41653518,0,0,2.429788577,0,0,1.104449353,0,0,0,86
4038,0,1.210191083,63.12101911,0,0,2.420382166,8.853503185,21.21019108,0,0,2.611464968,0,0,0.573248408,0,0,0,88
4039,0,1.209420751,63.14449395,0,0,2.89624443,8.8478676,21.26034373,0,0,2.132399745,0,0,0.50922979,0,0,0,86
4040,0,3.953057443,63.21803582,0,0,0.679431748,7.844348363,20.53736875,0,0,2.347127857,0,0,0.061766523,0,1.358863496,0,78.1
4041,0,3.64986081,63.13021961,0,0,0.371172286,8.227652335,20.32168265,0,0,3.433343644,0,0,0.061862048,0,0.804206619,0,80.4
4042,0,2.69170579,63.25508607,0,0,1.345852895,8.200312989,21.06416275,0,0,2.597809077,0,0,0.093896714,0,0.751173709,0,80.5
4043,0,2.69170579,63.25508607,0,0,1.3771518,8.200312989,21.06416275,0,0,3.067292645,0,0,0.093896714,0,0.250391236,0,80.3
4044,0,3.727865797,63.18732526,0,0,1.429015222,7.766387077,20.31686859,0,0,2.423112768,0,0,0.093196645,0.310655483,0.745573159,0,82.3
4045,0,3.953057443,63.21803582,0,0,0.772081532,7.844348363,20.53736875,0,0,2.563310686,0,0,0.679431748,0,0.432365658,0,78.4
4046,0,3.001876173,63.25828643,0,0,0.875547217,7.94246404,21.04440275,0,0,2.689180738,0,0,0.375234522,0,0.81300813,0,79.7
4047,0,2.210991788,63.29753632,0,0,1.389766267,8.02274163,21.47820594,0,0,2.905874921,0,0,0.189513582,0,0.505369551,0,80.4
4048,25,6.25,53.125,0,0,0,0,15.625,0,0,0,0,0,0,0,0,0,110.1
4049,23.52941176,11.76470588,52.94117647,0,0,0,0,11.76470588,0,0,0,0,0,0,0,0,0,114.9
4050,22.22222222,16.66666667,52.77777778,0,0,0,0,8.333333333,0,0,0,0,0,0,0,0,0,116.2
4051,21.05263158,21.05263158,52.63157895,0,0,0,0,5.263157895,0,0,0,0,0,0,0,0,0,120.4
4052,0,0,63.4400872,0,6.034182881,6.245216948,0,0,19.54500128,0,3.575983859,0,1.15952784,0,0,0,0,55
4053,0,0,63.9191753,0,4.932684176,6.118997006,0,0,19.54787538,0,3.515508926,0,1.965759217,0,0,0,0,52
4054,0,1.86190141,64.29463455,0,3.728344043,6.160168933,0,0,19.31836244,0,3.546695125,0,1.089893508,0,0,0,0,62
4055,0,1.900882553,64.49422946,0,2.941842046,6.20049785,0,0,19.05408463,0,3.552840009,0,1.855623444,0,0,0,0,63
4056,12.4137931,0,57.24137931,0,0,0,0,14.48275862,4.137931034,0,11.72413793,0,0,0,0,0,0,90.47
4057,12.02749141,0,57.38831615,0,0,0,0.343642612,14.43298969,4.12371134,0,11.6838488,0,0,0,0,0,0,92.16
4058,11.64383562,0,57.53424658,0,0,0,0.684931507,14.38356164,4.109589041,0,11.64383562,0,0,0,0,0,0,97.24
4059,11.26279863,0,57.67918089,0,0,0,1.023890785,14.33447099,4.09556314,0,11.60409556,0,0,0,0,0,0,101.95
4060,10.50847458,0,57.96610169,0,0,0,1.694915254,14.23728814,4.06779661,0,11.52542373,0,0,0,0,0,0,104.38
4061,0,21.67369055,52.98013245,0,12.04093919,0,0,1.083684527,0,0,12.04093919,0,0.120409392,0.060204696,0,0,0,130.4
4062,0,19.39318111,53.29996872,0,10.63497028,0,0,1.126055677,0.688145136,0,14.70128245,0,0.125117297,0.031279324,0,0,0,131
4063,0,17.21284343,53.19430652,0,9.268454154,0,0,1.158556769,0.794438928,0,18.20589209,0,0.132406488,0.033101622,0,0,0,131.8
4064,0,13.93242773,53.18704284,0,8.359456635,0,0,1.219087426,1.53256705,0,21.59526297,0,0.139324277,0.034831069,0,0,0,131.9
4065,0,11.11522786,53.09373842,0,6.669136717,0,0,1.222675065,1.778436458,0,25.93553168,0,0.148203038,0.03705076,0,0,0,132.7
4066,0,0,62.17765043,0,1.400827762,1.496338746,6.494746896,20.24832856,0,0.76408787,3.820439351,0.286532951,3.311047437,0,0,0,0,54
4067,3.836455906,0,60.54387029,0,1.276690817,1.404359899,6.134499378,19.07695254,0,0.70217995,3.609843286,0.287255434,3.127892503,0,0,0,0,67
4068,6.400051149,0,59.42584956,0,1.214794923,1.342668073,5.88855855,18.30823823,0,0.703302324,3.455771874,0.2557463,3.005019021,0,0,0,0,66
4069,8.984087344,0,58.32612941,0,1.152627029,1.283898441,5.647872443,17.5167291,0,0.64034835,3.304197483,0.25613934,2.887971056,0,0,0,0,61
4070,0,0,61.11979084,0,3.83254153,1.438000191,6.262156044,19.49112011,0,0.701463508,3.673118005,0.286962344,3.194847432,0,0,0,0,57
4071,0,0,59.97572738,0,6.39391907,1.373319281,6.010667178,18.67394845,0,0.702628469,3.516336112,0.287438919,3.066015138,0,0,0,0,56
4072,0,0,58.89464594,0,8.865860679,1.317725325,5.782639289,17.91722638,0,0.639672488,3.37107401,0.255868995,2.955286893,0,0,0,0,54
4073,0,0,56.93732486,0,17.06650263,0,0.710819493,21.71075114,0,0,3.232861732,0.341740141,0,0,0,0,0,82.15
4074,0,0,62.5,0,6.25,0,0,0,20.83333333,6.25,0,0,0,0,0,4.166666667,0,40.75
4075,0,0,62.16414109,0,1.413472558,1.499426971,6.500700369,20.22157137,0,0.770406214,3.8233796,0.289698205,3.317203616,0,0,0,0,54
4076,0,0,61.78851217,0,1.378279102,3.088125345,6.312778338,19.6794851,0,0.721646133,3.741507655,0.292559243,2.997106914,0,0,0,0,59
4077,0,0,61.39095877,0,1.271733731,4.742507038,6.113594966,19.02964067,0,0.735221063,3.586686538,0.268256334,2.861400894,0,0,0,0,60
4078,0,0,60.97519825,0,1.228277375,6.438333052,5.878184579,18.30605703,0,0.681626455,3.445250548,0.27332546,2.773747258,0,0,0,0,61
4079,0,4.87804878,63.7195122,0,0,1.219512195,6.707317073,21.64634146,0,0,0.914634146,0,0,0.914634146,0,0,0,73.83
4080,0,4.90797546,63.49693252,0,0,1.472392638,6.748466258,21.16564417,0,0,1.104294479,0,0,1.104294479,0,0,0,77.37
4081,0,4.938271605,63.27160494,0,0,1.728395062,6.790123457,20.67901235,0,0,1.296296296,0,0,1.296296296,0,0,0,77.58
4082,0,4.968944099,63.04347826,0,0,1.98757764,6.832298137,20.1863354,0,0,1.49068323,0,0,1.49068323,0,0,0,78.9
4083,0,5,62.8125,0,0,2.25,6.875,19.6875,0,0,1.6875,0,0,1.6875,0,0,0,81.4
4084,0,5.031446541,62.57861635,0,0,2.51572327,6.918238994,19.18238994,0,0,1.886792453,0,0,1.886792453,0,0,0,82.49
4085,0,0,66.66666667,0,0,8.333333333,0,0,22.22222222,0,0,0,0,0,0,2.777777778,0,64
4086,0,0,66.66666667,0,0,0,0,0,22.22222222,0,2.777777778,0,0,0,0,8.333333333,0,51.5
4087,0,0,66.66666667,0,0,0,0,0,22.22222222,0,5.555555556,0,0,0,0,5.555555556,0,55
4088,0,0,66.66666667,0,0,0,0,0,22.22222222,0,8.333333333,0,0,0,0,2.777777778,0,58.7
4089,0,0,58.95829317,0,9.928667823,1.050703682,5.410963306,20.64134696,0,2.480560375,0.75509286,0,0,0,0.774371827,0,0,75
4090,0,0,58.44953212,0,5.792062729,0,1.220549617,19.59536931,0,2.115619336,8.98398491,0,0,1.975071199,0.647261161,1.220549617,0,87
4091,0,0,57.70745277,0,5.830714208,0,1.228279325,19.70304541,0,5.274375926,6.394277663,0,0,1.983309852,0.650265525,1.228279325,0,93
4092,0,0,60.07552352,0,9.062821833,4.222451081,1.716443529,24.03020941,0,0.411946447,0.480604188,0,0,0,0,0,0,72
4093,0,0,60.07552352,0,9.062821833,3.741846893,1.716443529,24.03020941,0,0.411946447,0.961208376,0,0,0,0,0,0,73
4094,0,0,59.48275862,0,9.931034483,4.655172414,1.724137931,23.27586207,0,0.413793103,0.517241379,0,0,0,0,0,0,73
4095,0,0,59.48275862,0,9.931034483,4.137931034,1.724137931,23.27586207,0,0.413793103,1.034482759,0,0,0,0,0,0,73
4096,0,0,59.97258396,0,9.389993146,4.043865661,1.713502399,23.98903358,0,0.411240576,0.479780672,0,0,0,0,0,0,72
4097,0,0,60.17881706,0,8.734525447,4.401650619,1.719394773,24.07152682,0,0.412654746,0.481430536,0,0,0,0,0,0,73
4098,0,0,59.38037866,0,10.25817556,4.475043029,1.721170396,23.23580034,0,0.413080895,0.516351119,0,0,0,0,0,0,72
4099,0,0,59.58549223,0,9.602763385,4.835924007,1.727115717,23.31606218,0,0.414507772,0.518134715,0,0,0,0,0,0,73
4100,0,0,60.07552352,0,9.062821833,3.295571576,1.716443529,24.03020941,0,0.411946447,1.407483694,0,0,0,0,0,0,74
4101,0,0,60.07552352,0,9.062821833,2.814967388,1.716443529,24.03020941,0,0.411946447,1.888087882,0,0,0,0,0,0,74
4102,0,0,59.48275862,0,9.931034483,3.620689655,1.724137931,23.27586207,0,0.413793103,1.551724138,0,0,0,0,0,0,74
4103,0,0,59.48275862,0,9.931034483,3.103448276,1.724137931,23.27586207,0,0.413793103,2.068965517,0,0,0,0,0,0,74
4104,0,0,59.59352394,0,9.782983121,3.789183603,1.722356183,23.42404409,0,0.413365484,1.274543576,0,0,0,0,0,0,73
4105,0,0,59.48275862,0,9.931034483,3.862068966,1.724137931,23.27586207,0,0.413793103,1.310344828,0,0,0,0,0,0,74
4106,0,0,59.72461274,0,9.569707401,3.4767642,1.721170396,23.58003442,0,0.413080895,1.514629948,0,0,0,0,0,0,74
4107,0,0,59.59352394,0,9.782983121,3.548053738,1.722356183,23.42404409,0,0.413365484,1.515673441,0,0,0,0,0,0,74
4108,0,0,59.96563574,0,9.209621993,2.886597938,1.718213058,23.88316151,0,0.412371134,1.924398625,0,0,0,0,0,0,74
4109,0,0,59.8349381,0,9.422283356,2.922971114,1.719394773,23.72764787,0,0.412654746,1.960110041,0,0,0,0,0,0,74
4110,0.655672561,0,60.65633486,0,4.589707928,6.556725611,7.212398172,20.00132459,0,0,0,0,0,0,0.327836281,0,0,89.2
4111,0.272618845,0,60.83830295,0,5.827227807,5.75566536,4.068836258,22.01397172,0,0,0.54523769,0,0,0,0.678139376,0,0,85.1
4112,0.271158865,0,60.55994306,0,6.772192658,5.731620513,4.047046063,21.94353117,0,0,0,0,0,0,0.674507677,0,0,83
4113,0.0678265,0,60.88445756,0,6.226472683,5.850035609,4.110285889,22.18265676,0,0,0,0,0,0,0.678264998,0,0,83
4114,0.067833401,0,60.83299417,0,6.342423009,5.84045584,4.09035409,22.14760548,0,0,0,0,0,0,0.678334012,0,0,83
4115,1.589855819,4.306127703,62.15242019,0.550334706,0.012873326,4.4992276,5.329557158,20.71318229,0,0.01930999,0.65653965,0.09976828,0.070803296,0,0,0,0,73.84
4116,0,8.218331038,62.50035133,0,0,1.891565249,9.353832317,16.82172068,0,1.214199387,0,0,0,0,0,0,0,83
4117,0,8.218331038,62.50035133,0,1.214199387,1.891565249,9.353832317,16.82172068,0,0,0,0,0,0,0,0,0,84
4118,1.943615018,0.691999155,62.00914168,0.000104702,0.264764894,3.237352569,12.7147323,18.28382115,0,0.090260759,0.53253848,0.126365063,0.102295527,0,0.003008692,0,0,92.71
4119,2.031732201,0,62.25018767,0.00010527,0.257802877,3.296193934,11.65637296,19.69122931,0,0.079796129,0.524813001,0.116625111,0.092072456,0,0.003069082,0,0,92.95
4120,5.183177292,0.540691156,60.24356005,0.000102856,0.124296818,3.89049039,11.33586976,17.13120888,0,0.105652295,1.283364641,0.074578091,0.074578091,0,0.012429682,0,0,93.66
4121,3.845922272,0.325424192,61.40162827,0.000104136,0.112419266,1.754332236,13.5376464,17.72970167,0,0.106502463,0.961480568,0.115377668,0.100585659,0,0.008875205,0,0,89.5
4122,0,1.093247588,63.11897106,0,0,2.829581994,8.360128617,21.51125402,0,0,1.639871383,0,0,1.446945338,0,0,0,84
4123,0,1.5379686,63.12079462,0,0,2.69144505,8.138417174,21.40339635,0,0,1.66613265,0,0,1.441845562,0,0,0,84
4124,0,0,59.45666057,0,10.10735614,3.835134109,1.712175084,23.22482654,0,0.227829749,1.436017812,0,0,0,0,0,0,77
4125,0,0,59.47877114,0,9.837763203,3.859164653,1.725923369,23.23438039,0,0.441836382,1.422160856,0,0,0,0,0,0,76.9
4126,0,0,59.49542077,0,9.51097287,3.984793503,1.714186971,23.22101261,0,0.663556247,1.410057024,0,0,0,0,0,0,76.8
4127,0,0,59.49974125,0,9.874072796,3.308607901,1.656028981,23.3431085,0,0.469208211,1.849232362,0,0,0,0,0,0,76.2
4128,0,0,59.57402812,0,9.829059829,2.82602702,1.681830714,23.42845327,0,0.41356493,2.247036118,0,0,0,0,0,0,75.9
4129,0,0,59.58200131,0,9.899969063,2.217180571,1.766869479,23.44023925,0,0.419373689,2.674366643,0,0,0,0,0,0,75.3
4130,0,0,59.86501764,0,9.510432012,2.117235945,2.028161294,23.57737504,0,0.212408784,2.689369283,0,0,0,0,0,0,75.6
4131,0,0,59.89790325,0,9.222968343,2.120734548,2.035082911,23.60216527,0,0.424832123,2.696313554,0,0,0,0,0,0,75.4
4132,0,0,59.95340232,0,8.839854725,2.124306174,2.035222367,23.65517714,0,0.692112657,2.699924621,0,0,0,0,0,0,75.2
4133,0,0,59.8785872,0,9.878587196,2.117825607,1.241721854,24.14459161,0,0.137969095,2.600717439,0,0,0,0,0,0,75
4134,0,0,59.88065262,0,9.658169777,2.121348005,1.241764686,24.14542444,0,0.351833328,2.600807147,0,0,0,0,0,0,74.8
4135,0,0,59.87720327,0,9.327032527,2.121348005,1.241764686,24.1419751,0,0.68986927,2.600807147,0,0,0,0,0,0,74.4
4136,0,0,59.88065262,0,9.182159981,2.121348005,1.241764686,24.14542444,0,0.827843124,2.600807147,0,0,0,0,0,0,74.3
4137,0,0,60.21857163,0,7.162745371,0.0174022,0.793540303,24.62063205,0,1.997772518,5.189335932,0,0,0,0,0,0,72.8
4138,0,0,60.24079616,0,7.140371633,0.532396131,0.793374626,24.65028882,0,1.990395991,4.652376644,0,0,0,0,0,0,73.1
4139,0,0,59.96641713,0,9.081368502,2.448751137,0.636675296,24.34758273,0,0.38480375,3.134401455,0,0,0,0,0,0,76.3
4140,0,0,59.83213429,0,9.701952724,2.113737581,2.028091812,23.54573484,0,0.0890716,2.68927715,0,0,0,0,0,0,75.6
4141,0,0,60.23743017,0,8.254189944,2.664106145,0.768156425,24.55307263,0,0.670391061,2.852653631,0,0,0,0,0,0,75.6
4142,0,0,60.24868517,0,8.414893246,0.006965971,0.79412072,24.6247083,0,0.633903382,5.276723207,0,0,0,0,0,0,74.4
4143,0,0,60.32160384,0,8.318540949,1.322613205,0.800529045,24.71546413,0,0.626500992,3.894747833,0,0,0,0,0,0,75.1
4144,0,0,60.42407805,0,6.931774154,1.958367088,0.493114015,24.70853439,0,1.282096439,4.202035856,0,0,0,0,0,0,76.3
4145,0,1.601640079,63.10782241,0,0,2.716381575,8.117111923,21.35626882,0,0,1.662502402,0,0,1.438272791,0,0,0,84
4146,0,0.296896086,62.26383266,0,0,5.101214575,7.699055331,20.52968961,0,0,4.109311741,0,0,0,0,0,0,85
4147,0,0.593291758,62.22484409,0,0,4.894657003,7.537502107,20.38429125,0,0,4.365413787,0,0,0,0,0,0,83
4148,0,0,61.52147162,0,0,8.509765563,13.85163916,16.11712366,0,0,0,0,0,0,0,0,0,101.4
4149,0,0,61.72043011,0,0,7.56860857,12.36398652,17.25886696,0,0,1.088107848,0,0,0,0,0,0,98.3
4150,3.929797787,0,60.29187333,0,0,7.28093603,11.89749459,16.59989826,0,0,0,0,0,0,0,0,0,98
4151,0,0,61.44917227,0,0,7.611226073,12.43533368,16.6806777,0,0,1.823590274,0,0,0,0,0,0,98.7
4152,0,0,60.70979276,0,0,10.59723234,12.36840363,15.2353837,0,0,1.089187579,0,0,0,0,0,0,101.8
4153,3.981135144,0,59.45031712,0,0,7.87445113,12.06700276,14.85770044,0,0,1.769393397,0,0,0,0,0,0,99.8
4154,0,0,61.6220574,0,0,9.003547243,12.26056111,17.11383425,0,0,0,0,0,0,0,0,0,100.2
4155,3.933856607,0,59.90134334,0,0,7.287562436,14.21524525,14.66199237,0,0,0,0,0,0,0,0,0,102.9
4156,0,0,61.12129945,0,0,10.5056327,12.26093791,16.11212994,0,0,0,0,0,0,0,0,0,102.2
4157,0,1.714126013,61.45700711,0,0,8.138993261,13.2658448,15.42402882,0,0,0,0,0,0,0,0,0,98.9
4158,0,3.387964775,61.39004403,0,0,7.79721135,12.67734834,14.74743151,0,0,0,0,0,0,0,0,0,95.4
4159,0,0,60.37735849,0,8.176100629,2.51572327,8.176100629,20.75471698,0,0,0,0,0,0,0,0,0,75
4160,0,0,59.81012658,0,9.493670886,2.53164557,7.594936709,20.25316456,0,0,0,0,0,0,0.316455696,0,0,78
4161,0,0,59.93042378,0,9.234661607,2.530044276,7.653383934,20.43010753,0,0,0,0,0,0,0.221378874,0,0,76
4162,0,0,62.28007349,0,0,6.579889764,13.15977953,16.08071498,0,0,0,0,0,0,1.899542241,0,0,114
4163,0,0,62.29947357,0,0,6.550789646,13.10157929,16.01096471,0,0,0,0,0,0,2.037192786,0,0,116
4164,0,0,62.33831001,0,0,6.492534987,12.98506997,15.87445064,0,0,0,0,0,0,2.309634386,0,0,114
4165,0,0,62.3752495,0,0,6.437125749,12.8742515,15.73727545,0,0,0,0,0,0,2.576097804,0,0,117
4166,0,0,62.13312004,0,0,1.123243845,6.190012519,21.17123383,0,0,9.382389762,0,0,0,0,0,0,89.2
4167,0,0,62.37044179,0,0,1.17420199,6.384077683,21.54884474,0,0,8.5224338,0,0,0,0,0,0,88.9
4168,0,0,62.22962886,0,0,1.343610041,6.103530882,21.40749228,0,0,8.915737944,0,0,0,0,0,0,88
4169,0,0,62.24119457,0,0,1.614185476,6.380698904,21.29203968,0,0,8.471881373,0,0,0,0,0,0,88.3
4170,0,0,62.07218742,0,0,1.86178496,6.637367201,20.82569125,0,0,8.602969166,0,0,0,0,0,0,88.3
4171,0,0,62.0078602,0,0,1.694855779,5.803916064,21.11376237,0,0,9.379605586,0,0,0,0,0,0,90.4
4172,0,0,62.10145683,0,0,0.876186503,6.258475018,21.07367616,0,0,9.690205487,0,0,0,0,0,0,89.4
4173,0,0,62.37482117,0,0,0.942112425,5.457273457,22.02100562,0,0,9.204787327,0,0,0,0,0,0,87
4174,0,0,61.94124709,0,0,1.776004519,5.493962291,21.13551303,0,0,9.653273074,0,0,0,0,0,0,90.2
4175,0,0,62.29719379,0,0,1.455330409,5.765615208,21.71157997,0,0,8.770280621,0,0,0,0,0,0,87.1
4176,0,0,62.35097842,0,0,1.105279622,5.783601543,21.81015606,0,0,8.949984359,0,0,0,0,0,0,87.3
4177,0,0,62.11895266,0,0,1.59528351,6.401942084,21.03693428,0,0,8.846887463,0,0,0,0,0,0,89.6
4178,0,0,62.20857183,0,0,1.211084741,5.779701242,21.52729303,0,0,9.273349155,0,0,0,0,0,0,89.7
4179,0,0,62.42647312,0,0,1.062914932,6.349970761,21.67796085,0,0,8.482680334,0,0,0,0,0,0,87.6
4180,0,0,62.24276974,0,0,1.800611791,5.992769744,21.48915462,0,0,8.474694105,0,0,0,0,0,0,90.3
4181,0,0,62.20555244,0,0,0.869321368,5.47532249,21.67344363,0,0,9.776360067,0,0,0,0,0,0,89.6
4182,0,0,62.51197154,0,0,1.067177452,6.567245861,21.74032015,0,0,8.113284991,0,0,0,0,0,0,88.7
4183,0,0,61.7780455,0,0,2.161434342,5.577209269,20.76748636,0,0,9.715824534,0,0,0,0,0,0,88.9
4184,0,0,61.94687148,0,0,1.6382469,5.636978579,21.07525366,0,0,9.70264938,0,0,0,0,0,0,89.2
4185,0,0,62.3834339,0,0,1.357652222,6.664838179,21.43444871,0,0,8.159626988,0,0,0,0,0,0,88.2
4186,0,0,62.6480196,0,0,0.717980128,6.64897237,21.97155301,0,0,8.013474888,0,0,0,0,0,0,87.7
4187,0,0,62.14988907,0,0,1.39004437,6.371325568,21.11411536,0,0,8.974625624,0,0,0,0,0,0,88.9
4188,0,0,62.40058095,0,0,1.625285289,6.03084584,21.78573899,0,0,8.157548931,0,0,0,0,0,0,88.1
4189,0,0,62.09362584,0,0,1.25064778,6.723095526,20.82570392,0,0,9.10692693,0,0,0,0,0,0,88.7
4190,0,0,61.95433532,0,0,1.789180224,5.512227829,21.15255673,0,0,9.591699898,0,0,0,0,0,0,90.2
4191,0,0,62.34809403,0,0,1.537236437,6.058927397,21.66672437,0,0,8.389017761,0,0,0,0,0,0,89.4
4192,0,0,62.19609753,0,0,1.432993635,6.04500713,21.36969149,0,0,8.956210219,0,0,0,0,0,0,88.4
4193,0,0,66.66666667,0,2.083333333,5,0,0,22.91666667,0,3.333333333,0,0,0,0,0,0,56
4194,0,0,65.2173913,0,4.347826087,5.217391304,0,0,21.73913043,0,3.47826087,0,0,0,0,0,0,57
4195,0,0,63.63636364,0,6.818181818,5.454545455,0,0,20.45454545,0,3.636363636,0,0,0,0,0,0,47
4196,0,0,61.9047619,0,9.523809524,5.714285714,0,0,19.04761905,0,3.80952381,0,0,0,0,0,0,65
4197,0,0,60.34482759,0,10.34482759,0,0,25.51724138,0,0,3.448275862,0,0,0,0.344827586,0,0,83
4198,0,0,60.34482759,0,10.34482759,0,0,24.82758621,0,0,3.448275862,0,0,0,1.034482759,0,0,83
4199,0,0,60.34482759,0,10.34482759,0,0,24.13793103,0,0,3.448275862,0,0,0,1.724137931,0,0,83
4200,0,0,60.34482759,0,10.34482759,0,0,23.44827586,0,0,3.448275862,0,0,0,2.413793103,0,0,83
4201,0,0,63.47826087,0,8.695652174,0,0,0,20.86956522,0,6.956521739,0,0,0,0,0,0,53.3
4202,0,0.289026421,59.74992931,0,9.801765574,1.507963935,7.150262323,20.89472527,0,0.427256448,0.179070717,0,0,0,0,0,0,71
4203,0,0.288971951,59.67270786,0,9.510946383,1.510820743,7.17404278,20.79969846,0,0.860633854,0.182177969,0,0,0,0,0,0,71
4204,0,0,60.3960396,0,11.22112211,0.99009901,1.98019802,25.41254125,0,0,0,0,0,0,0,0,0,68
4205,0,0,61,0,9.333333333,1,2,25.66666667,0,0,1,0,0,0,0,0,0,70
4206,3.772205125,2.864194521,61.15664706,0,0,2.221274262,8.281787989,19.41862945,0,1.706328651,0.457052317,0,0.121880618,0,0,0,0,81
4207,4.098109976,2.874793565,61.08630497,0,0,2.23255245,8.006605909,19.56082941,0,1.620894244,0.458743654,0,0.061165821,0,0,0,0,81
4208,0,0,61.21266161,0,8.676995096,0,7.790905038,16.94159608,4.307846634,1.069995542,0,0,0,0,0,0,0,61.962
4209,0,0,61.20559862,0,8.135838956,0,7.823565494,16.96871689,4.265878548,1.600401494,0,0,0,0,0,0,0,62.514
4210,0,0,61.20809861,0,7.585476044,0,7.847621172,16.98365776,4.244520051,2.13062636,0,0,0,0,0,0,0,62.1
4211,0,0,61.01462773,0,8.557497398,0,9.319016052,15.80014244,4.251355941,1.057360434,0,0,0,0,0,0,0,63.48
4212,0,0,61.01151316,0,8.031798246,0,9.309210526,15.83607456,4.226973684,1.584429825,0,0,0,0,0,0,0,63.963
4213,0,0,61.01894437,0,7.506570302,0,9.307928165,15.77146299,4.281646956,2.113447219,0,0,0,0,0,0,0,62.997
4214,0,0,59.6214511,0,10.09463722,2.208201893,7.570977918,20.18927445,0,0,0,0,0,0,0.315457413,0,0,76
4215,13.05333333,0,60.14,0,0,0,0,23.10666667,0,0,0,0,0,0,3.7,0,0,115
4216,0,0,60.06016389,0,9.958161889,2.043497804,0.767608312,24.71560458,0,0,2.454963521,0,0,0,0,0,0,72
4217,0,6.195522669,60.77005079,0,6.734809055,0,0.144227754,23.07644071,0,2.677619615,0,0,0,0,0,0.401329404,0,88.5
4218,0,28.71701457,53.84501772,0,14.36096889,0,0,0.512012603,0,0,0,0,0,0,0,0,2.564986215,63.7
4219,0,28.57002914,54.08125781,0,14.28746357,0,0,1.021232826,0,0,0,0,0,0,0,0,2.040016653,63.9
4220,0,28.4252333,54.3139787,0,14.21505324,0,0,1.522867377,0,0,0,0,0,0,0,0,1.522867377,64
4221,0,28.28189774,54.54435259,0,14.14337317,0,0,2.019442896,0,0,0,0,0,0,0,0,1.010933598,64.3
4222,0,28.13932172,54.77350572,0,14.07207294,0,0,2.513387042,0,0,0,0,0,0,0,0,0.501712577,66.2
4223,0,27.99884798,54.99927999,0,14.00182403,0,0,3.000048001,0,0,0,0,0,0,0,0,0,66.6
4224,0,17.35653509,59.33401574,0,0,13.31968524,0,9.989763931,0,0,0,0,0,0,0,0,0,99.78
4225,0,0,62.51995118,0,0,6.256063593,12.36816574,17.49131537,0,0,0,0,0,0,1.364504115,0,0,87
4226,0,6.340057637,63.11239193,0,0,0.288184438,9.798270893,18.1556196,0,0,2.017291066,0,0,0.288184438,0,0,0,70
4227,0,0,60.77348066,0,7.73480663,0,11.60220994,16.02209945,2.762430939,1.104972376,0,0,0,0,0,0,0,69.2
4228,0,2.247191011,60.6741573,0,7.865168539,0,8.988764045,16.85393258,2.247191011,1.123595506,0,0,0,0,0,0,0,63.91
4229,0,2.528089888,60.6741573,0,8.707865169,0,8.707865169,16.85393258,2.247191011,0.280898876,0,0,0,0,0,0,0,63
4230,0.670635735,0,61.9653733,0,0.136864436,4.677342093,6.453158147,21.08054472,0,0.26688565,4.331759392,0.106069938,0.109491549,0.201875043,0,0,0,89.1
4231,1.127395716,0,61.92135561,0,0.143486727,4.495917461,6.292917905,21.24970107,0,0.15715213,4.195278603,0.10590687,0.109323221,0.201564689,0,0,0,89.4
4232,0.711938664,0,61.95577766,0,0.164293538,4.654983571,6.414293538,21.074069,0,0.232749179,4.299014239,0.130065717,0.109529025,0.253285871,0,0,0,89.1
4233,0,9.549278846,62.98076923,0,0,0.462740385,4.399038462,18.98137019,0,0,3.533653846,0,0,0.087139423,0.003004808,0,0,69.3588
4234,0,5.83090379,63.55685131,0,0,1.166180758,8.746355685,19.82507289,0,0,0.583090379,0,0,0.29154519,0,0,0,79
4235,0,8.677926616,63.62842167,0,0,1.164822365,5.824111823,20.00582411,0,0,0.407687828,0,0,0.291205591,0,0,0,69
4236,0,10.22727273,63.63636364,0,0,0.568181818,5.681818182,19.31818182,0,0,0.284090909,0,0,0.284090909,0,0,0,76
4237,0,8.720930233,63.6627907,0,0,1.744186047,5.813953488,20.05813953,0,0,0,0,0,0,0,0,0,68.4
4238,0,7.01754386,63.74269006,0,0,1.754385965,7.01754386,20.46783626,0,0,0,0,0,0,0,0,0,73.9
4239,0,8.187134503,63.74269006,0,0,1.461988304,5.847953216,20.46783626,0,0,0.292397661,0,0,0,0,0,0,69
4240,0,8.695652174,63.76811594,0,0,1.15942029,5.797101449,20.28985507,0,0,0.289855072,0,0,0,0,0,0,68
4241,0,8.695652174,63.76811594,0,0,0.869565217,5.797101449,20.28985507,0,0,0.579710145,0,0,0,0,0,0,67
4242,0,5.168744299,63.05868045,0,0,2.158710854,7.90513834,19.58041958,0,0,1.216175129,0,0,0.912131347,0,0,0,80.6
4243,0,4.316990441,62.99722479,0,0,2.775208141,8.017267962,19.82732038,0,0,1.757631822,0,0,0.30835646,0,0,0,83.4
4244,0,8.430232558,62.79069767,0,0,1.656976744,7.848837209,17.44186047,0,0,0.290697674,0,0,1.540697674,0,0,0,73.7
4245,0,4.66089035,63.16103974,0,0,1.284732596,9.262025695,19.36062145,0,0,0.478040036,0,0,1.19510009,0,0.597550045,0,79.3
4246,0,4.034529203,63.24231664,0,0,2.078486592,8.258846578,20.33794539,0,0,0.306109955,0,0,1.741765642,0,0,0,78.4
4247,0,3.125,63.125,0,0,1.96875,8.125,20.625,0,0,2.71875,0,0,0.3125,0,0,0,84
4248,0,2.893081761,63.17610063,0,0,2.51572327,7.86163522,20.97484277,0,0,2.264150943,0,0,0.314465409,0,0,0,84.4
4249,0.137201098,0,63.59924213,0,0,5.33124265,7.330458644,23.60185548,0,0,0,0,0,0,0,0,0,87.1
4250,0.135615111,0,63.89731999,0,0,1.578947368,7.491120439,24.11688731,0,0,2.780109784,0,0,0,0,0,0,82.4
4251,6.412888959,0,61.57321118,0,0.012636234,1.791186227,7.24688043,22.73574475,0,0,0.227452219,0,0,0,0,0,0,81.3
4252,1.513376603,0,63.56498338,0,0.126642394,2.323887921,7.908817477,23.99556752,0,0,0.566724711,0,0,0,0,0,0,85.2
4253,0,0.296815974,62.25377766,0,0,5.150431732,7.737452779,20.49042094,0,0,4.071100917,0,0,0,0,0,0,85
4254,0,0.591875168,62.2141512,0,0,5.138552596,7.721280603,20.27172451,0,0,4.062415927,0,0,0,0,0,0,84
4255,0,0.891839335,62.1739422,0,0,5.126399785,7.704687186,20.04962114,0,0,4.05351036,0,0,0,0,0,0,83
4256,0,0.295798319,62.25546218,0,0,4.648739496,7.966386555,20.37983193,0,0,4.453781513,0,0,0,0,0,0,84
4257,0,0.597716588,62.2498321,0,0,4.637340497,7.743451981,20.32907992,0,0,4.442578912,0,0,0,0,0,0,84
4258,0,0.892407824,62.24376824,0,0,4.62978495,7.521723085,20.28047103,0,0,4.431844869,0,0,0,0,0,0,83
4259,0,0.595540216,62.15951003,0,0,5.150069367,7.410415186,20.31604236,0,0,4.368422834,0,0,0,0,0,0,83
4260,0,0.298710115,62.04684318,0,0,6.16089613,7.718940937,20.08486083,0,0,3.689748812,0,0,0,0,0,0,84
4261,0,0.589071704,62.06242806,0,0,6.046448642,7.576680886,20.04197982,0,0,3.683390886,0,0,0,0,0,0,84
4262,0,0.883702105,62.08850513,0,0,5.878980032,7.481111711,19.99460335,0,0,3.673097679,0,0,0,0,0,0,84
4263,0,0,59.84967835,0,9.117762899,4.004201129,5.540238939,21.48811868,0,0,0,0,0,0,0,0,0,75
4264,0,0,58.86078048,0,10.42405756,5.009780843,5.543582772,20.16179835,0,0,0,0,0,0,0,0,0,75
4265,0,0,59.51528413,0,9.117432531,5.006299317,5.543398979,20.81758504,0,0,0,0,0,0,0,0,0,75
4266,0,0,58.53682552,0,11.73690429,4.010765393,5.546803203,20.16870159,0,0,0,0,0,0,0,0,0,73
4267,0,0,59.98544203,0,9.111964002,4.003440974,4.744573849,22.15457914,0,0,0,0,0,0,0,0,0,73
4268,0,0,60.11805509,0,9.110918429,4.001867538,3.955179084,22.81397986,0,0,0,0,0,0,0,0,0,72
4269,0,0,60.17989382,0,8.453657052,5.001183512,3.557298887,22.80796673,0,0,0,0,0,0,0,0,0,73
4270,0,0,60.69918808,0,7.15292223,4.998993491,4.348117829,22.80077837,0,0,0,0,0,0,0,0,0,75
4271,0,0,59.72429829,0,9.765819631,4.002657366,4.351436638,22.15578808,0,0,0,0,0,0,0,0,0,76
4272,0,0,59.61952026,0,9.819685691,4.026468156,4.770885029,21.59801489,0,0,0,0,0,0,0.165425972,0,0,78
4273,0,0,59.91663083,0,9.203692063,4.046051543,4.797035763,21.70575975,0,0,0,0,0,0,0.330830053,0,0,75
4274,0,0,59.46017117,0,10.47399605,3.522053983,4.772876893,21.60631995,0,0,0,0,0,0,0.164581962,0,0,76
4275,0,0,60.17358714,0,8.607028964,3.054213105,4.425156985,22.87207811,0,0.867935694,0,0,0,0,0,0,0,71
4276,0,0,59.75726711,0,9.537352426,4.017990013,4.808360065,21.76328582,0,0,0,0,0,0,0.115744568,0,0,76
4277,0.847689363,0,62.03855619,0,0.143560295,4.498222587,6.419196062,21.2332513,0,0.054689636,4.460623462,0.109379273,0.095706864,0.099124966,0,0,0,89.1
4278,0.712694878,0,62.01130718,0,0.143909543,4.725029981,6.441665239,21.09988008,0,0.054822683,4.402946719,0.109645366,0.095939695,0.202158643,0,0,0,89
4279,0.97898268,0,61.91894297,0,0.143766687,4.477305402,6.428424728,21.05497364,0,0.054768262,4.436229205,0.109536524,0.095844458,0.30122544,0,0,0,89.3
4280,1.169550646,0,61.78441967,0,0.170986937,4.281512892,6.565898365,20.83646809,0,0.034197387,4.972300116,0.088913207,0.095752684,0,0,0,0,89.7
4281,1.262884839,0,61.90524951,0,0.143354495,4.362072496,6.369035429,21.21305209,0,0.054611236,4.498600587,0.095569663,0.095569663,0,0,0,0,89.6
4282,1.124520022,0,61.86574328,0,0.143993417,4.333516182,6.280855732,21.10874931,0,0.054854635,4.895776193,0.095995612,0.095995612,0,0,0,0,89.5
4283,1.057764956,0,61.83116972,0,0.144240676,4.292877258,6.298509513,20.98358404,0,0.054948829,5.130846899,0.109897658,0.096160451,0,0,0,0,89.3
4284,0,0,56.33333333,0,20.66666667,0,0,23,0,0,0,0,0,0,0,0,0,60.01
4285,0,0,55.9807074,0,20.19292605,0,3.536977492,20.28938907,0,0,0,0,0,0,0,0,0,63.74
4286,0,0,55.98729684,0,19.1605953,0,6.594433028,18.25767482,0,0,0,0,0,0,0,0,0,67.96
4287,0,0,55.15681544,0,19.84318456,0,9.529553679,15.47044632,0,0,0,0,0,0,0,0,0,70.08
4288,0,0,55.52631579,0,18.1871345,0,12.28070175,14.00584795,0,0,0,0,0,0,0,0,0,72.55
4289,0,0,52.79742765,0,26.55948553,0,3.536977492,17.10610932,0,0,0,0,0,0,0,0,0,64.2
4290,0,0,54.01618929,0,23.10087173,0,6.600249066,16.28268991,0,0,0,0,0,0,0,0,0,66.89
4291,0,0,57.08868145,0,14.99416569,0,12.48541424,15.43173862,0,0,0,0,0,0,0,0,0,72.71
4292,0,0,52.44417622,0,25.28666264,0,9.474954737,12.7942064,0,0,0,0,0,0,0,0,0,69.88
4293,0,0,54.21940928,0,21.69981917,0,9.584086799,14.49668475,0,0,0,0,0,0,0,0,0,69.66
4294,0,0,57.35382761,0,15.43098252,0,9.584086799,17.63110307,0,0,0,0,0,0,0,0,0,70.97
4296,0,0,62.32460082,0,0.041473699,3.214211654,6.082809152,21.48337596,0,0.034561416,6.621967236,0.127877238,0.069122831,0,0,0,0,87.93
4297,0,0,62.32354261,0,0.041417872,3.454940807,6.178165879,21.43374866,0,0.034514893,6.336934387,0.127705105,0.069029786,0,0,0,0,88.38
4298,0,0,62.31284068,0,0.041399296,3.525840061,6.23059408,21.38963638,0,0.034499414,6.271993376,0.124197889,0.068998827,0,0,0,0,87.9
4299,0,0,62.31639197,0,0.041376457,3.634232122,6.261637128,21.38128405,0,0.034480381,6.137507758,0.12412937,0.068960761,0,0,0,0,88.1
4300,0.716870584,0,61.99551956,0,0.041357918,3.646389798,6.21747372,21.12011029,0,0.034464932,6.034809581,0.124073755,0.068929864,0,0,0,0,87.9
4301,0.757862827,0,61.97939991,0,0.048227634,3.699748527,6.228254504,21.10992456,0,0.041337972,5.942333529,0.124013917,0.068896621,0,0,0,0,88.02
4302,0.868187143,0,61.92723765,0,0.048232619,3.703576104,6.215117481,21.07076414,0,0.041342245,5.936057328,0.120581548,0.068903741,0,0,0,0,88.58
4303,0.940772532,0,61.98798283,0,0.054935622,3.539914163,6.248927039,21.21888412,0,0.041201717,5.781974249,0.116738197,0.068669528,0,0,0,0,88.86
4304,0.9816709,0,61.97913091,0,0.054918652,3.494199217,6.246996636,21.22262648,0,0.041188989,5.793917759,0.116702135,0.068648315,0,0,0,0,88.86
4305,0.995503072,0,61.96834987,0,0.054924307,3.487693522,6.247639971,21.20764821,0,0.041193231,5.811678281,0.116714153,0.068655384,0,0,0,0,88.82
4306,0,5.47847741,68.23194593,0,0,0,0,0,22.4831021,0,3.806474564,0,0,0,0,0,0,55.683
4307,4.022627278,4.567358056,64.52964592,0,0,0,2.095118374,0,18.35323696,0,6.222501571,0.209511837,0,0,0,0,0,77.004
4308,0,6.085555754,67.40647933,0,0,0,3.185967424,0,20.11813138,0,3.203866118,0,0,0,0,0,0,72.864
4309,0,5.890856523,67.04011565,0,0,0,4.698229129,0,19.19045898,0,3.180339718,0,0,0,0,0,0,72.243
4310,0,4.192933587,64.46478313,0,4.276708484,0,2.098561166,0,18.61478208,0,6.352231554,0,0,0,0,0,0,69.966
4311,0,2.680486061,66.94067191,0,3.609721229,0,1.786990708,0,22.30164403,0,2.680486061,0,0,0,0,0,0,58.581
4312,0,1.341736125,67.53405164,0,0,0,0,0,22.93149014,0,8.192722098,0,0,0,0,0,0,55.545
4313,1.944026482,0.692145652,62.00421306,0.009027987,0.264820945,3.235028589,12.71140536,18.28468252,0,0.090279868,0.532651219,0.126391815,0.102317183,0,0.003009329,0,0,94.52
4314,0,3.335930511,59.4320838,0,8.322511759,0.002885753,10.10013563,17.13848729,0,1.662193749,0.005771506,0,0,0,0,0,0,66.8817
4315,0.067453626,0,61.01180438,0,6.070826307,5.564924115,4.384485666,22.42833052,0,0,0,0,0,0,0.472175379,0,0,82
4316,0,0,61.84210526,0,3.947368421,2.960526316,6.578947368,22.36842105,0,0,2.302631579,0,0,0,0,0,0,83
4317,0,0,60.06452429,0,8.305921053,1.916751012,7.028087045,21.40688259,0,1.277834008,0,0,0,0,0,0,0,71
4318,0,7.530511627,63.92832529,0,2.638427431,0,0.855045927,25.00398589,0,0.042752296,0,0,0.000951544,0,0,0,0,83
4319,7.643312102,0,60.82802548,0,0.636942675,1.910828025,6.369426752,22.29299363,0,0,0,0,0,0,0.318471338,0,0,86.5
4320,6.41025641,0,61.21794872,0,0.641025641,2.564102564,6.41025641,22.43589744,0,0,0,0,0,0,0.320512821,0,0,87.3
4321,6.832298137,1.242236025,61.18012422,0,0.621118012,1.242236025,6.832298137,21.73913043,0,0,0,0,0,0,0.310559006,0,0,83.7
4322,6.329113924,0,60.44303797,0,2.53164557,1.265822785,6.329113924,22.15189873,0,0.632911392,0,0,0,0,0.316455696,0,0,83.5
4323,5.095541401,0,60.82802548,0,1.910828025,1.910828025,6.369426752,22.29299363,0,1.27388535,0,0,0,0,0.318471338,0,0,83.2
4324,4.984423676,1.246105919,61.37071651,0,1.246105919,1.557632399,6.853582555,21.80685358,0,0.62305296,0,0,0,0,0.31152648,0,0,82.4
4325,3.738317757,1.246105919,61.37071651,0,1.869158879,1.557632399,6.853582555,21.80685358,0,1.246105919,0,0,0,0,0.31152648,0,0,80.6
4326,5.031446541,0,61.00628931,0,1.886792453,1.886792453,7.547169811,22.01257862,0,0.628930818,0,0,0,0,0,0,0,83.8
4327,4.320987654,1.234567901,61.41975309,0,1.851851852,1.234567901,7.407407407,21.60493827,0,0.617283951,0,0,0,0,0.308641975,0,0,81.7
4328,3.703703704,1.234567901,61.72839506,0,1.851851852,1.234567901,7.407407407,21.60493827,0,0.617283951,0,0,0,0,0.617283951,0,0,82.6
4329,0,0,59.40021602,0,9.829086981,2.535103882,7.230446661,20.29036152,0,0.603596162,0,0.063536438,0,0,0.047652329,0,0,75
4330,0,0,59.05928904,0,10.44738018,2.70597996,6.975556832,20.06190567,0,0.638202821,0,0.063820282,0,0,0.047865212,0,0,78
4331,0,0,59.35401343,0,10.23345059,2.654301247,6.715701951,20.59481932,0,0.383754397,0,0.015989767,0,0,0.0479693,0,0,73
4332,0,0,59.30663938,0,10.20851989,2.648074709,6.703338877,20.55775873,0,0.511705258,0,0.015990789,0,0,0.047972368,0,0,74
4333,0,0,60.11318242,0,13.06258322,0,0.133155792,26.69107856,0,0,0,0,0,0,0,0,0,59.1
4334,0,0,61.5253078,0,8.413132695,2.735978112,0.136798906,27.18878249,0,0,0,0,0,0,0,0,0,67.6
4335,0,0,61.45690834,0,8.549931601,0,0.136798906,27.12038304,0,0,2.735978112,0,0,0,0,0,0,70
4336,0,0,61.60683761,0,8.273504274,0,0.136752137,27.28205128,0,0,0,0,0,2.700854701,0,0,0,68.4
4337,0,0,61.42334894,0,8.68495678,0,0.136663364,27.12084458,0,0,0,0,0,0,0,2.63418634,0,64.5
4338,0,0,59.33809215,0,13.77027904,0,2.660609994,24.23101882,0,0,0,0,0,0,0,0,0,64.5
4339,0,0,60.90727151,0,8.73915944,2.801867912,2.735156771,24.81654436,0,0,0,0,0,0,0,0,0,69.1
4340,0,0,60.95632153,0,8.615569422,0,2.736160699,24.85234743,0,0,2.839600921,0,0,0,0,0,0,73.6
4341,0,0,60.77974009,0,9.063645452,0,2.732422526,24.72509164,0,0,0,0,0,2.6991003,0,0,0,72
4342,0,0,60.93598853,0,8.746122286,0,2.668534641,24.91077087,0,0,0,0,0,0,0,2.738583675,0,67.6
4343,0,0,58.1329172,0,14.33204822,0,8.20635212,19.32868246,0,0,0,0,0,0,0,0,0,70.2
4344,0,0,59.8615917,0,8.870714061,2.862535388,8.493236867,19.91192199,0,0,0,0,0,0,0,0,0,76.4
4345,0,0,59.8615917,0,8.870714061,0,8.493236867,19.91192199,0,0,2.862535388,0,0,0,0,0,0,77.5
4346,0,0,60.03144654,0,8.616352201,0,8.427672956,20.1572327,0,0,0,0,0,2.767295597,0,0,0,76.1
4347,0,0,59.97474747,0,8.838383838,0,8.080808081,20.32828283,0,0,0,0,0,0,0,2.777777778,0,74
4348,0,0,57.23515683,0,13.99214436,0,14.61262595,14.16007286,0,0,0,0,0,0,0,0,0,73.5
4349,0,0,58.72315387,0,8.767284495,3.206825537,14.94557223,14.35716387,0,0,0,0,0,0,0,0,0,85.9
4350,0,0,58.81263777,0,8.646583395,0,14.94783248,14.47465099,0,0,3.118295371,0,0,0,0,0,0,82.6
4351,0,0,58.80500368,0,8.588668138,0,14.93451067,14.43708609,0,0,0,0,0,3.23473142,0,0,0,80.4
4352,0,0,58.61053871,0,9.066823668,0,14.83662055,14.33617898,0,0,0,0,0,0,0,3.149838092,0,77.3
4353,11.8625108,23.73010627,56.78039355,0,0,0,0,2.542329791,0,0,0,5.084659582,0,0,0,0,0,68.7
4354,0,9.560607422,60.32887052,0,7.577799742,0,2.300296523,18.03097014,0,0,1.716236859,0,0,0,0.485218798,0,0,79.3
4355,0,2.078239609,61.12469438,0,8.312958435,0,6.234718826,22.24938875,0,0,0,0,0,0,0,0,0,69.6
4356,0,3.250145096,61.28845038,0,6.442251886,0,9.692396982,19.32675566,0,0,0,0,0,0,0,0,0,65.4
4357,0,0,58.99053628,0,10.72555205,2.208201893,7.570977918,19.87381703,0,0.630914826,0,0,0,0,0,0,0,73
4358,0,4.825239715,63.16115063,0,0,1.577482215,6.990411383,20.41447572,0,0,1.422827096,0,0,1.608413238,0,0,0,77
4359,0,5.346294046,63.39611179,0,0,1.458080194,7.108140948,20.56500608,0,0,1.70109356,0,0,0,0,0.42527339,0,73.5
4360,0,0,61.33841886,0,4.299583911,5.20110957,1.178918169,25.48543689,0,2.496532594,0,0,0,0,0,0,0,73.5
4361,0,7.068223725,64.13644745,0,2.4585126,0,0.73755378,25.59926245,0,0,0,0,0,0,0,0,0,63
4362,0,4.839203675,63.46094946,0,0,0.765696784,6.983154671,21.01071975,0,0,2.787136294,0,0,0.153139357,0,0,0,73
4363,0,2.878598248,63.20400501,0,0,2.503128911,8.135168961,20.90112641,0,0,2.065081352,0,0,0.312891114,0,0,0,84.6
4364,0,0,60.22330775,0,8.653175157,2.163293789,0.697836706,24.63363573,0,0.418702024,3.210048849,0,0,0,0,0,0,73
4365,0,0,60.30405405,0,3.378378378,2.702702703,4.054054054,22.02702703,0,4.391891892,2.364864865,0,0,0.337837838,0.439189189,0,0,77
4366,0,0,59.20707733,0,8.191349934,3.440366972,5.242463958,21.03538663,0,2.621231979,0.0327654,0,0,0.0327654,0.163826999,0.0327654,0,74
4367,0,0,59.97417689,0,9.03808909,2.291801162,5.616526791,22.07876049,0,0.83925113,0.161394448,0,0,0,0,0,0,72
4368,0,2.292609351,60.57315234,0,8.26546003,0.693815988,7.90346908,20.21116139,0,0.060331825,0,0,0,0,0,0,0,64
4369,0,2.439176934,61.94883983,0,5.810244543,4.747013572,2.126461943,18.96303709,3.183438614,0,0,0,0,0,0.781787479,0,0,75
4370,0,3.164556962,61.55063291,0,5.696202532,3.481012658,2.53164557,19.77848101,2.215189873,0,0,0,0,0,0,1.582278481,0,71
4371,0,11.62909069,62.93601605,0,0,0.871283571,2.616844816,18.74906434,0,0,2.326416959,0,0,0.871283571,0,0,0,72
4372,0,9.595304294,63.64843991,0,0,0.898980538,1.322211925,21.83812172,0,0,0.898980538,0,0,0.898980538,0,0.898980538,0,70
4373,0,5.070197618,63.46729656,0,0,1.58360503,1.45718278,23.67090292,0,0,1.58360503,0,0,1.58360503,0,1.58360503,0,83
4374,5.338921283,0,62.19630709,0,0.668124393,0,8.558066084,21.84159378,0.303692906,0,0,0.485908649,0,0,0.334062196,0.273323615,0,89
4375,0.691395582,0.553116466,61.38555675,0,3.318698794,6.544059183,3.249559235,21.14633387,0.276558233,0,1.52107028,0.449407128,0,0,0.864244477,0,0,95
4377,0,11.84874694,61.88269327,1.080379018,0.023614842,3.512707737,5.27201346,16.15550373,0,0,0.05608525,0.115122354,0.053133394,0,0,0,0,63.8
4378,0,11.02292509,61.85938099,1.000206532,0.029504617,3.699879031,6.160564128,15.97675036,0,0,0.056058773,0.13572124,0.059009235,0,0,0,0,66.1
4379,0,0,60.21126761,0,9.154929577,2.112676056,0,25,0,0,3.521126761,0,0,0,0,0,0,72
4380,0,0,59.50577919,0,0.797130331,0,0,19.64926265,0,0.478278198,0,0,0,0,0,0,19.56954962,55
4381,0,0,64.1350211,0,0,1.054852321,0,0,21.51898734,8.016877637,5.274261603,0,0,0,0,0,0,47
4382,0,0,65.54621849,0,0,2.31092437,0,0,22.26890756,4.621848739,5.25210084,0,0,0,0,0,0,49
4383,0,0,65.50273454,0,0,2.313840976,0,0,22.17080353,4.627681952,5.258729491,0,0.126209508,0,0,0,0,94
4384,0,0,59.79381443,0,19.58762887,0,0,0,19.58762887,0,0,0,0,0,0,0,1.030927835,52.84
4385,0,0,59.57446809,0,19.14893617,0,0,0,19.14893617,0,0,0,0,0,0,0,2.127659574,56.53
4386,0,0,59.34065934,0,18.68131868,0,0,0,18.68131868,0,0,0,0,0,0,0,3.296703297,60.32
4387,0,0,59.09090909,0,18.18181818,0,0,0,18.18181818,0,0,0,0,0,0,0,4.545454545,62.98
4388,0,0,58.53658537,0,17.07317073,0,0,0,17.07317073,0,0,0,0,0,0,0,7.317073171,73.08
4389,0,0,62.87625418,0,2.675585284,0,4.682274247,24.74916388,0,0,0,0,0,0,0,5.016722408,0,72
4390,0,0,63.43283582,0,0,2.985074627,13.43283582,20.14925373,0,0,0,0,0,0,0,0,0,96
4391,0,0,61.47540984,0,0,9.836065574,11.47540984,17.21311475,0,0,0,0,0,0,0,0,0,105
4392,0,0,62,0,4,3,5.333333333,22.66666667,0,0,2.333333333,0.666666667,0,0,0,0,0,82
4393,0,0,62.08053691,0,4.026845638,3.020134228,4.697986577,22.81879195,0,0,2.348993289,0.67114094,0,0,0.33557047,0,0,83
4394,0,0,61.35406544,0,4.405571753,3.563330094,6.867508908,21.41237447,0,1.230968578,0.485908649,0,0,0,0.680272109,0,0,83.9
4395,0,0,62.08053691,0,4.026845638,2.348993289,4.697986577,22.81879195,0,0,3.020134228,0.67114094,0,0,0.33557047,0,0,83
4396,0,0,61.59444261,0,5.292755541,2.977174992,5.358914985,22.49421105,0,0,1.620906384,0.330797221,0,0,0.330797221,0,0,81
4397,0,0,61.80285344,0,4.6692607,1.134889754,6.874189364,22.17898833,0,0,3.015564202,0,0,0,0.324254215,0,0,81
4398,0,0,61.92509855,0,4.270696452,1.149802891,6.1760841,22.56898817,0,0,3.580814717,0,0,0,0.328515112,0,0,81
4399,0,0,62.25165563,0,3.642384106,1.655629139,5.629139073,23.17880795,0,0,3.311258278,0,0,0,0.331125828,0,0,82
4400,0,0,62.16216216,0,4.054054054,3.040540541,4.054054054,22.97297297,0,0,2.364864865,1.351351351,0,0,0,0,0,81
4401,0,0,60.79094983,0,6.712418915,0,9.031368494,20.1090533,0,0,3.042837893,0,0,0,0.313371565,0,0,80
4402,0,0,58.33333333,0,0,0,3.333333333,21.66666667,0,13.33333333,0,0,0,1.666666667,0,1.666666667,0,61
4403,0,0,57.37704918,0,3.278688525,0,3.278688525,21.31147541,0,13.1147541,0,0,0,0,0,1.639344262,0,62
4404,0,0,57.37704918,0,3.278688525,0,3.278688525,21.31147541,0,13.1147541,0,0,0,0.819672131,0,0.819672131,0,64
4405,0,0,57.2815534,0,3.236245955,0,4.530744337,20.38834951,0,12.94498382,0,0,0,0,0,1.618122977,0,63
4406,0,0,57.70491803,0,3.278688525,0,3.278688525,21.31147541,0,12.45901639,0,0,0,0,0.327868852,1.639344262,0,63
4407,0,0,57.37704918,0,9.836065574,0,3.278688525,21.31147541,0,6.557377049,0,0,0,0,0,1.639344262,0,66
4408,0,0,57.70491803,0,3.278688525,0,3.278688525,21.31147541,0,12.45901639,0.819672131,0,0,0,0.327868852,0.819672131,0,66
4409,0,0,57.37704918,0,3.278688525,0,3.278688525,21.31147541,0,13.1147541,1.639344262,0,0,0,0,0,0,65
4410,0,0,57.53424658,0,6.849315068,1.712328767,2.739726027,20.54794521,0,6.849315068,0.684931507,0,0,1.712328767,0,1.369863014,0,72
4411,0,0,57.63888889,0,6.944444444,1.736111111,1.388888889,20.83333333,0,6.944444444,0,0,0,1.736111111,0.694444444,2.083333333,0,72
4412,0,0,57.28813559,0,7.457627119,1.694915254,2.711864407,20.33898305,0,7.457627119,0,0,0,1.694915254,0.338983051,1.016949153,0,70
4413,0,0,57.34265734,0,6.993006993,1.748251748,1.398601399,20.97902098,0,6.993006993,0.699300699,0,0,3.146853147,0,0.699300699,0,72
4414,0,0,57.14285714,0,7.482993197,1.700680272,2.721088435,20.40816327,0,7.482993197,0.680272109,0,0,1.700680272,0,0.680272109,0,71
4415,0,0,57.74647887,0,6.338028169,1.76056338,1.408450704,21.12676056,0,6.338028169,0,0,0,1.76056338,0,3.521126761,0,69
4416,0,0,57.53424658,0,6.849315068,1.712328767,2.739726027,20.54794521,0,6.849315068,0,0,0,1.712328767,0,2.054794521,0,70
4418,0,0,60.25641026,0,8.974358974,0,6.41025641,21.79487179,0,0,0,0,0,0,0,2.564102564,0,74.4
4419,0,0,60,0,5.714285714,2.857142857,17.14285714,14.28571429,0,0,0,0,0,0,0,0,0,99.1
4420,0,0,61.68831169,0,5.194805195,3.896103896,6.493506494,22.07792208,0,0,0,0,0,0,0.649350649,0,0,82.3
4421,10.25641026,0,58.97435897,0,0,1.923076923,7.692307692,18.58974359,0,0,1.923076923,0,0,0,0.641025641,0,0,95.7
4422,11.72839506,0,58.64197531,0,0,1.851851852,9.259259259,17.90123457,0,0,0,0,0,0,0.617283951,0,0,92.2
4423,10.06289308,0,59.74842767,0,0,0,7.547169811,20.12578616,0,0,1.886792453,0,0,0,0.628930818,0,0,90.9
4424,10.06289308,0,59.74842767,0,0,0,7.547169811,20.12578616,0,0,0,0,0,0,0.628930818,1.886792453,0,87.4
4425,0,1.204093919,60.26490066,0,8.970499699,0.60204696,9.090909091,19.86754967,0,0,0,0,0,0,0,0,0,70.9
4426,0,1.204093919,59.6628537,0,8.368452739,0.60204696,9.090909091,19.26550271,0,1.806140879,0,0,0,0,0,0,0,70.33
4427,0,1.204093919,59.6628537,0,7.76640578,0.60204696,9.090909091,19.26550271,0,2.408187839,0,0,0,0,0,0,0,70
4428,0,1.207729469,59.84299517,0,7.185990338,0.905797101,9.118357488,19.3236715,0,2.415458937,0,0,0,0,0,0,0,69.62
4429,0,1.209043646,59.85068311,0,7.86482892,0.604521823,9.079917785,19.33563052,0,1.692661105,0.362713094,0,0,0,0,0,0,70.1
4430,0,2.491842183,59.98220113,0,7.238208247,0.148323939,9.018095521,18.80747553,0,1.957876001,0.355977455,0,0,0,0,0,0,69.88
4431,0,2.449955184,59.9342695,0,6.871825515,0.507917538,8.425455632,19.18135644,0,2.629220197,0,0,0,0,0,0,0,70.17
4432,0,2.445279418,60.24035307,0,6.208624083,0.506948172,8.600226636,19.37436631,0,2.624202302,0,0,0,0,0,0,0,70.22
4433,0,3.012404017,60.36621382,0,6.202008269,0,8.38747785,19.43295924,0,2.598936799,0,0,0,0,0,0,0,70.04
4434,0,1.393517116,59.34565283,0,8.118751893,0.757346259,8.542865798,19.11541957,0,2.665858831,0.060587701,0,0,0,0,0,0,69.1
4435,0,1.501501502,59.27927928,0,8.888888889,0.12012012,8.528528529,19.21921922,0,2.462462462,0,0,0,0,0,0,0,69.6
4436,0,1.270417423,59.25589837,0,8.408953418,0.604960678,8.590441621,19.14700544,0,2.722323049,0,0,0,0,0,0,0,69.5
4437,0,1.56203064,59.35716431,0,8.471012316,0.39050766,8.711324722,19.04475819,0,2.463202163,0,0,0,0,0,0,0,69.8
4438,0,0,60.52747253,0,9.651491366,0.954474097,6.235478807,22.36734694,0.263736264,0,0,0,0,0,0,0,0,70.0764
4439,0,0,60.52689147,0,9.631550986,0.971905372,6.406450202,22.05693928,0.406262696,0,0,0,0,0,0,0,0,70.3317
4440,0,7.692307692,57.69230769,0,15.38461538,0,0,19.23076923,0,0,0,0,0,0,0,0,0,73
4441,0,20,56.66666667,0,13.33333333,0,0,10,0,0,0,0,0,0,0,0,0,75
4442,0,29.41176471,55.88235294,0,11.76470588,0,0,2.941176471,0,0,0,0,0,0,0,0,0,62
4443,0,0,57.69230769,0,15.38461538,0,7.692307692,19.23076923,0,0,0,0,0,0,0,0,0,67
4444,0,7.142857143,57.14285714,0,14.28571429,0,7.142857143,14.28571429,0,0,0,0,0,0,0,0,0,69
4445,0,13.33333333,56.66666667,0,13.33333333,0,6.666666667,10,0,0,0,0,0,0,0,0,0,64
4446,0,18.75,56.25,0,12.5,0,6.25,6.25,0,0,0,0,0,0,0,0,0,56
4447,0,23.52941176,55.88235294,0,11.76470588,0,5.882352941,2.941176471,0,0,0,0,0,0,0,0,0,50
4448,0,27.77777778,55.55555556,0,11.11111111,0,5.555555556,0,0,0,0,0,0,0,0,0,0,44
4449,0,6.666666667,56.66666667,0,13.33333333,0,13.33333333,10,0,0,0,0,0,0,0,0,0,62
4450,0,12.5,56.25,0,12.5,0,12.5,6.25,0,0,0,0,0,0,0,0,0,51
4451,0,17.64705882,55.88235294,0,11.76470588,0,11.76470588,2.941176471,0,0,0,0,0,0,0,0,0,46
4452,0,22.22222222,55.55555556,0,11.11111111,0,11.11111111,0,0,0,0,0,0,0,0,0,0,44
4453,0,20,55.55555556,0,11.11111111,0,13.33333333,0,0,0,0,0,0,0,0,0,0,55
4454,0,15.29411765,55.88235294,0,11.76470588,0,14.11764706,2.941176471,0,0,0,0,0,0,0,0,0,47
4455,0,0,60.2862192,0,9.293461312,1.455351883,0.346512353,25.08056412,0,0.277209883,3.052773831,0,0.207907412,0,0,0,0,70.8
4456,10.96196868,24.1163311,55.70469799,0,0,0,8.769574944,0.447427293,0,0,0,0,0,0,0,0,0,65
4457,10.73446328,23.61581921,55.93220339,0,0,0,8.587570621,1.129943503,0,0,0,0,0,0,0,0,0,66
4458,10.34482759,22.75862069,56.32183908,0,0,0,8.275862069,2.298850575,0,0,0,0,0,0,0,0,0,65
4459,9.523809524,20.95238095,57.14285714,0,0,0,7.619047619,4.761904762,0,0,0,0,0,0,0,0,0,65
4460,11.21076233,23.76681614,55.60538117,0,0,0,8.968609865,0.448430493,0,0,0,0,0,0,0,0,0,65
4461,11.36363636,22.72727273,55.68181818,0,0,0,9.090909091,1.136363636,0,0,0,0,0,0,0,0,0,67
4462,11.62790698,20.93023256,55.81395349,0,0,0,9.302325581,2.325581395,0,0,0,0,0,0,0,0,0,67.5
4463,12.19512195,17.07317073,56.09756098,0,0,0,9.756097561,4.87804878,0,0,0,0,0,0,0,0,0,69
4464,0,6.657471264,63.39310345,0,3.739463602,0,1.514176245,24.4137931,0,0,0,0,0,0,0.156321839,0.125670498,0,67
4465,0,0,60.35810021,0,8.962815314,1.378101588,1.244071758,24.74740532,0,0.343666231,2.965839577,0,0,0,0,0,0,73
4466,0,0,61.64356172,0,0.053319115,8.317781925,9.984004266,18.30178619,0,0,1.662889896,0.003332445,0.033324447,0,0,0,0,102.7
4467,0.668985818,0.668985818,61.67380252,0,0.033449291,9.339042012,8.335563286,19.17647846,0,0.006689858,0.053518865,0.003344929,0.040139149,0,0,0,0,101.8
4468,0.668806916,0.668806916,61.64727076,0,0.133761383,8.008962815,8.340022238,19.18138234,0,0,1.334269797,0.003340691,0.013376138,0,0,0,0,100
4469,0.657743283,0.657743283,61.49570823,0,0.032887164,6.735291216,9.852994376,18.06820798,0,0.006577433,2.463248594,0.003288716,0.026309731,0,0,0,0,100.9
4470,0.657678395,0.657678395,61.49621835,0,0.03288392,7.55343637,9.852022361,18.06642552,0,0.006576784,1.640907596,0.003288392,0.03288392,0,0,0,0,102.2
4471,0.652592423,0.652592423,61.79723953,0,0.032629621,8.297712664,9.762782654,18.71308774,0,0.006525924,0.048944432,0.003262962,0.032629621,0,0,0,0,101.9
4472,0.787504922,0.787504922,61.45163407,0,0.032812705,9.030056438,9.81756136,17.99448747,0,0.006562541,0.055781599,0.003281271,0.032812705,0,0,0,0,101.8
4473,0.331158724,0.331158724,61.56571845,0,0.033115872,9.567175547,9.908269033,18.17399079,0,0,0.052985396,0.003311587,0.033115872,0,0,0,0,104.3
4474,0.943603938,0.943603938,61.60790111,0,0.031453465,7.215424779,11.92086308,17.25851603,0,0.006290693,0.04403485,0.003145346,0.025162772,0,0,0,0,103.2
4475,0,0,61.62899247,0,0.053344002,9.968660399,9.968660399,18.27698873,0,0,0.060012002,0.003334,0.040008002,0,0,0,0,104.4
4476,1.606866288,1.606866288,61.26419721,0,0.032266391,8.044011358,9.654104285,17.70134228,0,0.006453278,0.048399587,0.003226639,0.032266391,0,0,0,0,100.7
4477,0,1.62009174,61.7586779,0,0.032531963,8.92026416,9.733563226,17.84052832,0,0.006506393,0.05205114,0.003253196,0.032531963,0,0,0,0,101
4478,1.298279779,1.298279779,61.34696527,0,0.032456994,6.806231743,9.724115547,17.83187277,0,0.006491399,1.619604025,0.003245699,0.032456994,0,0,0,0,100
4479,0,0,61.64278574,0,0.053315561,8.320559813,9.983338887,18.3038987,0,0,0,0,0.033322226,1.662779074,0,0,0,100.7
4480,0,0,61.82383686,0,0.051303428,8.311155289,12.14608651,17.58104338,0,0,0.051303428,0.003206464,0.032064642,0,0,0,0,105.2
4481,0,0,61.83542215,0,0.051272356,6.719883099,12.16436635,17.60244056,0,0.001922713,1.599056589,0,0.025636178,0,0,0,0,103.4
4482,0,0,61.9886487,0,0.031014484,6.962751605,13.92550321,17.01764724,0,0.006202897,0.040318829,0.003101448,0.024811587,0,0,0,0,106.2
4483,0,4.732401382,63.09972291,0.074722127,0.056041595,1.737289455,6.74367197,20.56415206,0,0,1.469535166,0,0,1.510009652,0,0.012453688,0,77
4484,0,4.738038166,63.11988295,0.074712823,0.012452137,1.737073125,6.749058307,20.57715655,0,0,1.469352178,0,0,1.509821623,0,0.012452137,0,77
4485,0,0.852795814,63.08750848,0.077526892,0.051684595,2.474399974,8.314759182,21.69460865,0,0,2.041541493,0,0,1.392253771,0,0.012921149,0,85
4486,0,0,59.3220339,0,9.984217388,4.848006588,2.278185686,22.73382282,0,0.47347835,0.360255267,0,0,0,0,0,0,73
4487,0,0,60.36014071,0,8.672634182,2.051478527,0.731426979,24.79885758,0,0.215945108,3.16951691,0,0,0,0,0,0,73
4488,0,0,59.50598323,0,9.937927945,2.662059256,6.674345684,20.83573303,0,0.383950854,0,0,0,0,0,0,0,72
4489,0,0,59.34197887,0,9.956086181,4.833950871,2.271167833,22.76313984,0,0.473445862,0.360230548,0,0,0,0,0,0,73
4490,0,2.624983511,63.12161984,0,0,3.881414061,5.177417227,22.34203931,0,0,2.499670228,0,0,0.352855824,0,0,0,84.9
4491,0,2.750426677,63.16463174,0,0,4.043586714,5.277668373,22.31521596,0,0,1.778915584,0,0,0.669554943,0,0,0,84.8
4492,0,2.640045106,63.09243475,0,0,3.79755232,4.842293788,22.44370004,0,0,2.729594375,0,0,0.454379623,0,0,0,84.3
4493,0,2.765373292,63.20995005,0,0,4.062055506,4.657470808,22.70847805,0,0,1.786245907,0,0,0.810426384,0,0,0,83.4
4494,0,2.73909465,63.12098765,0,0,4.427983539,5.175308642,22.28477366,0,0,1.702057613,0,0,0.549794239,0,0,0,84.9
4495,0,2.056521162,63.29773119,0,0,4.461324134,5.008624121,23.06288974,0,0,1.422979966,0,0,0.68992968,0,0,0,84.9
4496,0,3.043890944,63.11000556,0,0,3.737767159,5.276077636,22.06002684,0,0,2.143815665,0,0,0.628416195,0,0,0,84
4497,0,2.454394693,63.17412935,0,0,4.587064677,4.862354892,22.68988391,0,0,1.701492537,0,0,0.530679934,0,0,0,84.7
4498,0,2.643348241,63.03317536,0,0,4.161938455,4.539082838,22.47513517,0,0,2.553234097,0,0,0.594085842,0,0,0,83.9
4499,0,1.940646882,63.19773258,0,0,4.871623875,4.974991664,22.93764588,0,0,1.387129043,0,0,0.690230077,0,0,0,85.7
4500,0,2.280964256,63.27182045,0,0,4.498753117,4.674979219,23.06566916,0,0,1.599334996,0,0,0.608478803,0,0,0,84.2
4501,0,2.168825604,63.23214345,0,0,4.354131646,5.445136623,22.65730578,0,0,1.493127657,0,0,0.649329246,0,0,0,85.6
4502,0,5.850036223,63.23955566,0,0,1.657208404,7.298961603,19.90461241,0,0,0.301859454,0,0,1.74776624,0,0,0,75.7
4503,0,6.39378548,63.10128473,0,0,1.942037646,7.648640574,19.18135644,0,0,0.298775022,0,0,0.418285031,0,1.015835076,0,75.6
4504,0,5.877061469,63.17841079,0,0,1.259370315,7.796101949,19.52023988,0,0,0.449775112,0,0,1.91904048,0,0,0,75.3
4505,0,6.692330471,63.19218241,0,0,0.621853716,7.69914125,19.18862896,0,0,0.533017471,0,0,2.072845721,0,0,0,72.5
4506,0,5.839855509,63.21493076,0,0,1.324503311,7.525586996,19.74714028,0,0,0.60204696,0,0,1.745936183,0,0,0,75.1
4507,0,6.658739596,63.22829964,0,0,0.862068966,7.431629013,19.41141498,0,0,0.326991677,0,0,2.080856124,0,0,0,72.5
4508,0,5.945945946,63.24324324,0,0,1.411411411,7.507507508,19.75975976,0,0,0.600600601,0,0,1.531531532,0,0,0,75.7
4509,0,0.645994832,63.1621447,0,0,2.42248062,8.397932817,21.78617571,0,0,1.453488372,0,0.032299742,1.453488372,0,0.645994832,0,84
4510,0,6.806930693,63.14975248,0,0,1.547029703,4.95049505,20.38985149,0,0,1.547029703,0,0.061881188,1.547029703,0,0,0,77
4511,0,0,61.83821111,0,3.946070372,2.959552779,6.576783953,22.34462348,0,0,2.301874383,0,0.03288392,0,0,0,0,83
4512,0,0,61.07233928,0,6.039457791,5.368406925,4.69735606,22.30573077,0,0,0,0,0.013421017,0,0.503288149,0,0,82
4513,0,2.878418167,63.19754714,0,0.012514862,2.502972319,8.134660036,20.89356143,0,0,2.064952163,0,0.002502347,0.31287154,0,0,0,84
4514,0,5.839504031,63.20871716,0,0.012040214,1.324423595,7.525134061,19.73993167,0,0,0.602010725,0,0.002407441,1.745831102,0,0,0,75
4515,0,0,63.08532846,0,0.006502342,3.154266553,8.77991721,21.78069832,0,0,1.755983442,0,0.006502342,1.430801323,0,0,0,87
4516,0,0.905211478,63.10616905,0,0.006464503,2.941937305,8.211561268,21.65395172,0,0,1.745764994,0,0.006464503,1.42247518,0,0,0,86
4517,0,0.260145695,63.08532846,0,0.006502342,3.219302977,8.519771515,21.78069832,0,0,1.72346523,0,0.006502342,1.398283111,0,0,0,89
4518,0,0.454221035,63.10427685,0,0.006487574,3.147102882,8.435533499,21.76367643,0,0,2.335993892,0,0.006487574,0.746220271,0,0,0,88
4519,0,0.582109855,63.09423779,0,0.006466594,3.007567583,8.537611204,21.62861505,0,0,1.713990128,0,0.006466594,1.422935201,0,0,0,88
4520,0,0.710778016,63.09770034,0,0.006460326,2.972344429,8.464720003,21.60765167,0,0,1.712328856,0,0.006460326,1.421556031,0,0,0,88
4521,0,0.839196996,63.10115619,0,0.00645407,2.90491268,8.391969964,21.58672889,0,0,1.7106708,0,0.00645407,1.45245634,0,0,0,88
4522,0,1.773162018,63.07390352,0,0.006331455,2.754733849,8.739155658,20.8916482,0,0,1.931480055,0,0.006331455,0.823253794,0,0,0,86
4523,0,1.093177344,63.1149129,0,0.006429169,2.829400184,8.359591453,21.5034414,0,0,1.639766016,0,0.006429169,1.446852367,0,0,0,84
4524,0,12.2443269,63.5533039,0,0.005246986,0,2.332252743,19.821233,0,0.00174919,0.291531593,0,0.001166126,1.749189557,0,0,0,58
4525,0,9.06322514,63.59181679,0,0.004228901,0.906322514,3.323182551,20.9934505,0,0.00241686,1.208430019,0,0.000604215,0.906322514,0,0,0,66
4526,0,11.83035337,63.09437044,0,0.005632375,0.563350161,5.633501607,17.45822148,0,0.001689487,0.845025241,0,0.004505675,0.563350161,0,0,0,62
4527,0,12.80801397,62.94924182,0,0.005571124,0.557112395,5.571123953,16.7105863,0,0.00167078,0.835668593,0,0.003898673,0.557112395,0,0,0,61
4528,0,14.13008975,63.03949165,0,0.004346633,0.271732495,5.434649903,16.29851506,0,0.002716781,0.54346499,0,0.003260246,0.271732495,0,0,0,58
4529,0,14.20699058,62.83997742,0,0.001639268,0.819634072,5.464227146,15.84352661,0,0.000546423,0.546422715,0,0.003824413,0.273211357,0,0,0,59
4530,0,12.95672483,63.09643213,0,0.002816116,0.563335862,4.506686898,17.46059505,0,0.000563336,0.845003793,0,0.004506124,0.563335862,0,0,0,58
4531,0,13.77285291,62.80778911,0,0.00275402,0.550914116,5.509141164,15.9737548,0,0.000550914,0.826371175,0,0.004957676,0.550914116,0,0,0,59
4532,0,13.92649072,62.95052225,0,0.002784741,0.557059629,4.456477031,16.70900357,0,0.00055706,0.835589443,0,0.00445592,0.557059629,0,0,0,57
4533,0,12.81308541,62.95012957,0,0.002784896,1.11418134,5.5709067,16.70714919,0,0.000557091,0.55709067,0,0.005569793,0.278545335,0,0,0,61
4534,0,15.59810406,62.95060444,0,0.002784819,0.557075145,2.785375726,16.70946898,0,0.000557075,0.835612718,0,0.003341894,0.557075145,0,0,0,53
4535,0,13.04546374,63.07226366,0,0.002835403,1.219467262,4.083797343,17.58018037,0,0.000567194,0.708992594,0,0.002835403,0.283597038,0,0,0,59
4536,0,10.72386084,63.18527673,0,0.004636766,0.724585192,4.927179304,18.54648257,0,0.001159336,1.159336307,0,0.002897761,0.724585192,0,0,0,64
4537,0,0,61.67883212,0,0,0.364963504,3.649635036,21.53284672,0,0,0.547445255,0,0,5.291970803,0,6.934306569,0,75.9
4538,0,0,61.74298375,0,0,0.627769572,2.658788774,22.15657312,0,0,1.477104874,0,0,4.320531758,0,7.016248154,0,76.4
4539,0,0.723327306,61.6636528,0,0,0.361663653,3.616636528,21.15732369,0,0,0.361663653,0,0,5.244122966,0,6.871609403,0,77.3
4540,0,0,61.76470588,0,0,0.625,2.941176471,22.05882353,0,0,0.735294118,0,0,4.889705882,0,6.985294118,0,76.5
4541,0,0,61.60877514,0,0,0.621572212,3.65630713,21.38939671,0,0,1.645338208,0,0,4.277879342,0,6.800731261,0,78.5
4542,0,0,61.63682864,0,0,0.621118012,3.653635367,21.44683961,0,0,1.461454147,0,0,4.238217026,0,6.941907198,0,77.8
4543,0,0,61.72656539,0,0,0.629862912,2.44535013,22.23045572,0,0,1.852537977,0,0,4.223786588,0,6.891441275,0,76.7
4544,0,1.090909091,61.63636364,0,0,0.363636364,2.909090909,21.27272727,0,0,0.545454545,0,0,5.272727273,0,6.909090909,0,76.9
4545,0,0,61.81818182,0,0,0.363636364,3.636363636,21.81818182,0,0,0.727272727,0,0,2.545454545,0,9.090909091,0,74.2
4546,0,0,61.58916148,0,0,0.622482607,3.588429147,21.38410839,0,0,1.830831197,0,0,4.027828634,0,6.95715855,0,77.7
4547,0,0,61.88340807,0,0,0.896860987,1.494768311,23.01943199,0,0,0.747384155,0,0,5.979073244,0,5.979073244,0,76.2
4548,0,0,61.78087211,0,0,0.366434591,3.151337486,21.98607549,0,0,1.465738366,0,0,3.920850128,0,7.328691829,0,77.2
4549,0,0,61.78087211,0,0,0.366434591,3.151337486,21.98607549,0,0,1.465738366,0,0,3.187980945,0,8.061561011,0,76.3
4550,0,0,61.78087211,0,0,0.366434591,3.151337486,21.98607549,0,0,1.465738366,0,0,2.821546354,0,8.427995603,0,75.6
4551,0,0,61.57509158,0,0,0.659340659,3.58974359,21.35531136,0,0,1.831501832,0,0,3.663003663,0,7.326007326,0,77.6
4552,0,0,61.58916148,0,0,0.622482607,3.588429147,21.38410839,0,0,1.830831197,0,0,3.478579275,0,7.506407909,0,77.6
4553,0,0,61.58916148,0,0,0.622482607,3.588429147,21.38410839,0,0,2.196997437,0,0,3.112413036,0,7.506407909,0,77.8
4554,0,0,61.57509158,0,0,0,3.58974359,21.35531136,0,0,2.197802198,0,0,3.956043956,0,7.326007326,0,77.5
4555,0,0,61.57509158,0,0,0.366300366,3.58974359,21.35531136,0,0,2.124542125,0,0,3.663003663,0,7.326007326,0,79.1
4556,0,0,61.63130944,0,0,0.292611558,3.584491587,21.47037308,0,0,2.048280907,0,0,3.657644477,0,7.315288954,0,78.5
4557,0,3.389830508,59.3220339,0,10.16949153,0,0,22.03389831,0,0,5.084745763,0,0,0,0,0,0,68.5
4558,3.389830508,3.389830508,59.3220339,0,6.779661017,0,0,22.03389831,0,0,5.084745763,0,0,0,0,0,0,72.5
4559,6.779661017,3.389830508,59.3220339,0,3.389830508,0,0,22.03389831,0,0,5.084745763,0,0,0,0,0,0,75.3
4560,10.16949153,3.389830508,59.3220339,0,0,0,0,22.03389831,0,0,5.084745763,0,0,0,0,0,0,79.5
4561,0,3.389830508,59.3220339,0,6.779661017,0,0,22.03389831,0,3.389830508,5.084745763,0,0,0,0,0,0,67.4
4562,0,3.389830508,59.3220339,0,3.389830508,0,0,22.03389831,0,6.779661017,5.084745763,0,0,0,0,0,0,66.5
4563,0,3.389830508,59.3220339,0,0,0,0,22.03389831,0,10.16949153,5.084745763,0,0,0,0,0,0,66.2
4564,11.45786893,23.8965671,55.41685243,0,0,0,9.228711547,0,0,0,0,0,0,0,0,0,0,64
4565,11.05239982,22.80933509,55.96653457,0,0,0,9.202994276,0,0.96873624,0,0,0,0,0,0,0,0,64
4566,10.29857205,22.02509736,56.72868888,0,0,0,8.827347469,0,2.120294245,0,0,0,0,0,0,0,0,62.5
4567,9.347368421,19.57894737,57.89473684,0,0,0,9.094736842,0,4.084210526,0,0,0,0,0,0,0,0,60
4568,0,6.25,62.5,0,0,0,6.25,18.75,0,0,6.25,0,0,0,0,0,0,80
4569,0,6.25,62.5,0,0,1.5625,6.25,18.75,0,0,4.6875,0,0,0,0,0,0,79
4570,0,6.25,62.5,0,0,3.125,6.25,18.75,0,0,3.125,0,0,0,0,0,0,81
4571,0,6.25,62.5,0,0,0,6.25,18.75,0,0,0,0,0,6.25,0,0,0,79
4572,0,6.25,62.5,0,0,1.5625,6.25,18.75,0,0,0,0,0,4.6875,0,0,0,77
4573,0,6.25,62.5,0,0,3.125,6.25,18.75,0,0,0,0,0,3.125,0,0,0,78
4574,0,6.25,62.5,0,0,0,6.25,18.75,0,0,0,0,0,0,0,6.25,0,75
4575,0,6.25,62.5,0,0,1.5625,6.25,18.75,0,0,0,0,0,0,0,4.6875,0,73
4576,0,6.25,62.5,0,0,3.125,6.25,18.75,0,0,0,0,0,0,0,3.125,0,74
4577,0,6.060606061,60.60606061,0,6.060606061,0,6.060606061,18.18181818,0,0,3.03030303,0,0,0,0,0,0,74
4578,0,6.060606061,60.60606061,0,6.060606061,0,6.060606061,18.18181818,0,0,0,0,0,3.03030303,0,0,0,76
4579,0,6.060606061,60.60606061,0,6.060606061,0,6.060606061,18.18181818,0,0,0,0,0,0,0,3.03030303,0,77
4580,0,0,60.89965398,0,8.30449827,1.038062284,0.692041522,25.60553633,0,0,3.460207612,0,0,0,0,0,0,73.2
4581,0,0,60.89965398,0,5.53633218,1.038062284,0.692041522,25.60553633,0,2.76816609,3.460207612,0,0,0,0,0,0,71.4
4582,0,0,60.839766,0,0,1.39845616,0.69922808,25.52528644,0,8.390736959,3.14652636,0,0,0,0,0,0,64.7
4583,0,0,60.12719697,0,8.227074783,0.94927786,6.96137097,21.8365237,0,1.898555719,0,0,0,0,0,0,0,73.6
4584,0,0,60.1910828,0,5.095541401,1.27388535,5.732484076,22.61146497,0,5.095541401,0,0,0,0,0,0,0,71.1
4585,0,0,60.2529669,0,0,1.26171143,7.570268582,21.45221736,0,9.462835728,0,0,0,0,0,0,0,65.4
4586,0,0,62.28453385,0,0.230282096,5.350672221,7.186155982,20.9658302,0,0.16932507,3.545666971,0.152392563,0.115141048,0,0,0,0,91.6
4587,0,0,62.18721353,0,0.230876311,5.361083761,7.204699012,20.76189183,0,0.169761994,3.816249618,0.152785794,0.115438156,0,0,0,0,91.5
4588,0,0,62.0758959,0,0.231639188,5.695598855,7.201253577,20.54435209,0,0.170322932,3.815233683,0.14988418,0.115819594,0,0,0,0,92.4
4589,0,0,62.0908845,0,0.229916148,5.683662429,7.681904247,20.33067352,0,0.169055991,3.546794698,0.152150392,0.114958074,0,0,0,0,93.8
4590,0,0,62.10723404,0,0.224680851,5.889361702,7.189787234,20.6093617,0,0.170212766,3.543829787,0.149787234,0.115744681,0,0,0,0,93.1
4591,0,0,62.11564626,0,0.231292517,5.163265306,7.224489796,20.60884354,0,0.170068027,4.217687075,0.153061224,0.115646259,0,0,0,0,91.2
4592,0.759459641,0,61.72457826,0,0.268835271,5.756435244,8.04489549,19.78627596,0,0.147859399,3.121849587,0.168022044,0.120975872,0.100813227,0,0,0,93.3
4593,0.758185722,0,61.86929683,0,0.268384326,5.797101449,7.87037037,20.1489533,0,0.147611379,2.690552872,0.18115942,0.120772947,0.147611379,0,0,0,93.1
4594,0.762123154,0,61.83988669,0,0.269778108,5.665340258,7.574020368,20.22661361,0,0.148377959,2.99790922,0.195589128,0.121400148,0.198961354,0,0,0,92.5
4595,0.553754727,0,61.87871421,0.216099406,0.263371151,6.05078336,7.624257158,20.47879525,0,0.148568341,2.360210697,0.10467315,0.121555916,0.19921664,0,0,0,93.3
4596,0.412245725,0,61.98891667,0,0.270325066,5.561938231,7.488004325,20.40616341,0,0.148678786,3.419612084,0.182469419,0.12164628,0,0,0,0,92.4
4597,0,0,62.1979735,0,0.271103731,5.384797858,7.285912772,20.73265783,0,0.149107052,3.646345183,0.169439832,0.121996679,0.04066556,0,0,0,92.3
4598,0,0,62.2112323,0,0.270984351,5.392588578,7.289479033,20.75740126,0,0.149041393,3.536345776,0.169365219,0.121942958,0.101619131,0,0,0,92.9
4599,0,0,62.24672733,0,0.270608531,5.405405405,7.313195548,20.81656124,0,0.148834692,3.247302371,0.169130332,0.121773839,0.260460711,0,0,0,94
4600,0.628293474,0,62.00513444,0,0.270233752,4.695311444,7.26253209,20.67288204,0,0.148628564,4.026482908,0.168896095,0.121605188,0,0,0,0,91.4
4601,0.622673435,0,61.96277496,0,0.263959391,5.350253807,7.235194585,20.59560068,0,0.148900169,3.529610829,0.169204738,0.121827411,0,0,0,0,92.3
4602,0.617116506,0,61.91509562,0,0.264478503,6.04570731,7.208734572,20.51742846,0,0.149193001,3.00081378,0.166146752,0.115285501,0,0,0,0,93.4
4603,0,0,62.07001112,0,0.269532698,5.410868906,7.937737947,20.16441495,0,0.148242984,3.722920387,0.154981301,0.121289714,0,0,0,0,92.7
4604,0,0,62.11077339,0,0.270178994,5.410334347,7.693346842,20.36811888,0,0.148598446,3.721715637,0.155352921,0.121580547,0,0,0,0,92.7
4605,0,0,62.23136561,0,0.26523395,5.406692057,6.991294886,20.95688248,0,0.149619151,3.72007617,0.156420022,0.122415669,0,0,0,0,91.2
4606,0,0,59.06032019,0,7.811203638,2.031158775,9.84543527,18.48631042,0,2.765571705,0,0,0,0,0,0,0,75.8
4607,0,1.274155872,58.91454055,0,7.772350818,2.005278646,9.719989079,17.58335103,0,2.730334011,0,0,0,0,0,0,0,74.2
4608,0,0,59.96001964,0,9.244581609,2.058637862,0.448902294,24.41256926,0,0.217437048,3.62979589,0,0.028056393,0,0,0,0,70
4609,0,4.87804878,66.2601626,0,0.406504065,4.06504065,0,0,19.51219512,0,2.845528455,0,2.032520325,0,0,0,0,75
4610,0,0,64.81481481,0,11.11111111,0,0,1.851851852,22.22222222,0,0,0,0,0,0,0,0,42
4611,0,0,64.70315399,0,10.85343228,0,0.927643785,1.80890538,21.70686456,0,0,0,0,0,0,0,0,45
4612,0,0,60.28514658,0,9.307351762,2.042737128,0.404364346,25.02178687,0,0,2.938613309,0,0,0,0,0,0,82.1
4613,0,1.098901099,64.83516484,0,4.395604396,0,0,0,20.87912088,0,4.395604396,0,0,4.395604396,0,0,0,31
4615,0,2.95168844,63.09465122,0,0,0,9.237121025,20.09489771,0,0,4.621641607,0,0,0,0,0,0,80.9
4616,0,5.740968003,62.68969439,0,0,0,9.015534736,18.00113742,0,0,4.552665449,0,0,0,0,0,0,77.8
4617,0,8.315136693,62.34314496,0,0,0,8.769324832,16.14405916,0,0,4.428334352,0,0,0,0,0,0,75.1
4618,0,10.76103587,62.02187341,0,0,0,8.528361761,14.399048,0,0,4.289680966,0,0,0,0,0,0,71.6
4619,0,12.98378408,61.72546203,0,0,0,8.315146827,12.8014586,0,0,4.174148457,0,0,0,0,0,0,69.9
4621,0,13.33487405,56.50855096,0,15.8712734,0,0,14.28530159,0,0,0,0,0,0,0,0,0,68
4622,4.484888017,2.77124228,62.46436826,0,1.091530123,0.008483395,7.91217949,18.99997641,2.250927403,0.002265632,0.014138991,0,0,0,0,0,0,70.88
4623,4.473728861,2.833550139,62.43425146,0,1.119846163,0.008483683,7.952038912,18.98082688,2.194446015,0,0.002827894,0,0,0,0,0,0,71.15
4624,0,0,61.15062762,0,7.942817294,1.021617852,0,26.26220363,0,0,3.60181311,0,0.020920502,0,0,0,0,72.4
4625,0,0,60.93711982,0,8.286697487,1.004553512,0.298932879,25.85769405,0,0,3.594146477,0,0.020855782,0,0,0,0,72.6
4626,0,0,60.50324451,0,8.891343366,1.028579318,1.049288969,24.9171614,0,0,3.589672788,0,0.020709651,0,0,0,0,73.3
4627,0,0,60.03572533,0,9.755762427,0.985881626,1.449623854,24.21421456,0,0,3.538181443,0,0.020610766,0,0,0,0,73.3
4628,0,0,59.68507702,0,10.35625235,0.949550842,1.94008949,23.56798852,0,0,3.48054787,0,0.020493903,0,0,0,0,73.4
4629,0,0,59.17457725,0,11.16668368,0.996903814,2.415705488,22.71443639,0,0,3.511278963,0,0.020414413,0,0,0,0,73.5
4630,0,0,60.62482891,0,9.245825349,0.342184506,1.040240898,25.34218451,0,0,3.384204763,0,0.02053107,0,0,0,0,72.5
4631,0,0,60.52188263,0,9.15185478,0.646336852,1.017636745,25.09712243,0,0,3.537662873,0,0.027503696,0,0,0,0,72.5
4632,0,0,60.18970471,0,9.312147333,1.325855921,1.052376502,24.49890954,0,0,3.6002354,0,0.020770589,0,0,0,0,73.6
4633,0,0,59.96875542,0,9.553896893,1.673320604,1.048429092,24.17635827,0,0,3.551466759,0,0.027772956,0,0,0,0,74
4634,0,0,59.96236672,0,9.296815109,2.021046763,1.073245522,24.02606453,0,0,3.599553976,0,0.02090738,0,0,0,0,74
4635,0,0,59.84254724,0,9.300209937,2.365290413,1.014695591,23.81385584,0,0,3.635409377,0,0.027991603,0,0,0,0,75.7
4636,0,0,60.57761485,0,9.304875124,0.969543321,1.020932543,25.29377505,0,0,2.826407208,0,0.006851896,0,0,0,0,72
4637,0,0,60.58772985,0,9.004983674,0.989860801,1.058601134,25.13833992,0,0,3.199862519,0,0.0206221,0,0,0,0,72.7
4638,0,0,60.30343968,0,9.047767501,1.025321279,1.046104818,24.59731892,0,0,3.959264263,0,0.020783539,0,0,0,0,74
4639,0,0,60.16952096,0,9.136068364,0.996977802,1.035189495,24.37905999,0,0,4.26234064,0,0.020842742,0,0,0,0,73.8
4640,0,0,59.98814877,0,9.230018474,1.000383422,1.059639583,24.05103001,0,0,4.649865802,0,0.020913939,0,0,0,0,74.9
4641,0,0,59.8537848,0,9.255631734,1.003917728,1.035399468,23.80019589,0,0,5.016090667,0,0.034979712,0,0,0,0,75.6
4642,0,0,60.34333874,0,9.346827398,3.802977445,0.870436254,24.91451073,0,0,0.70118476,0,0.020724673,0,0,0,0,70.7
4643,0,9.638554217,59.03614458,0,12.04819277,0,0,19.27710843,0,0,0,0,0,0,0,0,0,71.9
4644,0,0,59.46767331,0,9.987523593,2.677628843,6.705268883,20.77161777,0,0.390287597,0,0,0,0,0,0,0,72
4645,0,0,60.20545315,0,8.998975934,2.508960573,6.50281618,21.70058884,0,0.083205325,0,0,0,0,0,0,0,72
4646,1.13960114,0,62.39316239,0,0,6.552706553,13.10541311,12.82051282,3.988603989,0,0,0,0,0,0,0,0,96
4647,0,0,60.25641026,0,8.974358974,0,6.41025641,21.79487179,0,0,0,0,0,2.564102564,0,0,0,74.4
4648,0,0,60.29411765,0,5.882352941,2.941176471,14.70588235,14.70588235,0,0,0,0,0,0,1.470588235,0,0,101
4649,5.970149254,0,61.19402985,0,0,1.492537313,11.94029851,17.91044776,0,0,0,0,0,0,1.492537313,0,0,100.3
4650,9.937888199,1.242236025,59.62732919,0,0,1.863354037,7.453416149,19.25465839,0,0,0,0,0,0,0.621118012,0,0,89
4651,11.04294479,1.226993865,58.89570552,0,0,1.840490798,8.588957055,17.79141104,0,0,0,0,0,0,0.613496933,0,0,90.8
4652,9.523809524,0,60.71428571,0,0,1.19047619,7.142857143,18.45238095,2.380952381,0,0,0,0,0,0.595238095,0,0,83.4
4653,5.421686747,0,60.24096386,0,2.409638554,0,9.638554217,20.18072289,0,1.807228916,0,0,0,0,0.301204819,0,0,81.3
4654,4.938271605,0,59.87654321,0,3.703703704,1.234567901,8.641975309,20.0617284,0,1.234567901,0,0,0,0,0.308641975,0,0,83.6
4655,0,0,62.35412266,0.010388891,0.034629636,4.269834124,5.887038127,21.61928178,0,0.034629636,5.561519548,0.152370399,0.076185199,0,0,0,0,88.7
4656,0,0,62.44658856,0.010337698,0.034458994,4.117849759,6.037215713,21.72294969,0,0.034458994,5.358373535,0.155065472,0.082701585,0,0,0,0,88.1
4657,0,0,62.29558991,0.010328089,0.048197748,4.279271525,6.389644369,21.25176438,0,0.041312356,5.446345578,0.161806727,0.075739319,0,0,0,0,88.5
4658,0,0,62.37102694,0.010387092,0.034623641,4.27948203,5.865244789,21.66401219,0,0.034623641,5.512083651,0.15234402,0.07617201,0,0,0,0,88.4
4659,0,0,62.28222392,0.010411605,0.034705352,4.237523426,5.879086555,21.47914208,0,0.034705352,5.813146387,0.152703547,0.076351773,0,0,0,0,88.4
4660,0,0,62.31044175,0.010410522,0.034701739,4.344657667,5.829892078,21.56366034,0,0.034701739,5.645972863,0.149217476,0.076343825,0,0,0,0,88.4
4661,0,0,62.3059559,0.010418475,0.034728251,4.36186838,5.785726689,21.57666262,0,0.034728251,5.664177809,0.149331481,0.076402153,0,0,0,0,88.7
4662,0,0,66.66666667,0,0,0,0,18.33333333,0,0,0,0,0,0,15,0,0,106
4663,0,0,66.66666667,0,0,0,0,15,0,0,0,0,0,0,18.33333333,0,0,126.4
4664,0,0,66.66666667,0,0,0,0,11.66666667,0,0,0,0,0,0,21.66666667,0,0,143.9
4665,0,0,62.26507951,0,0,6.228661069,13.95220079,16.36676817,0,0,0,0,0,0,1.187290456,0,0,81
4666,0,7.142857143,60.71428571,0,0,0,0,16.07142857,0,0,0,0,0,14.28571429,1.785714286,0,0,67.09
4667,0,7.142857143,60.71428571,0,0,0,0,16.07142857,0,0,0,0,0,10.71428571,1.785714286,3.571428571,0,66.1
4668,0,7.142857143,60.71428571,0,0,0,0,16.07142857,0,0,0,0,0,7.142857143,1.785714286,7.142857143,0,64.15
4669,0,7.142857143,60.71428571,0,0,0,0,16.07142857,0,0,0,0,0,3.571428571,1.785714286,10.71428571,0,65.4
4670,0,7.142857143,60.71428571,0,0,0,0,16.07142857,0,0,0,0,0,0,1.785714286,14.28571429,0,64.63
4671,0,12.807265,62.94862414,0,0.002784842,1.114159634,5.570798172,16.70960912,0,0.005569684,0.557079817,0,0.005569684,0.278539909,0,0,0,61
4672,0,15.59353255,62.94878837,0,0.002784997,0.557110845,2.785554225,16.7105398,0,0.005569994,0.835666267,0,0.003342108,0.557110845,0,0,0,53
4673,0,13.04557495,63.06968119,0,0.002835427,1.219477658,4.083832158,17.57749425,0,0.005670855,0.708998639,0,0.002835427,0.283599455,0,0,0,59
4674,0,0.924839533,61.89177997,0,0.407205466,1.335495893,5.604251501,20.73296984,0,0.172544689,8.810131824,0.031058044,0.089723238,0,0,0,0,89.6
4675,0,1.904172682,61.95091771,0,0.027497078,1.110194542,5.320684677,20.25159827,0,0.041245618,9.290575376,0.041245618,0.061868426,0,0,0,0,89.7
4676,0,1.286796499,61.86654675,0,0.449686949,1.380193019,5.202532083,20.64063095,0,0.055346086,8.962606801,0.055346086,0.08993739,0.010377391,0,0,0,89.8
4677,0,1.713603004,61.88086704,0,0.238948626,1.164021164,5.721112818,20.15702338,0,0.232121522,8.731865506,0.092165899,0.061443932,0,0,0.006827104,0,89.2
4678,0,0.740004796,62.24262565,0,0.287779643,0.692041522,5.508924595,21.54236185,0,0.383706191,8.410702662,0.116482236,0.075370859,0,0,0,0,87.6
4679,0,2.554830861,61.84312798,0,0.054070494,1.000304147,5.488155182,19.83035382,0,0.547463756,8.505964651,0.094623365,0.081105742,0,0,0,0,89.9
4680,5.317660229,2.6868178,60.00559754,0,0,2.658830115,16.00895606,13.32213826,0,0,0,0,0,0,0,0,0,97
4681,5.178522758,0,61.05205778,0,0,2.589261379,15.59007904,12.97356228,2.616516762,0,0,0,0,0,0,0,0,96
4682,0,0,57.89473684,0,0,0,31.57894737,0,0,0,10.52631579,0,0,0,0,0,0,133
4683,0,0,56.25,0,0,0,25,0,0,0,18.75,0,0,0,0,0,0,112
4686,0,0,52.72727273,0,21.81818182,0,0,16.36363636,0,0,9.090909091,0,0,0,0,0,0,65
4687,0,0,53.40501792,0,20.78853047,0,0,16.12903226,0.716845878,0,8.960573477,0,0,0,0,0,0,85
4688,0,0,54.70383275,0,18.81533101,0,0,15.67944251,2.090592334,0,8.710801394,0,0,0,0,0,0,80
4690,0,7.854984894,63.59516616,0,3.021148036,0,1.510574018,24.01812689,0,0,0,0,0,0,0,0,0,61.49
4691,0,0,63.04347826,0,10.86956522,0,0,2.173913043,19.56521739,0,4.347826087,0,0,0,0,0,0,46.63
4692,0,4.545454545,61.36363636,0,11.36363636,0,0,2.272727273,15.90909091,0,4.545454545,0,0,0,0,0,0,51.62
4693,0,9.523809524,59.52380952,0,11.9047619,0,0,2.380952381,11.9047619,0,4.761904762,0,0,0,0,0,0,64.85
4694,0,12.19512195,58.53658537,0,12.19512195,0,0,2.43902439,9.756097561,0,4.87804878,0,0,0,0,0,0,80.82
4695,0,13.77285302,62.80778935,0,0.002753469,0.550914121,5.509141209,15.97375494,0,0.000550914,0.826371181,0,0.004957676,0.550914121,0,0,0,59
4696,0,12.81201433,62.95043979,0,0.002785221,1.114088202,5.570441012,16.70853781,0,0.000557044,0.557044101,0,0.005570441,0.278522051,0,0,0,61
4697,4.173750891,10.705863,61.62452696,0,0,0,7.025722591,16.47013657,0,0,0,0,0,0,0,0,0,66.1
4698,0,12.03517724,61.39460398,0,4.353726725,0,6.536018674,15.68047337,0,0,0,0,0,0,0,0,0,51.6
4699,0,11.53072869,61.97902516,0,0,0,6.960821605,16.31799163,0,3.211432919,0,0,0,0,0,0,0,51
4700,0,11.45830355,62.33168473,0,0,0,6.701163555,15.5836359,0,0,3.92521227,0,0,0,0,0,0,73
4701,0,11.90144647,62.32913695,0,0,0,6.604336582,15.40538236,0,0,0,0,0,3.759697633,0,0,0,67.2
4702,0,13.74752517,62.13992917,0,0,0,6.201723321,14.3052341,0,0,0,0,0,0,0,3.605588243,0,58.7
4703,0,9.46402704,58.76991791,0,12.63882183,0,0,19.12723322,0,0,0,0,0,0,0,0,0,75
4704,0,10.29244662,61.01907781,0,7.864362179,0,0,20.82411339,0,0,0,0,0,0,0,0,0,77
4705,0,10.9263658,62.68111639,0,4.328978622,0,0,22.06353919,0,0,0,0,0,0,0,0,0,70
4706,0,0,65.90909091,0,0,11.36363636,2.272727273,0,20.45454545,0,0,0,0,0,0,0,0,56.02571429
4707,0,0,66.15214994,0,0,0,3.087100331,0,20.50716648,0,10.25358324,0,0,0,0,0,0,49.37375
4708,0,0,65.90909091,0,0,0,2.272727273,0,20.45454545,0,11.36363636,0,0,0,0,0,0,41.31166667
4712,0,0,66.66666667,0,0,9.941520468,0,3.50877193,19.88304094,0,0,0,0,0,0,0,0,86.92
4713,0,0,66.66666667,0,0,0,0,3.50877193,19.88304094,0,9.941520468,0,0,0,0,0,0,86.92
4714,23.33333333,0,55,0,0,0,0,21.66666667,0,0,0,0,0,0,0,0,0,85.53
4715,21.33333333,0,56,0,0,0,0,22.66666667,0,0,0,0,0,0,0,0,0,84.835
4716,20,0,56.66666667,0,0,0,0,23.33333333,0,0,0,0,0,0,0,0,0,84.14
4717,16.66666667,0,58.33333333,0,0,0,0,25,0,0,0,0,0,0,0,0,0,84.14
4718,13.33333333,0,60,0,0,0,0,26.66666667,0,0,0,0,0,0,0,0,0,82.75
4719,10,0,61.66666667,0,0,0,0,28.33333333,0,0,0,0,0,0,0,0,0,82.055
4720,6.666666667,0,63.33333333,0,0,0,0,30,0,0,0,0,0,0,0,0,0,142.82
4721,0,0,53.33333333,0,26.66666667,0,0,20,0,0,0,0,0,0,0,0,0,86.595
4722,0,0,55,0,23.33333333,0,0,21.66666667,0,0,0,0,0,0,0,0,0,120
4723,0,0,56.66666667,0,20,0,0,23.33333333,0,0,0,0,0,0,0,0,0,120
4724,0,0,58.33333333,0,16.66666667,0,0,25,0,0,0,0,0,0,0,0,0,69.92595745
4725,0,0,60,0,13.33333333,0,0,26.66666667,0,0,0,0,0,0,0,0,0,123
4726,0,0,61.66666667,0,10,0,0,28.33333333,0,0,0,0,0,0,0,0,0,76.25
4727,0,0,63.33333333,0,6.666666667,0,0,30,0,0,0,0,0,0,0,0,0,67.5
4728,0,0,58.33333333,0,0,0,0,25,0,16.66666667,0,0,0,0,0,0,0,111.95
4729,0,0,60,0,0,0,0,26.66666667,0,13.33333333,0,0,0,0,0,0,0,109.5
4730,0,0,61.66666667,0,0,0,0,28.33333333,0,10,0,0,0,0,0,0,0,105.95
4731,0,0,58.33333333,0,0,0,0,16.66666667,0,0,0,0,0,0,0,0,25,106.9
4732,0,0,60,0,0,0,0,20,0,0,0,0,0,0,0,0,20,102.6
4733,0,38.7755102,60.20408163,0,0,0,0,1.020408163,0,0,0,0,0,0,0,0,0,79.764
4734,0,37.5,60.41666667,0,0,0,0,2.083333333,0,0,0,0,0,0,0,0,0,95
4735,0,36.17021277,60.63829787,0,0,0,0,3.191489362,0,0,0,0,0,0,0,0,0,78.69
4736,0,34.7826087,60.86956522,0,0,0,0,4.347826087,0,0,0,0,0,0,0,0,0,79.86666667
4737,0,33.33333333,61.11111111,0,0,0,0,5.555555556,0,0,0,0,0,0,0,0,0,71.73333333
4738,0,31.81818182,61.36363636,0,0,0,0,6.818181818,0,0,0,0,0,0,0,0,0,79.60333333
4739,0,30.23255814,61.62790698,0,0,0,0,8.139534884,0,0,0,0,0,0,0,0,0,60.4475
4740,0,28.57142857,61.9047619,0,0,0,0,9.523809524,0,0,0,0,0,0,0,0,0,140.5
4741,22.2,0,55.56666667,0,0,0,0,22.23333333,0,0,0,0,0,0,0,0,0,112.5
4742,0,36.17021277,57.44680851,0,6.382978723,0,0,0,0,0,0,0,0,0,0,0,0,133.8333333
4743,0,40,60,0,0,0,0,0,0,0,0,0,0,0,0,0,0,69.582
4744,0,38.7755102,59.18367347,0,2.040816327,0,0,0,0,0,0,0,0,0,0,0,0,104.6
4745,0,37.5,58.33333333,0,4.166666667,0,0,0,0,0,0,0,0,0,0,0,0,82.11
4746,0,34.7826087,56.52173913,0,8.695652174,0,0,0,0,0,0,0,0,0,0,0,0,93.535
4747,0,33.33333333,55.55555556,0,11.11111111,0,0,0,0,0,0,0,0,0,0,0,0,84.24
4748,0,0,58.92291447,0,11.75642379,0,0,23.72404083,0,0,0,0,0,0,0,0,5.596620908,141.5
4749,0,0,60.28368794,0,8.510638298,0,0,24.82269504,0,0,0,0,0,0,0,0,6.382978723,60.55625
4750,0,0,60.28368794,0,8.510638298,0,0,24.82269504,0,0,0,0,0,0,0,6.382978723,0,87.25
4751,0,0,60.28368794,0,8.510638298,0,0,24.82269504,0,0,0,0,0,6.382978723,0,0,0,85.215
4753,0,0,61.40350877,0,7.01754386,0,0,26.31578947,0,0,5.263157895,0,0,0,0,0,0,78
4754,0,0,62.06896552,0,6.896551724,0,0,27.5862069,0,0,3.448275862,0,0,0,0,0,0,77.65
4755,0,0,60.28368794,0,0,0,0,24.82269504,0,8.510638298,0,0,0,0,0,6.382978723,0,70.335
4756,0,0,60.28368794,0,0,0,0,24.82269504,0,8.510638298,6.382978723,0,0,0,0,0,0,47.35
4757,0,0,60.28368794,0,0,6.382978723,0,24.82269504,0,8.510638298,0,0,0,0,0,0,0,77.045
4758,0,0,56.60377358,0,0,0,0,22.29845626,0,18.18181818,0,0,0,2.915951973,0,0,0,60.01333333
4760,0,0,58.25938567,0,0,0,0,24.12969283,0,15.221843,0,0,0,2.389078498,0,0,0,61.02666667
4761,0,0,58.05114029,0,0,0,0,23.49689012,0,14.78921907,0,0,0,3.662750518,0,0,0,70.707
4762,0,0,55.66520468,0,0,0,0,19.11549708,0,15.57017544,0,0,0,9.649122807,0,0,0,50.835
4763,0,0,57.80812325,0,0,0,0,22.79411765,0,14.3557423,0,0,0,5.042016807,0,0,0,39.25
4764,0,0,57.54348598,0,0,0,0,22.04472843,0,13.91551296,0,0,0,6.49627263,0,0,0,75.315
4765,0,0,57.27665706,0,0,0,0,21.25360231,0,13.40057637,0,0,0,8.069164265,0,0,0,73
4766,0,0,59.91847826,0,0,0,0,25.95108696,0,12.22826087,0,0,0,1.902173913,0,0,0,73.33333333
4767,0,0,56.98610095,0,0,0,0,20.40965618,0,12.87490856,0,0,0,9.729334309,0,0,0,127.5
4768,0,0,56.74074074,0,0,0,0,19.7037037,0,12.44444444,0,0,0,11.11111111,0,0,0,65.5
4769,0,0,59.47258848,0,0,0,0,24.77446218,0,11.65857044,0,0,0,4.094378904,0,0,0,71.95
4770,0,0,58.94063278,0,0,0,0,23.39139708,0,11.02026306,0,0,0,6.647707074,0,0,0,52.41571429
4771,0,0,61.17129316,0,0,0,0,27.31888964,0,9.952606635,0,0,0,1.557210562,0,0,0,78.41333333
4774,0,0,60.92943201,0,0,0,0,26.5060241,0,9.294320138,0,0,0,3.270223752,0,0,0,62.1175
4775,0,0,58,0,0,0,0,20.96296296,0,9.925925926,0,0,0,11.11111111,0,0,0,106.9333333
4776,0,0,60.44959607,0,0,0,0,25.32490341,0,8.85142255,0,0,0,5.374077977,0,0,0,64.84666667
4777,0,0,59.37728938,0,0,0,0,22.74725275,0,7.985347985,0,0,0,9.89010989,0,0,0,106.35
4778,0,0,62.13260424,0,0,0,0,27.95625427,0,7.382091593,0,0,0,2.529049897,0,0,0,72
4779,0,0,60.93138998,0,0,0,0,25.38215428,0,7.038748667,0,0,0,6.647707074,0,0,0,81.175
4780,0,0,63.01463083,0,0,0,0,28.98945219,0,5.920381082,0,0,0,2.075535897,0,0,0,64.8
4781,0,0,62.35129461,0,0,0,0,27.36179146,0,5.318404479,0,0,0,4.968509447,0,0,0,69.64333333
4782,0,0,63.64263539,0,0,0,0,29.14798206,0,3.72542256,0,0,0,3.483959986,0,0,0,67.6
4783,0,0,60.71428571,0,0,0,7.142857143,17.85714286,0,0,0,0,0,14.28571429,0,0,0,87.1
4784,0,0,62.5,0,0,0,12.5,18.75,0,0,6.25,0,0,0,0,0,0,79.263
4785,0,0,61.97183099,0,0,0,5.633802817,21.12676056,0,0,11.26760563,0,0,0,0,0,0,57.1
4786,0,0,61.29032258,0,0,9.677419355,12.90322581,16.12903226,0,0,0,0,0,0,0,0,0,75.8
4787,0,0,60,0,0,0,0,20,0,0,10,0,0,0,0,10,0,59.3125
4788,0,0,60.83333333,0,11.66666667,0,0,19.16666667,0,0,0,8.333333333,0,0,0,0,0,81.0515
4789,0,0,59.16666667,0,15,0,0,17.5,0,0,0,8.333333333,0,0,0,0,0,73.3
4791,0,0,60.83333333,0,11.66666667,0,0,20.83333333,0,0,0,6.666666667,0,0,0,0,0,125
4792,0,0,58.33333333,0,16.66666667,0,0,18.33333333,0,0,0,6.666666667,0,0,0,0,0,75.44
4793,0,0,56.66666667,0,20,0,0,16.66666667,0,0,0,6.666666667,0,0,0,0,0,107
4794,0,14.28571429,57.14285714,0,0,0,0,14.28571429,0,14.28571429,0,0,0,0,0,0,0,48.06333333
4795,0,15.99932799,59.99887999,0,0,0,0,15.99932799,0,8.00246402,0,0,0,0,0,0,0,75.1
4796,0,21.05263158,57.89473684,0,0,0,0,10.52631579,0,10.52631579,0,0,0,0,0,0,0,43.90666667
4797,0,0,58.82352941,0,11.76470588,0,11.76470588,17.64705882,0,0,0,0,0,0,0,0,0,74.85
4798,0,0,55.69620253,0,20.25316456,0,5.063291139,18.98734177,0,0,0,0,0,0,0,0,0,78.805
4799,0,0,58.62068966,0,11.49425287,0,13.79310345,16.09195402,0,0,0,0,0,0,0,0,0,111.8666667
4800,0,0,59.375,0,12.5,0,6.25,21.875,0,0,0,0,0,0,0,0,0,128
4801,0,0,56.94444444,0,13.88888889,0,16.66666667,12.5,0,0,0,0,0,0,0,0,0,78.5
4802,0,0,57.14285714,0,14.28571429,0,14.28571429,14.28571429,0,0,0,0,0,0,0,0,0,57.99071429
4803,0,0,57.35294118,0,14.70588235,0,11.76470588,16.17647059,0,0,0,0,0,0,0,0,0,54.27833333
4804,0,0,57.57575758,0,15.15151515,0,9.090909091,18.18181818,0,0,0,0,0,0,0,0,0,82.8
4805,0,0,57.8125,0,15.625,0,6.25,20.3125,0,0,0,0,0,0,0,0,0,71.97666667
4806,0,0,58.06451613,0,16.12903226,0,3.225806452,22.58064516,0,0,0,0,0,0,0,0,0,46.315
4807,0,0,61.29032258,0,9.677419355,0,3.225806452,25.80645161,0,0,0,0,0,0,0,0,0,61.2
4808,0,30.23255814,54.65116279,0,13.95348837,0,0,1.162790698,0,0,0,0,0,0,0,0,0,60.87428571
4809,0,28.57142857,54.76190476,0,14.28571429,0,0,2.380952381,0,0,0,0,0,0,0,0,0,80.18666667
4810,0,26.82926829,54.87804878,0,14.63414634,0,0,3.658536585,0,0,0,0,0,0,0,0,0,52.90428571
4811,0,25,55,0,15,0,0,5,0,0,0,0,0,0,0,0,0,74.8
4812,0,23.07692308,55.12820513,0,15.38461538,0,0,6.41025641,0,0,0,0,0,0,0,0,0,84.35
4813,0,18.91891892,55.40540541,0,16.21621622,0,0,9.459459459,0,0,0,0,0,0,0,0,0,88.16666667
4814,0,16.66666667,55.55555556,0,16.66666667,0,0,11.11111111,0,0,0,0,0,0,0,0,0,59.83375
4815,0,14.28571429,55.71428571,0,17.14285714,0,0,12.85714286,0,0,0,0,0,0,0,0,0,60.67666667
4816,0,11.76470588,55.88235294,0,17.64705882,0,0,14.70588235,0,0,0,0,0,0,0,0,0,66.05
4817,0,9.090909091,56.06060606,0,18.18181818,0,0,16.66666667,0,0,0,0,0,0,0,0,0,78
4818,0,6.25,56.25,0,18.75,0,0,18.75,0,0,0,0,0,0,0,0,0,78
4819,0,3.225806452,56.4516129,0,19.35483871,0,0,20.96774194,0,0,0,0,0,0,0,0,0,80
4820,0,31.81818182,55.68181818,0,11.36363636,0,0,1.136363636,0,0,0,0,0,0,0,0,0,81
4821,0,30.23255814,55.81395349,0,11.62790698,0,0,2.325581395,0,0,0,0,0,0,0,0,0,76
4822,0,28.57142857,55.95238095,0,11.9047619,0,0,3.571428571,0,0,0,0,0,0,0,0,0,95.9
4823,0,25,56.25,0,12.5,0,0,6.25,0,0,0,0,0,0,0,0,0,51.85
4824,0,31.81818182,56.81818182,0,9.090909091,0,0,2.272727273,0,0,0,0,0,0,0,0,0,57.13
4825,0,28.57142857,57.14285714,0,9.523809524,0,0,4.761904762,0,0,0,0,0,0,0,0,0,69.55
4826,0,25,57.5,0,10,0,0,7.5,0,0,0,0,0,0,0,0,0,56.11333333
4827,0,21.05263158,57.89473684,0,10.52631579,0,0,10.52631579,0,0,0,0,0,0,0,0,0,83.9
4828,0,16.66666667,58.33333333,0,11.11111111,0,0,13.88888889,0,0,0,0,0,0,0,0,0,64.20333333
4829,0,11.76470588,58.82352941,0,11.76470588,0,0,17.64705882,0,0,0,0,0,0,0,0,0,64.71
4830,0,9.090909091,59.09090909,0,12.12121212,0,0,19.6969697,0,0,0,0,0,0,0,0,0,85.53333333
4831,0,6.25,59.375,0,12.5,0,0,21.875,0,0,0,0,0,0,0,0,0,71.87
4832,0,3.225806452,59.67741935,0,12.90322581,0,0,24.19354839,0,0,0,0,0,0,0,0,0,76.075
4833,0,36.17021277,58.5106383,0,4.255319149,0,0,1.063829787,0,0,0,0,0,0,0,0,0,132.5
4834,0,34.7826087,58.69565217,0,4.347826087,0,0,2.173913043,0,0,0,0,0,0,0,0,0,175.5
4835,0,33.33333333,58.88888889,0,4.444444444,0,0,3.333333333,0,0,0,0,0,0,0,0,0,69.5
4836,0,31.81818182,59.09090909,0,4.545454545,0,0,4.545454545,0,0,0,0,0,0,0,0,0,74.5
4837,0,30.23255814,59.30232558,0,4.651162791,0,0,5.813953488,0,0,0,0,0,0,0,0,0,77.5
4838,0,28.57142857,59.52380952,0,4.761904762,0,0,7.142857143,0,0,0,0,0,0,0,0,0,76.5
4839,0,26.82926829,59.75609756,0,4.87804878,0,0,8.536585366,0,0,0,0,0,0,0,0,0,75.5
4840,0,25,60,0,5,0,0,10,0,0,0,0,0,0,0,0,0,76.5
4841,0,23.07692308,60.25641026,0,5.128205128,0,0,11.53846154,0,0,0,0,0,0,0,0,0,74.5
4842,0,21.05263158,60.52631579,0,5.263157895,0,0,13.15789474,0,0,0,0,0,0,0,0,0,84.5
4843,0,18.91891892,60.81081081,0,5.405405405,0,0,14.86486486,0,0,0,0,0,0,0,0,0,102.5
4844,0,16.66666667,61.11111111,0,5.555555556,0,0,16.66666667,0,0,0,0,0,0,0,0,0,59.18153846
4845,0,14.28571429,61.42857143,0,5.714285714,0,0,18.57142857,0,0,0,0,0,0,0,0,0,81.4
4846,0,11.76470588,61.76470588,0,5.882352941,0,0,20.58823529,0,0,0,0,0,0,0,0,0,76.6
4847,0,9.090909091,62.12121212,0,6.060606061,0,0,22.72727273,0,0,0,0,0,0,0,0,0,43.19
4848,0,6.25,62.5,0,6.25,0,0,25,0,0,0,0,0,0,0,0,0,73.05
4849,0,14.28571429,57.14285714,0,14.28571429,0,0,14.28571429,0,0,0,0,0,0,0,0,0,76.65
4850,0,23.25581395,60.46511628,0,4.651162791,0,0,11.62790698,0,0,0,0,0,0,0,0,0,76.65
4851,9.74025974,0,61.36363636,0,0,0,2.597402597,26.2987013,0,0,0,0,0,0,0,0,0,67.65
4852,9.259259259,0,60.80246914,0,0,0,7.407407407,22.5308642,0,0,0,0,0,0,0,0,0,72.7
4853,7.602339181,0,60.81871345,0,0,0,12.28070175,19.29824561,0,0,0,0,0,0,0,0,0,107.6666667
4854,10.11904762,0,59.82142857,0,0,0,10.71428571,19.3452381,0,0,0,0,0,0,0,0,0,63.7
4855,8.720930233,0,60.1744186,0,0,0,12.79069767,18.31395349,0,0,0,0,0,0,0,0,0,61.90857143
4856,18.86792453,0,56.28930818,0,0,0,5.660377358,19.18238994,0,0,0,0,0,0,0,0,0,72.64666667
4857,11.76470588,0,58.82352941,0,0,0,11.76470588,17.64705882,0,0,0,0,0,0,0,0,0,54.1575
4858,14.28571429,0,57.14285714,0,0,0,14.28571429,14.28571429,0,0,0,0,0,0,0,0,0,75.6375
4859,7.647058824,0,60.88235294,0,0,0,11.76470588,19.70588235,0,0,0,0,0,0,0,0,0,78.224
4860,5.988023952,2.694610778,59.58083832,0,4.790419162,0,7.48502994,19.46107784,0,0,0,0,0,0,0,0,0,122.3333333
4861,10.77844311,2.694610778,59.58083832,0,0,0,7.48502994,19.46107784,0,0,0,0,0,0,0,0,0,63
4862,18.75,0,56.25,0,0,0,6.25,18.75,0,0,0,0,0,0,0,0,0,66
4863,0,0,56.25,0,18.75,0,6.25,18.75,0,0,0,0,0,0,0,0,0,77
4864,0,0,60.08711283,0,10.69551991,0,0,25.52198562,0,0,3.695381637,0,0,0,0,0,0,74
4865,0,30.23255814,53.48837209,0,16.27906977,0,0,0,0,0,0,0,0,0,0,0,0,74
4866,0,0,60.78431373,0,0,0,0,21.56862745,0,0,0,0,0,0,0,0,17.64705882,75
4867,0,0,61.11,0,11.11333333,0,0,27.77666667,0,0,0,0,0,0,0,0,0,77
4868,16.44736842,0,58.55263158,0,0,0,0,24.34210526,0.657894737,0,0,0,0,0,0,0,0,96
4869,0,0,66.66666667,0,0,0,0,33.33333333,0,0,0,0,0,0,0,0,0,86
4870,1.460823373,0,62.0185923,0,7.70252324,0,0.398406375,25.59760956,0,0,0,0,0,0,2.822045153,0,0,89
4871,0,2.597402597,61.03896104,0,10.38961039,0,0,25.97402597,0,0,0,0,0,0,0,0,0,63.73
4872,0,5.063291139,60.75949367,0,10.12658228,0,0,24.05063291,0,0,0,0,0,0,0,0,0,91.31666667
4873,0,9.638554217,60.24096386,0,9.638554217,0,0,20.48192771,0,0,0,0,0,0,0,0,0,72.915
4874,0,11.76470588,60,0,9.411764706,0,0,18.82352941,0,0,0,0,0,0,0,0,0,82.625
4875,0,13.79310345,59.77011494,0,9.195402299,0,0,17.24137931,0,0,0,0,0,0,0,0,0,75.65
4876,0,23.81145876,60.04926859,0,5.297643234,0,0,10.84162942,0,0,0,0,0,0,0,0,0,80.15
4877,0,23.21652546,61.62746052,0,2.339570481,0,0,12.81644355,0,0,0,0,0,0,0,0,0,71.15
4878,0,23.1102453,61.935765,0,1.75838823,0,0,13.19560147,0,0,0,0,0,0,0,0,0,61.18
4879,0,24.24242424,61.06060606,0,3.131313131,0,0,11.56565657,0,0,0,0,0,0,0,0,0,76.705
4880,0,19.44146079,60.31149302,0,6.229860365,0,0,14.01718582,0,0,0,0,0,0,0,0,0,63.205
4881,0,17.58241758,58.76373626,0,9.945054945,0,0,13.70879121,0,0,0,0,0,0,0,0,0,72.68
4882,0,13.94148021,57.68789443,0,13.31038439,0,0,15.06024096,0,0,0,0,0,0,0,0,0,78.315
4883,0,12.68917346,56.37369034,0,16.35622817,0,0,14.58090803,0,0,0,0,0,0,0,0,0,58.39875
4884,0,12.43432574,62.90134267,0,3.385872738,0,0,21.27845884,0,0,0,0,0,0,0,0,0,62.33
4885,0,8.703590992,61.19902617,0,8.034083993,0,0,22.06329884,0,0,0,0,0,0,0,0,0,76.35
4886,0,9.03577926,64.28138266,0,1.758641601,0,0,24.92419648,0,0,0,0,0,0,0,0,0,96.55
4887,0,6.890130354,56.61080074,0,17.81502173,0,0,18.68404718,0,0,0,0,0,0,0,0,0,77.74
4888,22,0,55.66666667,0,0,0,0,22.33333333,0,0,0,0,0,0,0,0,0,78.1775
4889,0,14.28571429,60,0,8.571428571,0,0,17.14285714,0,0,0,0,0,0,0,0,0,87.8
4890,0,9.090909091,57.57575758,0,15.15151515,0,0,18.18181818,0,0,0,0,0,0,0,0,0,62.875
4891,0,0,60.86956522,0,8.695652174,0,0,26.08695652,0,0,4.347826087,0,0,0,0,0,0,80.445
4892,0,0,56.66666667,0,20,0,0,13.33333333,0,0,0,10,0,0,0,0,0,96.55
4893,0,0,58.33333333,0,16.66666667,0,0,20,0,0,0,5,0,0,0,0,0,79.25
4894,0,39.39393939,59.5959596,0,0,0,0,0,0,1.01010101,0,0,0,0,0,0,0,68.91333333
4895,0,37.88819876,58.59213251,0,0,0,0,0,0,3.519668737,0,0,0,0,0,0,0,62.92
4896,0,36.70886076,57.80590717,0,0,0,0,0,0,5.485232068,0,0,0,0,0,0,0,40.5
4897,0,33.97887324,55.98591549,0,0,0,0,0,0,10.03521127,0,0,0,0,0,0,0,129.5
4898,0,32.37150586,54.91433724,0,0,0,0,0,0,12.7141569,0,0,0,0,0,0,0,106.5
4899,0,30.71593533,53.81062356,0,0,0,0,0,0,15.47344111,0,0,0,0,0,0,0,88.5
4900,0,30.77988002,53.85325335,0,15.36686664,0,0,0,0,0,0,0,0,0,0,0,0,86.5
4901,0,0,65.88235294,0,0,0,0,0,21.17647059,0,12.94117647,0,0,0,0,0,0,74.5
4902,0,0,66.66666667,0,0,0,0,0,22.22222222,0,11.11111111,0,0,0,0,0,0,75.5
4903,0,0,55.23809524,0,17.14285714,0,0,16.2962963,1.834215168,0,9.488536155,0,0,0,0,0,0,86.5
4904,0,0,66.66666667,0,0,0,0,0,22.22222222,0,0,0,0,11.11111111,0,0,0,70.5
4905,0,0,66.66666667,0,0,0,0,0,22.22222222,0,0,0,0,0,0,11.11111111,0,85.5
4906,0,0,66.66666667,0,0,11.11111111,0,0,22.22222222,0,0,0,0,0,0,0,0,136.5
4907,0,0,60,0,20,0,0,0,20,0,0,0,0,0,0,0,0,55.37
4908,20,0,60,0,0,0,0,0,20,0,0,0,0,0,0,0,0,75.74
4909,0,37.78162912,59.44540728,0,0,0,0,0,0,0,0,0,0,0,0,0,2.772963605,39.54333333
4910,0,35.29411765,58.82352941,0,0,0,0,0,0,0,0,0,0,0,0,0,5.882352941,76.73333333
4911,0,34.14634146,58.53658537,0,0,0,0,0,0,0,0,0,0,0,0,0,7.317073171,60.09
4912,0,32.91139241,58.2278481,0,0,0,0,0,0,0,0,0,0,0,0,0,8.860759494,39.29
4913,0,31.57894737,57.89473684,0,0,0,0,0,0,0,0,0,0,0,0,0,10.52631579,71.6
4914,0,31.01604278,57.7540107,0,0,0,0,0,0,0,0,0,0,0,0,0,11.22994652,58.56666667
4915,0,30.43478261,57.60869565,0,0,0,0,0,0,0,0,0,0,0,0,0,11.95652174,66.105
4916,0,30.1369863,57.53424658,0,0,0,0,0,0,0,0,0,0,0,0,0,12.32876712,74.815
4917,0,29.83425414,57.45856354,0,0,0,0,0,0,0,0,0,0,0,0,0,12.70718232,112
4918,0,29.21348315,57.30337079,0,0,0,0,0,0,0,0,0,0,0,0,0,13.48314607,77.2
4919,0,28.57142857,57.14285714,0,0,0,0,0,0,0,0,0,0,0,0,0,14.28571429,69.4
4920,0,26.86567164,56.71641791,0,0,0,0,0,0,0,0,0,0,0,0,0,16.41791045,34.29
4921,0,25,56.25,0,0,0,0,0,0,0,0,0,0,0,0,0,18.75,69.65
4922,0,22.95081967,55.73770492,0,0,0,0,0,0,0,0,0,0,0,0,0,21.31147541,68.65
4923,0,20.68965517,55.17241379,0,0,0,0,0,0,0,0,0,0,0,0,0,24.13793103,56.975
4924,0,0,58.92857143,0,10.71428571,0,0,23.21428571,0,0,7.142857143,0,0,0,0,0,0,52.43333333
4925,0,0,55.56666667,0,22.2,0,0,22.23333333,0,0,0,0,0,0,0,0,0,93.2
4926,0,0,55.66666667,0,22,0,0,22.33333333,0,0,0,0,0,0,0,0,0,71.8
4927,10.66666667,0,61.33333333,0,0,0,0,28,0,0,0,0,0,0,0,0,0,71
4928,26.66666667,0,53.33333333,0,0,0,0,20,0,0,0,0,0,0,0,0,0,85.3
4929,0,0,71.42857143,0,0,0,0,0,28.57142857,0,0,0,0,0,0,0,0,77.71
4930,0,0,60.25641026,0,0,0,15.38461538,12.82051282,0,0,11.53846154,0,0,0,0,0,0,72.77
4932,0,32.18390805,55.17241379,0,11.49425287,1.149425287,0,0,0,0,0,0,0,0,0,0,0,84.3
4933,0,7.085573821,64.13888462,0,2.445844216,0,0.743585804,25.58611154,0,0,0,0,0,0,0,0,0,50.5
4934,0,0,66.66666667,0,0,0,0,31.54666667,0,0,0,1.786666667,0,0,0,0,0,110.8
4935,0,0,56.05494844,0,0,2.421979377,19.37583502,2.421979377,0,0,19.72525778,0,0,0,0,0,0,100.7
4936,0,0,55.62913907,0,0,2.98013245,22.51655629,0,0,0,16.55629139,0,0,0,0,2.317880795,0,108
4937,0,0,59.18367347,0,0,0,0,18.36734694,0,0,0,0,0,0,0,0,22.44897959,70.38666667
4938,0,37.23849372,58.15899582,0,4.60251046,0,0,0,0,0,0,0,0,0,0,0,0,82.612
4939,0,35.6223176,57.08154506,0,7.296137339,0,0,0,0,0,0,0,0,0,0,0,0,83.9
4940,0,0,55.66666667,0,0,0,0,22.33333333,0,22,0,0,0,0,0,0,0,72.9
4941,0,30.87557604,53.91705069,0,15.20737327,0,0,0,0,0,0,0,0,0,0,0,0,66.9
4942,0,0,65.88235294,0,0,12.94117647,0,0,21.17647059,0,0,0,0,0,0,0,0,61.51666667
4943,0,0,56.66666667,0,0,0,0,23.33333333,0,20,0,0,0,0,0,0,0,48.195
4944,0,0,61.33333333,0,10.66666667,0,0,28,0,0,0,0,0,0,0,0,0,60.185
4945,0,0,61.53846154,0,0,0,0,23.07692308,0,0,0,0,0,0,0,0,15.38461538,50.1725
4946,0,0,56.52173913,0,0,0,0,13.04347826,0,0,0,0,0,0,0,0,30.43478261,67.965
4947,0,7.624091637,60.50314078,0,9.785687893,0,0,22.08707969,0,0,0,0,0,0,0,0,0,52.97
4948,19.06666667,0,57.13333333,0,0,0,0,23.8,0,0,0,0,0,0,0,0,0,74.94666667
4949,0,2.804655729,62.28859907,0,0,0,9.580703969,6.501191979,6.944327584,0,10.41368672,1.466834946,0,0,0,0,0,76.48
4950,0,2.938811722,61.88693892,0,0,0,9.969780144,4.971027752,7.868252516,0,11.81901356,0.546175386,0,0,0,0,0,68.9
4951,0,2.949083955,61.87255744,0,0,0,9.994733779,5.09437623,7.882701849,0,11.85176973,0,0,0,0.354777017,0,0,96
4952,0,2.89710012,61.95123307,0,0,0,9.847916145,4.999026886,7.751550032,0,11.64956766,0.547724303,0,0,0.355881781,0,0,176
4953,1.24098232,0,61.08847606,0,0,13.9573132,1.831570291,19.91178559,0,0,0,0,0,0,1.969872538,0,0,159
4954,0,0,55.9,0,21.53333333,0,0,22.56666667,0,0,0,0,0,0,0,0,0,87.3
4955,0,0,58.53333333,0,16.26666667,0,0,25.2,0,0,0,0,0,0,0,0,0,87
4956,0,0,61.73333333,0,9.866666667,0,0,28.4,0,0,0,0,0,0,0,0,0,87
4957,0,0,62.46666667,0,8.4,0,0,29.13333333,0,0,0,0,0,0,0,0,0,87
4958,0,0,62.33333333,0,0,0,0,29,0,8.666666667,0,0,0,0,0,0,0,87
4959,0,0,58,0,17.33333333,0,0,24.66666667,0,0,0,0,0,0,0,0,0,85
4960,0,0,61,0,11.33333333,0,0,27.66666667,0,0,0,0,0,0,0,0,0,90
4961,0,0,62.33333333,0,8.666666667,0,0,29,0,0,0,0,0,0,0,0,0,82.85
4962,0,13.92172616,62.03087341,0,4.631011133,0,0,19.4163893,0,0,0,0,0,0,0,0,0,71.7
4963,15.04098621,1.639448434,57.77149393,0,0,0,1.785600813,21.31600686,0.629090678,1.81737307,0,0,0,0,0,0,0,50.1
4964,0,0,66.66666667,0,0,0,0,31.66666667,0,0,0,1.666666667,0,0,0,0,0,86.6
4965,0,0,66.66666667,0,0,0,0,30.66666667,0,0,0,2.666666667,0,0,0,0,0,84.1
4966,0,13.91304348,62.6115655,0,3.472521165,0,0,20.00286985,0,0,0,0,0,0,0,0,0,41.726
4967,0,0,56.66666667,0,0,0,20,3.333333333,0,0,20,0,0,0,0,0,0,80.219
4968,11.11111111,31.11111111,55.55555556,0,0,0,2.222222222,0,0,0,0,0,0,0,0,0,0,79.48
4969,19.04761905,19.04761905,52.38095238,0,0,0,9.523809524,0,0,0,0,0,0,0,0,0,0,87.12
4970,21.95121951,24.3902439,51.2195122,0,0,0,2.43902439,0,0,0,0,0,0,0,0,0,0,61.86
4971,0,0,62.27534982,0,0,6.923536044,9.138537038,17.08999271,0,0,1.681145965,2.891438424,0,0,0,0,0,78.15
4972,0,0,59.64912281,0,10.52631579,0,0,24.56140351,0,0,0,0,0,0,0,5.263157895,0,89.35
4973,0,0,62.70223141,0,0,5.066683889,10.01065651,20.39913456,0,0,1.821293635,0,0,0,0,0,0,89.85
4974,0,0,61.85584093,0,0,7.605633803,10.01491301,18.70422535,0,0,1.81938691,0,0,0,0,0,0,67.75
4975,0,0,61.34843918,0,0,10.13061705,8.010255344,18.69175068,0,0,1.81893774,0,0,0,0,0,0,69.155
4976,0,0,61.51698162,0,0,7.610883824,12.03324891,17.01733879,0,0,1.821546854,0,0,0,0,0,0,82.49
4977,0,0,62.36402732,0,0,5.072097141,12.02883886,18.71363521,0,0,1.821401467,0,0,0,0,0,0,81.575
4979,23.93333333,0,54.7,0,0,0,0,21.36666667,0,0,0,0,0,0,0,0,0,80.685
4980,27.53333333,0,52.9,0,0,0,0,19.56666667,0,0,0,0,0,0,0,0,0,80.685
4981,0,0,55.7,0,21.93333333,0,0,22.36666667,0,0,0,0,0,0,0,0,0,79.1
4982,0,0,56.85,0,19.63333333,0,0,23.51666667,0,0,0,0,0,0,0,0,0,57.54
4983,0,0,60.13333333,0,13.06666667,0,0,26.8,0,0,0,0,0,0,0,0,0,79.2
4984,0,0,57.7,0,0,0,0,24.36666667,0,17.93333333,0,0,0,0,0,0,0,71.2
4985,0,0,59.53333333,0,0,0,0,26.2,0,14.26666667,0,0,0,0,0,0,0,74.675
4986,0,0,61.1,0,0,0,0,27.76666667,0,11.13333333,0,0,0,0,0,0,0,78.11
4987,0,2.812246882,66.19795885,0,0,0,0,30.98979427,0,0,0,0,0,0,0,0,0,77.815
4988,8.617234469,2.004008016,60.52104208,0,8.617234469,0,0.801603206,0,18.83767535,0,0.601202405,0,0,0,0,0,0,76.23
4989,8.43373494,2.008032129,60.64257028,0,8.43373494,0,0.803212851,0,18.87550201,0,0.803212851,0,0,0,0,0,0,65.43
4990,20.34007471,0,55.93198506,0,0,0,3.387865516,20.34007471,0,0,0,0,0,0,0,0,0,75.735
4991,0,0,62.06896552,0,0,0,6.896551724,20.68965517,0,0,10.34482759,0,0,0,0,0,0,75.635
4992,0,0,60,0,0,0,40,0,0,0,0,0,0,0,0,0,0,75.04
4993,0,6.425452277,62.75733001,0,5.676855895,0,0,25.14036182,0,0,0,0,0,0,0,0,0,75.44
4994,0,14.4324016,57.01654307,0,14.48944666,0,0,14.06160867,0,0,0,0,0,0,0,0,0,74.35
4995,0,0,61.53846154,0,0,0,15.38461538,15.38461538,0,0,7.692307692,0,0,0,0,0,0,74.35
4996,6.818181818,31.81818182,54.54545455,0,6.818181818,0,0,0,0,0,0,0,0,0,0,0,0,80.75
4997,13.63636364,31.81818182,54.54545455,0,0,0,0,0,0,0,0,0,0,0,0,0,0,86.75
4998,0,31.81818182,54.54545455,0,13.63636364,0,0,0,0,0,0,0,0,0,0,0,0,66.25
4999,0,0,65,0,0,0,0,0,20,0,0,0,0,0,0,0,15,73.16
5000,20,0,56.66666667,0,0,0,0,17.66666667,0,0,0,1.333333333,0,0,4.333333333,0,0,71.675
5001,0,0,66.66666667,0,0,0,0,31.43333333,0,0,0,1.9,0,0,0,0,0,71.38
5002,6.382978723,36.17021277,57.44680851,0,0,0,0,0,0,0,0,0,0,0,0,0,0,70.185
5003,0,0,66.66666667,0,0,0,0,0,22.22222222,0,0,0,0,0,0,0,11.11111111,70.19
5004,0,0,66.66666667,0,0,0,3.523394582,0,21.04775736,0,8.76218139,0,0,0,0,0,0,70.29
5005,8.695652174,34.7826087,56.52173913,0,0,0,0,0,0,0,0,0,0,0,0,0,0,69.795
5006,0,2.730116599,62.41349891,0,0,6.098524347,9.252061807,18.83590862,0,0,0.669889721,0,0,0,0,0,0,69.3
5010,0,0,66.66666667,0,0,5.555555556,0,0,22.22222222,0,5.555555556,0,0,0,0,0,0,77
5012,0,0,60,0,11.03448276,0,0,25.51724138,0,0,3.448275862,0,0,0,0,0,0,68.35
5013,0,0,60.5275763,0,10.52415492,0,0,26.31723005,0,0,0,0,0,0,0,0,2.63103873,68.11
5014,0,0,59.99860013,0,10.00209981,0,0,24.99825016,0,0,0,0,0,0,0,0,5.001049906,68.31
5015,0,0,59.525,0,9.521428571,0,0,23.81071429,0,0,0,0,0,0,0,0,7.142857143,67.615
5016,0,0,59.09090909,0,9.090909091,0,0,22.72727273,0,0,0,0,0,0,0,0,9.090909091,67.915
5017,0,0,58.69677705,0,8.693081017,0,0,21.74009462,0,0,0,0,0,0,0,0,10.87004731,67.42
5018,0,0,58.33427082,0,8.332395845,0,0,20.83473957,0,0,0,0,0,0,0,0,12.49859377,66.725
5019,0,0,60.5275763,0,10.52415492,0,0,26.31723005,0,0,0,0,0,0,0,2.63103873,0,66.13
5020,0,0,59.99860013,0,10.00209981,0,0,24.99825016,0,0,0,0,0,0,0,5.001049906,0,66.33
5021,0,0,59.525,0,9.521428571,0,0,23.81071429,0,0,0,0,0,0,0,7.142857143,0,65.33
5022,0,0,59.09090909,0,9.090909091,0,0,22.72727273,0,0,0,0,0,0,0,9.090909091,0,65.24
5023,0,0,58.69677705,0,8.693081017,0,0,21.74009462,0,0,0,0,0,0,0,10.87004731,0,65.34
5024,0,0,58.33427082,0,8.332395845,0,0,20.83473957,0,0,0,0,0,0,0,12.49859377,0,64.35
5025,0,0,60.5275763,0,10.52415492,0,0,26.31723005,0,0,0,0,0,2.63103873,0,0,0,64.45
5026,0,0,59.99860013,0,10.00209981,0,0,24.99825016,0,0,0,0,0,5.001049906,0,0,0,64.35
5027,0,0,59.525,0,9.521428571,0,0,23.81071429,0,0,0,0,0,7.142857143,0,0,0,78.55
5028,0,0,59.09090909,0,9.090909091,0,0,22.72727273,0,0,0,0,0,9.090909091,0,0,0,88.65
5029,0,0,58.69677705,0,8.693081017,0,0,21.74009462,0,0,0,0,0,10.87004731,0,0,0,91.65
5030,0,0,58.33427082,0,8.332395845,0,0,20.83473957,0,0,0,0,0,12.49859377,0,0,0,63.36
5031,0,0,60.5275763,0,10.52415492,0,0,26.31723005,0,0,2.63103873,0,0,0,0,0,0,42.29
5032,0,0,59.99860013,0,10.00209981,0,0,24.99825016,0,0,5.001049906,0,0,0,0,0,0,63.16
5033,0,0,59.525,0,9.521428571,0,0,23.81071429,0,0,7.142857143,0,0,0,0,0,0,62.865
5034,0,0,59.09090909,0,9.090909091,0,0,22.72727273,0,0,9.090909091,0,0,0,0,0,0,63.075
5035,0,0,58.69677705,0,8.693081017,0,0,21.74009462,0,0,10.87004731,0,0,0,0,0,0,62.725
5036,0,0,58.33427082,0,8.332395845,0,0,20.83473957,0,0,12.49859377,0,0,0,0,0,0,62.47
5037,0,0,64.73228599,0,0,2.596986214,6.412311638,25.68130811,0,0,0,0.577108047,0,0,0,0,0,61.675
5038,0,0,64.44444444,0,0,2.857142857,7.619047619,24.76190476,0,0,0,0.317460317,0,0,0,0,0,59.12
5039,0,0,64.8,0,0,2.4,6.4,25.92,0,0,0,0.48,0,0,0,0,0,61.48
5041,0,0,63.52161565,0,0,4.5124645,9.845377091,21.64720732,0,0,0,0.473335437,0,0,0,0,0,60.985
5042,0,0,64.82492772,0,0,2.473498233,6.103437199,25.53806617,0,0,0,0.481850305,0,0,0.578220366,0,0,60.885
5043,0,0,63.40222576,0,0,4.92845787,9.72972973,21.46263911,0,0,0,0.476947536,0,0,0,0,0,77.876
5044,0,0,56.63333333,0,20.06666667,0,0,23.3,0,0,0,0,0,0,0,0,0,60.49
5045,0,0,61.01694915,0,10.16949153,0,0,27.11864407,0,0,1.694915254,0,0,0,0,0,0,59.795
5046,0,0,60.34482759,0,10.34482759,0,0,25.86206897,0,0,3.448275862,0,0,0,0,0,0,59.695
5047,0,0,61.01694915,0,0,5.084745763,10.16949153,16.94915254,0,0,6.779661017,0,0,0,0,0,0,59.695
5048,0,0,61.26760563,0,7.042253521,0,0,26.05633803,0,0,5.633802817,0,0,0,0,0,0,59.5
5049,0,0,61.53846154,0,0,0,15.38461538,15.38461538,0,0,0,0,0,7.692307692,0,0,0,59.4
5050,0,0,61.01694915,0,0,5.084745763,10.16949153,13.55932203,0,0,6.779661017,3.389830508,0,0,0,0,0,68.6
5051,0,3.897053934,61.94387178,0,2.187936423,0,2.660105074,22.13539935,0,0.864534149,2.420695617,0,0,0,0,0,3.890403671,59.65
5053,12.00152159,0,60.01394789,0,0,0.469156153,3.772269067,21.98059976,0.79883345,0,0,0,0,0,0.963672098,0,0,67.405
5054,10.06432331,0,60.47690209,0,0,1.864726139,3.612500812,23.20511988,0.396335521,0,0,0,0,0,0.380092262,0,0,57.915
5055,7.517259013,0,62.26029149,0,0,0,3.70749169,25.17578624,0.332395807,0,0,0,0,0,0.751086679,0.255689082,0,58.115
5056,0,0,60.36675433,0,1.080808445,0.277407501,6.131786576,18.2080196,0,0,13.93522355,0,0,0,0,0,0,56.43
5057,0,0,61.53846154,0,0,0,0,23.07692308,0,0,0,0,0,0,0,15.38461538,0,56.035
5058,0,0,62.96296296,0,0,0,0,25.92592593,0,0,0,0,0,0,0,11.11111111,0,55.54
5060,0,34.14634146,58.53658537,0,0,0,0,0,0,0,0,0,0,7.317073171,0,0,0,55.44
5061,0,0,67.9245283,0,0,5.660377358,3.773584906,0,22.64150943,0,0,0,0,0,0,0,0,58.9
5062,0,0,67.9245283,0,0,0,3.773584906,0,22.64150943,0,5.660377358,0,0,0,0,0,0,65.65
5063,0,0,67.9245283,0,0,0,3.773584906,0,22.64150943,0,0,0,0,0,0,5.660377358,0,64.45
5064,0,0,63.2034632,0,0,4.514533086,11.75015461,17.71799629,0,0,0,2.813852814,0,0,0,0,0,65.55
5065,0,0,61.20401338,0,8.695652174,1.337792642,1.337792642,26.42140468,0,0.668896321,0.334448161,0,0,0,0,0,0,53.955
5066,12.13999499,0,59.91735537,0,0,0,3.931880791,21.28725269,1.076884548,0.406962184,0,0,0,0,1.239669421,0,0,53.855
5067,11.46820664,0,59.86127676,0,0,0,3.810181407,21.8598958,1.016885318,1.211474484,0,0,0,0,0.772079593,0,0,53.755
5068,0,0,62.90877087,0,0.264033664,0.654583459,18.15231442,17.22544624,0,0.731593278,0.035754559,0,0.027503507,0,0,0,0,53.56
5070,0,0,59.27209705,0,12.13171577,0,0,24.61005199,0,0,3.986135182,0,0,0,0,0,0,68.56666667
5071,0,0,60.06213324,0,10.83879876,0,0,25.54366586,0,0,3.55540214,0,0,0,0,0,0,50.39
5072,0,0,60.84565143,0,9.556548642,0,0,26.46957717,0,0,3.128222757,0,0,0,0,0,0,49.795
5073,0,0,61.62273194,0,8.284833961,0,0,27.38788086,0,0,2.704553235,0,0,0,0,0,0,81.3
5075,0,0,57.79648361,0,16.52297875,0,0,23.85445659,0,0,1.826081054,0,0,0,0,0,0,119.5
5076,0,14.59317884,62.93913341,0,2.590673575,0,0,19.87701418,0,0,0,0,0,0,0,0,0,83
5077,0,0,61.47,0,10.39333333,0,0,28.13666667,0,0,0,0,0,0,0,0,0,115.5
5078,0,0,57.54,0,18.25333333,0,0,24.20666667,0,0,0,0,0,0,0,0,0,89.5
5079,0,0,58.88501742,0,5.632984901,0,12.89198606,14.69221835,0,5.632984901,0,1.974448316,0,0,0.290360046,0,0,84.5
5080,4.166666667,37.5,58.33333333,0,0,0,0,0,0,0,0,0,0,0,0,0,0,83.5
5081,7.317073171,31.70731707,56.09756098,0,0,0,0,0,0,0,0,0,0,0,0,0,4.87804878,87.5
5082,10,30,55,0,0,0,0,0,0,0,0,0,0,0,0,0,5,101.5
5083,0,0,55.17241379,0,0,0,20.68965517,0,0,0,24.13793103,0,0,0,0,0,0,85.5
5084,0,0,57.14285714,0,0,0,28.57142857,0,0,0,14.28571429,0,0,0,0,0,0,137.5
5085,2.575107296,0,63.09012876,0,0.286123033,0.143061516,12.58941345,18.88412017,0.858369099,0.286123033,0,0.572246066,0,0,0.715307582,0,0,64.5
5086,0,0,62.51883097,0,0.468681999,4.847510964,7.485521074,21.50246058,0,0,3.123430752,0,0.053563657,0,0,0,0,73.505
5087,0,0,62.60313463,0,0.463898738,5.702640909,8.005566785,21.40892674,0,0,1.762815203,0,0.053016999,0,0,0,0,72.02
5088,0,0,62.44554756,0,0.47276534,4.119812245,7.044203559,21.57836086,0,0,4.285280113,0,0.054030325,0,0,0,0,77.435
5091,0,0,62.52759751,0,0.508463237,3.432126848,7.432929685,21.34542049,0,0,4.455743627,0.19736402,0.100354586,0,0,0,0,59.545
5092,0,7.878787879,63.93939394,0,2.424242424,0,1.212121212,24.54545455,0,0,0,0,0,0,0,0,0,44.45
5093,0,0,56.37188604,0,0,0,0,12.74377209,0,0,0,0,0,0,0,0,30.88434187,68.555
5094,0,0,61.7473797,0,0,0,0,23.49475939,0,0,0,0,0,0,0,0,14.75786091,75
5095,0,0,62.5698511,0,0.167308014,4.938932575,7.669399364,21.14438682,0,0,3.21566003,0.194077296,0.100384808,0,0,0,0,61.855
5100,0,0,61.56312487,0,2.882162311,0,2.192649797,24.1708612,0,2.847686686,5.181686548,0,0,0,0.72398814,0.437840447,0,66.36
5102,5.508196721,0,59.18032787,0,3.278688525,2.62295082,4.262295082,21.31147541,0,3.016393443,0,0,0,0,0.819672131,0,0,87.65
5103,0,0,62.22222222,0,11.11111111,0,0,0,20,0,6.666666667,0,0,0,0,0,0,60.65
5104,11.11111111,33.33333333,55.55555556,0,0,0,0,0,0,0,0,0,0,0,0,0,0,63.35
5105,7.901234568,0,58.7345679,0,3.395061728,0,7.407407407,19.90740741,0,2.098765432,0,0,0,0,0.555555556,0,0,72.65
5106,7.823343849,0,58.42271293,0,6.876971609,0,5.362776025,20.72555205,0,0,0,0,0,0,0.788643533,0,0,69.65
5108,0,0,61.00070972,0,2.342086586,2.306600426,0.283889283,23.2079489,0,4.400283889,4.43577005,0,0,0,2.022711143,0,0,80.385
5110,0,0,62.32269504,0,0,4.889525368,7.030823786,20.93562466,0,0,4.562193126,0.129569013,0.129569013,0,0,0,0,84.55
5111,0,0,60.71428571,0,9.090909091,1.948051948,4.545454545,23.7012987,0,0,0,0,0,0,0,0,0,68.26666667
5112,0,0,60.97400461,0,9.016123725,1.941428101,3.224744982,24.84369859,0,0,0,0,0,0,0,0,0,92.8
5113,0,0,60.77795786,0,9.076175041,1.782820097,4.53808752,23.66288493,0,0,0,0,0,0,0.162074554,0,0,88.3
5114,0,0,60.92715232,0,7.947019868,3.311258278,3.973509934,23.8410596,0,0,0,0,0,0,0,0,0,67.3
5115,0,0,61.18421053,0,7.236842105,3.289473684,4.605263158,23.68421053,0,0,0,0,0,0,0,0,0,67.5
5116,0,0,61.85851661,0,4.563775429,3.138785744,8.245263258,21.71760449,0,0,0.31736964,0,0,0,0.15868482,0,0,85.5
5118,0,0,59.49367089,0,10.12658228,2.53164557,7.594936709,20.25316456,0,0,0,0,0,0,0,0,0,56.22
5119,0,0,59.375,0,10,2.5,8.75,19.375,0,0,0,0,0,0,0,0,0,72.385
5120,0,0,60,0,8.75,2.5,8.75,20,0,0,0,0,0,0,0,0,0,86.75
5122,0,0,59.11949686,0,10.06289308,3.144654088,8.805031447,18.86792453,0,0,0,0,0,0,0,0,0,67.76
5123,0,0,59.74842767,0,8.805031447,3.144654088,8.805031447,19.49685535,0,0,0,0,0,0,0,0,0,65.15666667
5124,0,0,58.97435897,0,10.25641026,3.846153846,7.692307692,19.23076923,0,0,0,0,0,0,0,0,0,78.82666667
5126,0,0,59.49367089,0,8.860759494,3.797468354,8.860759494,18.98734177,0,0,0,0,0,0,0,0,0,65.1
5129,0,0,58.75,0,11.25,2.5,8.75,18.75,0,0,0,0,0,0,0,0,0,66.455
5131,0,0,60.12658228,0,8.860759494,2.53164557,7.594936709,20.88607595,0,0,0,0,0,0,0,0,0,82.8
5132,0,0,60,0,9.677419355,2.580645161,5.806451613,21.93548387,0,0,0,0,0,0,0,0,0,68.8
5133,0,0,60.25641026,0,8.974358974,2.564102564,6.41025641,21.79487179,0,0,0,0,0,0,0,0,0,83.2
5134,0,0,60.38961039,0,8.441558442,3.246753247,5.844155844,22.07792208,0,0,0,0,0,0,0,0,0,76.8
5135,0,0,60.64516129,0,7.741935484,3.225806452,6.451612903,21.93548387,0,0,0,0,0,0,0,0,0,85.2
5137,0.652528548,0,60.03262643,0,6.851549755,5.057096248,7.177814029,19.90212072,0,0,0,0,0,0,0.326264274,0,0,76.27333333
5139,0.677966102,0,61.01694915,0,5.423728814,4.745762712,4.06779661,22.03389831,0,0,1.016949153,0,0,0,1.016949153,0,0,67.81
5141,0,0.83925113,63.10522918,0,0,2.905100065,8.392511298,21.59457715,0,0,1.710781149,0,0,1.452550032,0,0,0,80.75
5142,0,0,60.64724919,0,9.126213592,1.941747573,4.854368932,23.43042071,0,0,0,0,0,0,0,0,0,65.15
5143,0,5.834683955,58.67098865,0,3.889789303,11.18314425,8.103727715,12.31766613,0,0,0,0,0,0,0,0,0,85.05
5144,0,0,62.5,0,0,6.25,12.5,18.75,0,0,0,0,0,0,0,0,0,63.15
5145,3.922330097,0,61.84789644,0,0,4.74433657,7.656957929,21.82847896,0,0,0,0,0,0,0,0,0,57.85
5146,0,0,63.38905383,0,0,5.49244869,8.680779657,22.43771783,0,0,0,0,0,0,0,0,0,99.35
5147,2.637277399,0,62.46727643,0,0,4.74774571,7.789017808,22.35868265,0,0,0,0,0,0,0,0,0,83.15
5148,0,0,60.84238236,0,8.423823626,2.796972688,4.080289569,23.85653175,0,0,0,0,0,0,0,0,0,82.85
5149,0,0,63.10143043,0,0,3.185955787,8.77763329,21.81404421,0,0,1.723016905,0,0,1.397919376,0,0,0,91.15
5150,0,0,63.01145663,0,0,4.157119476,8.510638298,21.76759411,0,0,1.538461538,0,0,1.014729951,0,0,0,78.85
5151,0,0,60.03026373,0,9.239701068,1.581125317,8.937063801,20.21184609,0,0,0,0,0,0,0,0,0,59.20666667
5152,0,2.950374698,60.40302118,0,8.697704608,0,8.538384375,19.41051514,0,0,0,0,0,0,0,0,0,60.69
5153,0,0,61.49362582,0,8.539106466,0,8.234753646,18.91868611,2.813827955,0,0,0,0,0,0,0,0,59.105
5154,0,0.834938985,63.29479769,0,0,3.532434168,8.349389852,21.99743096,0,0,1.348747592,0,0,0.642260758,0,0,0,61.995
5156,0,0.840607824,63.17491109,0,0,2.651147753,8.14742968,21.85580343,0,0,2.715809893,0,0,0.614290333,0,0,0,69.9
5158,0,0.83925113,63.13750807,0,0,2.872821175,8.327953518,21.36862492,0,0,1.67850226,0,0,1.452550032,0.322788896,0,0,83.1
5159,0,0.328947368,60.85526316,0,6.907894737,2.960526316,3.947368421,23.68421053,0,1.315789474,0,0,0,0,0,0,0,54.6
5160,0,0,63.25671738,0,0,2.460343153,8.740692781,22.14308838,0,0,2.298478472,0,0,1.100679832,0,0,0,70.9
5161,0,0,56.37715729,0,15.89027641,0,0,18.88943454,1.206678827,0,7.636452925,0,0,0,0,0,0,72.9
5162,0,8.628205128,55.82692308,0,14.51923077,0,0,12.94551282,1.102564103,0,6.977564103,0,0,0,0,0,0,70.1
5163,0,15.88931174,55.36478154,0,13.36401451,0,0,7.944655869,1.014839071,0,6.422397262,0,0,0,0,0,0,64.1
5164,0,22.07948396,54.96911387,0,12.38178538,0,0,3.679002897,0.940250369,0,5.950363527,0,0,0,0,0,0,80.1
5165,0,27.41992973,54.62854524,0,11.53317379,0,0,0,0.875808341,0,5.542542899,0,0,0,0,0,0,133.1
5166,4.232804233,0,55.20282187,0,12.98059965,0,0,16.26102293,1.834215168,0,9.488536155,0,0,0,0,0,0,111.09
5168,0,1.569707842,63.11186571,0,0.012813942,2.710148642,8.124038954,21.38326499,0,0,1.646591492,0,0,1.441568426,0,0,0,92.085
5169,0,0.93610746,63.1295483,0,0.032058475,2.888468567,8.655788158,21.47917802,0,0,2.878851024,0,0,0,0,0,0,67.065
5170,0,0.776447752,63.1187318,0,0,2.944031058,8.28210935,21.70818505,0,0,1.747007441,0,0,1.423487544,0,0,0,73.15
5172,0,0,62.84612688,0,0,0,4.206098843,23.58920435,0,0,1.647388714,0,0,3.154574132,0,4.55660708,0,77.55
5173,0,0,62.79396279,0,0,0,4.212004212,23.48192348,0,0,1.684801685,0,0,3.159003159,0,4.668304668,0,86.25
5174,0,0,63.44827586,0,0,0,4.137931034,24.82758621,0,0,1.034482759,0,0,3.103448276,0,3.448275862,0,85.05
5175,0,0,63.06620209,0,0,0,4.181184669,24.04181185,0,0,1.428571429,0,0,3.135888502,0,4.146341463,0,73.05
5176,0,0,62.71186441,0,0,0,6.779661017,22.03389831,0,0,0.677966102,0,0,5.084745763,0,2.711864407,0,90.95
5177,0,0,62.67605634,0,0,1.056338028,4.225352113,23.23943662,0,0,1.76056338,0,0,3.169014085,0,3.873239437,0,84.05
5179,2.572220024,0,61.7761509,0,0,4.953172405,7.921118586,20.71296663,0,0,1.899485556,0,0,0,0.164885899,0,0,84.14
5180,0,0.771208226,63.11053985,0,0,1.992287918,8.740359897,21.46529563,0,0,2.988431877,0,0,0.931876607,0,0,0,84.14
5181,0.677966102,0,61.01694915,0,5.423728814,4.06779661,4.06779661,22.03389831,0,0,1.694915254,0,0,0,1.016949153,0,0,57.86
5182,0,9.638554217,62.04819277,0,6.024096386,0,0,22.28915663,0,0,0,0,0,0,0,0,0,70.755
5183,0,12.05591147,63.30809552,0,2.504368084,0,0.582411182,21.54921374,0,0,0,0,0,0,0,0,0,89.39
5184,0,0,62.26650062,0,0,6.600249066,13.20049813,16.15815691,0,0,0,0,0,0,1.774595268,0,0,87.6655
5185,0,2.299377661,61.85391418,0,2.587618736,6.459220439,5.895840157,19.60039306,0,0,0,1.303635768,0,0,0,0,0,87.9415
5187,0,8.150143898,57.4918866,0,15.63284551,0,0,18.725124,0,0,0,0,0,0,0,0,0,41.875
5188,0,0,63.33333333,0,6.666666667,0,0,28.66666667,0,0,0,1.333333333,0,0,0,0,0,86.275
5189,0,0,63.33333333,0,6.666666667,0,0,27.66666667,0,0,0,2.333333333,0,0,0,0,0,66.175
5190,0,0,63.33333333,0,6.666666667,0,0,26.66666667,0,0,0,3.333333333,0,0,0,0,0,77.175
5191,0,0,61.66666667,0,10,0,0,27,0,0,0,1.333333333,0,0,0,0,0,56.68
5193,0,0,61.66666667,0,10,0,0,25,0,0,0,3.333333333,0,0,0,0,0,50.88
5194,0,0,60,0,13.33333333,0,0,25.33333333,0,0,0,1.333333333,0,0,0,0,0,81.58
5195,0,0,60,0,13.33333333,0,0,24.33333333,0,0,0,2.333333333,0,0,0,0,0,64.815
5196,0,0,60,0,13.33333333,0,0,23.33333333,0,0,0,3.333333333,0,0,0,0,0,54.415
5197,0,0,58.33333333,0,16.66666667,0,0,23.66666667,0,0,0,1.333333333,0,0,0,0,0,78.415
5198,0,0,58.33333333,0,16.66666667,0,0,22.66666667,0,0,0,2.333333333,0,0,0,0,0,76.455
5199,0,0,58.33333333,0,16.66666667,0,0,21.66666667,0,0,0,3.333333333,0,0,0,0,0,54.985
5200,0,0,60.51886141,0,9.0299848,1.64432776,0.81525494,25.13126986,0,0,2.832665469,0,0.027635761,0,0,0,0,66.915
5201,0,0,62.72020563,0,0,5.86797066,11.86759451,17.13999122,0,0,0.037615197,1.651934048,0,0,0.714688734,0,0,80.715
5204,0,0,58.29004329,0,4.321789322,2.770562771,0,19.7041847,1.255411255,5.692640693,7.965367965,0,0,0,0,0,0,81.885
5205,0,0,63.08130339,0,0,0,10.56627649,20.87946852,0,0,5.472951598,0,0,0,0,0,0,56.785
5206,0,0,61.89350585,0,0,0,14.00845982,16.78278179,0,0,7.31525255,0,0,0,0,0,0,60.28666667
5207,17.8897597,0,57.0568042,0,0,0,1.185309929,21.41006542,0.82906924,1.211218343,0,0,0,0,0.417773172,0,0,70.11
5208,0,8.625730994,65.22904483,0,0,0,0,26.14522417,0,0,0,0,0,0,0,0,0,56.51
5209,0,0,59.18367347,0,0,0,0,18.36734694,0,0,22.44897959,0,0,0,0,0,0,60.99
5210,0,0,60.78431373,0,0,0,0,21.56862745,0,0,17.64705882,0,0,0,0,0,0,55.91
5211,0,0,58.40707965,0,12.38938053,0,0,23.00884956,0,0,6.194690265,0,0,0,0,0,0,48.01
5213,0,0,57.39130435,0,15.65217391,0,0,22.60869565,0,0,4.347826087,0,0,0,0,0,0,67.41
5214,0,0,55.85585586,0,16.21621622,0,0,19.81981982,0,0,8.108108108,0,0,0,0,0,0,64.69
5215,0,0,56.88073394,0,12.8440367,0,0,20.18348624,0,0,10.09174312,0,0,0,0,0,0,62.36
5216,0,0,59.32837055,0,10.42183623,4.006617039,4.751033912,21.49214227,0,0,0,0,0,0,0,0,0,59.11
5217,6.08974359,0,60.25641026,0,2.884615385,1.923076923,5.769230769,22.1025641,0,0.641025641,0,0.012820513,0,0,0.320512821,0,0,79.81
5218,0,10.0179964,60.19796041,0,9.598080384,0,0,20.18596281,0,0,0,0,0,0,0,0,0,82.41
5220,0,2.488151659,59.89336493,0,7.819905213,0,9.004739336,18.77962085,0,1.658767773,0.355450237,0,0,0,0,0,0,63.475
5221,0,0,60.35387771,0,8.843466472,2.249104877,0.764765182,24.79924914,0,0.132095804,2.829631175,0,0.027809643,0,0,0,0,61.325
5222,11.11111111,24.44444444,55.55555556,0,0,0,8.888888889,0,0,0,0,0,0,0,0,0,0,56.705
5223,0,6.367041199,60.83021223,0,6.367041199,0,0,23.25218477,0,3.183520599,0,0,0,0,0,0,0,44.595
5224,0,6.826568266,64.23739237,0,2.029520295,0,0.922509225,25.73800738,0,0.24600246,0,0,0,0,0,0,0,65.36185
5225,22.22,0,55.55666667,0,0,0,0,22.22333333,0,0,0,0,0,0,0,0,0,65.6483
5226,0,0,60.00109631,0,7.405580223,0,17.77668147,14.816642,0,0,0,0,0,0,0,0,0,73.62995
